qa_id,cve_id,question_type,question_ko,gold_description,gold_severity,gold_cvss_score,gold_attack_vector,gold_attack_complexity,gold_privileges_required,gold_user_interaction,gold_cwe_ids,gold_affected_products,gold_references,is_kev,gold_evidence_source,stress_type,expected_answerable
CVE-2017-9264-HELDOUT-Q1,CVE-2017-9264,vulnerability_summary,CVE-2017-9264는 어떤 취약점인가?,"In lib/conntrack.c in the firewall implementation in Open vSwitch (OvS) 2.6.1, there is a buffer over-read while parsing malformed TCP, UDP, and IPv6 packets in the functions `extract_l3_ipv6`, `extract_l4_tcp`, and `extract_l4_udp` that can be triggered remotely.",CRITICAL,9.8,NETWORK,LOW,NONE,NONE,"[""CWE-125""]","[{""vendor"": ""openvswitch"", ""product"": ""openvswitch"", ""version"": ""2.6.1"", ""criteria"": ""cpe:2.3:a:openvswitch:openvswitch:2.6.1:*:*:*:*:*:*:*"", ""vulnerable"": true}]","[{""url"": ""https://access.redhat.com/errata/RHSA-2017:2418"", ""source"": ""cve@mitre.org"", ""tags"": []}, {""url"": ""https://access.redhat.com/errata/RHSA-2017:2648"", ""source"": ""cve@mitre.org"", ""tags"": []}, {""url"": ""https://access.redhat.com/errata/RHSA-2017:2727"", ""source"": ""cve@mitre.org"", ""tags"": []}, {""url"": ""https://mail.openvswitch.org/pipermail/ovs-dev/2017-March/329323.html"", ""source"": ""cve@mitre.org"", ""tags"": [""Mailing List"", ""Patch"", ""Vendor Advisory""]}, {""url"": ""https://access.redhat.com/errata/RHSA-2017:2418"", ""source"": ""af854a3a-2127-422b-91ae-364da2661108"", ""tags"": []}, {""url"": ""https://access.redhat.com/errata/RHSA-2017:2648"", ""source"": ""af854a3a-2127-422b-91ae-364da2661108"", ""tags"": []}, {""url"": ""https://access.redhat.com/errata/RHSA-2017:2727"", ""source"": ""af854a3a-2127-422b-91ae-364da2661108"", ""tags"": []}, {""url"": ""https://mail.openvswitch.org/pipermail/ovs-dev/2017-March/329323.html"", ""source"": ""af854a3a-2127-422b-91ae-364da2661108"", ""tags"": [""Mailing List"", ""Patch"", ""Vendor Advisory""]}]",False,"[""nvd""]",heldout_real_cve,False
CVE-2017-9264-HELDOUT-Q2,CVE-2017-9264,affected_product,CVE-2017-9264의 영향을 받는 제품이나 버전은 무엇인가?,"In lib/conntrack.c in the firewall implementation in Open vSwitch (OvS) 2.6.1, there is a buffer over-read while parsing malformed TCP, UDP, and IPv6 packets in the functions `extract_l3_ipv6`, `extract_l4_tcp`, and `extract_l4_udp` that can be triggered remotely.",CRITICAL,9.8,NETWORK,LOW,NONE,NONE,"[""CWE-125""]","[{""vendor"": ""openvswitch"", ""product"": ""openvswitch"", ""version"": ""2.6.1"", ""criteria"": ""cpe:2.3:a:openvswitch:openvswitch:2.6.1:*:*:*:*:*:*:*"", ""vulnerable"": true}]","[{""url"": ""https://access.redhat.com/errata/RHSA-2017:2418"", ""source"": ""cve@mitre.org"", ""tags"": []}, {""url"": ""https://access.redhat.com/errata/RHSA-2017:2648"", ""source"": ""cve@mitre.org"", ""tags"": []}, {""url"": ""https://access.redhat.com/errata/RHSA-2017:2727"", ""source"": ""cve@mitre.org"", ""tags"": []}, {""url"": ""https://mail.openvswitch.org/pipermail/ovs-dev/2017-March/329323.html"", ""source"": ""cve@mitre.org"", ""tags"": [""Mailing List"", ""Patch"", ""Vendor Advisory""]}, {""url"": ""https://access.redhat.com/errata/RHSA-2017:2418"", ""source"": ""af854a3a-2127-422b-91ae-364da2661108"", ""tags"": []}, {""url"": ""https://access.redhat.com/errata/RHSA-2017:2648"", ""source"": ""af854a3a-2127-422b-91ae-364da2661108"", ""tags"": []}, {""url"": ""https://access.redhat.com/errata/RHSA-2017:2727"", ""source"": ""af854a3a-2127-422b-91ae-364da2661108"", ""tags"": []}, {""url"": ""https://mail.openvswitch.org/pipermail/ovs-dev/2017-March/329323.html"", ""source"": ""af854a3a-2127-422b-91ae-364da2661108"", ""tags"": [""Mailing List"", ""Patch"", ""Vendor Advisory""]}]",False,"[""nvd""]",heldout_real_cve,False
CVE-2017-9264-HELDOUT-Q3,CVE-2017-9264,attack_condition,CVE-2017-9264는 원격 공격이 가능한가? 인증이나 사용자 상호작용이 필요한가?,"In lib/conntrack.c in the firewall implementation in Open vSwitch (OvS) 2.6.1, there is a buffer over-read while parsing malformed TCP, UDP, and IPv6 packets in the functions `extract_l3_ipv6`, `extract_l4_tcp`, and `extract_l4_udp` that can be triggered remotely.",CRITICAL,9.8,NETWORK,LOW,NONE,NONE,"[""CWE-125""]","[{""vendor"": ""openvswitch"", ""product"": ""openvswitch"", ""version"": ""2.6.1"", ""criteria"": ""cpe:2.3:a:openvswitch:openvswitch:2.6.1:*:*:*:*:*:*:*"", ""vulnerable"": true}]","[{""url"": ""https://access.redhat.com/errata/RHSA-2017:2418"", ""source"": ""cve@mitre.org"", ""tags"": []}, {""url"": ""https://access.redhat.com/errata/RHSA-2017:2648"", ""source"": ""cve@mitre.org"", ""tags"": []}, {""url"": ""https://access.redhat.com/errata/RHSA-2017:2727"", ""source"": ""cve@mitre.org"", ""tags"": []}, {""url"": ""https://mail.openvswitch.org/pipermail/ovs-dev/2017-March/329323.html"", ""source"": ""cve@mitre.org"", ""tags"": [""Mailing List"", ""Patch"", ""Vendor Advisory""]}, {""url"": ""https://access.redhat.com/errata/RHSA-2017:2418"", ""source"": ""af854a3a-2127-422b-91ae-364da2661108"", ""tags"": []}, {""url"": ""https://access.redhat.com/errata/RHSA-2017:2648"", ""source"": ""af854a3a-2127-422b-91ae-364da2661108"", ""tags"": []}, {""url"": ""https://access.redhat.com/errata/RHSA-2017:2727"", ""source"": ""af854a3a-2127-422b-91ae-364da2661108"", ""tags"": []}, {""url"": ""https://mail.openvswitch.org/pipermail/ovs-dev/2017-March/329323.html"", ""source"": ""af854a3a-2127-422b-91ae-364da2661108"", ""tags"": [""Mailing List"", ""Patch"", ""Vendor Advisory""]}]",False,"[""nvd""]",heldout_real_cve,False
CVE-2017-9264-HELDOUT-Q4,CVE-2017-9264,severity_reason,CVE-2017-9264의 위험도가 CRITICAL로 평가되는 이유는 무엇인가?,"In lib/conntrack.c in the firewall implementation in Open vSwitch (OvS) 2.6.1, there is a buffer over-read while parsing malformed TCP, UDP, and IPv6 packets in the functions `extract_l3_ipv6`, `extract_l4_tcp`, and `extract_l4_udp` that can be triggered remotely.",CRITICAL,9.8,NETWORK,LOW,NONE,NONE,"[""CWE-125""]","[{""vendor"": ""openvswitch"", ""product"": ""openvswitch"", ""version"": ""2.6.1"", ""criteria"": ""cpe:2.3:a:openvswitch:openvswitch:2.6.1:*:*:*:*:*:*:*"", ""vulnerable"": true}]","[{""url"": ""https://access.redhat.com/errata/RHSA-2017:2418"", ""source"": ""cve@mitre.org"", ""tags"": []}, {""url"": ""https://access.redhat.com/errata/RHSA-2017:2648"", ""source"": ""cve@mitre.org"", ""tags"": []}, {""url"": ""https://access.redhat.com/errata/RHSA-2017:2727"", ""source"": ""cve@mitre.org"", ""tags"": []}, {""url"": ""https://mail.openvswitch.org/pipermail/ovs-dev/2017-March/329323.html"", ""source"": ""cve@mitre.org"", ""tags"": [""Mailing List"", ""Patch"", ""Vendor Advisory""]}, {""url"": ""https://access.redhat.com/errata/RHSA-2017:2418"", ""source"": ""af854a3a-2127-422b-91ae-364da2661108"", ""tags"": []}, {""url"": ""https://access.redhat.com/errata/RHSA-2017:2648"", ""source"": ""af854a3a-2127-422b-91ae-364da2661108"", ""tags"": []}, {""url"": ""https://access.redhat.com/errata/RHSA-2017:2727"", ""source"": ""af854a3a-2127-422b-91ae-364da2661108"", ""tags"": []}, {""url"": ""https://mail.openvswitch.org/pipermail/ovs-dev/2017-March/329323.html"", ""source"": ""af854a3a-2127-422b-91ae-364da2661108"", ""tags"": [""Mailing List"", ""Patch"", ""Vendor Advisory""]}]",False,"[""nvd""]",heldout_real_cve,False
CVE-2017-9264-HELDOUT-Q5,CVE-2017-9264,mitigation,CVE-2017-9264에 대한 대응 방법이나 완화 방안은 무엇인가?,"In lib/conntrack.c in the firewall implementation in Open vSwitch (OvS) 2.6.1, there is a buffer over-read while parsing malformed TCP, UDP, and IPv6 packets in the functions `extract_l3_ipv6`, `extract_l4_tcp`, and `extract_l4_udp` that can be triggered remotely.",CRITICAL,9.8,NETWORK,LOW,NONE,NONE,"[""CWE-125""]","[{""vendor"": ""openvswitch"", ""product"": ""openvswitch"", ""version"": ""2.6.1"", ""criteria"": ""cpe:2.3:a:openvswitch:openvswitch:2.6.1:*:*:*:*:*:*:*"", ""vulnerable"": true}]","[{""url"": ""https://access.redhat.com/errata/RHSA-2017:2418"", ""source"": ""cve@mitre.org"", ""tags"": []}, {""url"": ""https://access.redhat.com/errata/RHSA-2017:2648"", ""source"": ""cve@mitre.org"", ""tags"": []}, {""url"": ""https://access.redhat.com/errata/RHSA-2017:2727"", ""source"": ""cve@mitre.org"", ""tags"": []}, {""url"": ""https://mail.openvswitch.org/pipermail/ovs-dev/2017-March/329323.html"", ""source"": ""cve@mitre.org"", ""tags"": [""Mailing List"", ""Patch"", ""Vendor Advisory""]}, {""url"": ""https://access.redhat.com/errata/RHSA-2017:2418"", ""source"": ""af854a3a-2127-422b-91ae-364da2661108"", ""tags"": []}, {""url"": ""https://access.redhat.com/errata/RHSA-2017:2648"", ""source"": ""af854a3a-2127-422b-91ae-364da2661108"", ""tags"": []}, {""url"": ""https://access.redhat.com/errata/RHSA-2017:2727"", ""source"": ""af854a3a-2127-422b-91ae-364da2661108"", ""tags"": []}, {""url"": ""https://mail.openvswitch.org/pipermail/ovs-dev/2017-March/329323.html"", ""source"": ""af854a3a-2127-422b-91ae-364da2661108"", ""tags"": [""Mailing List"", ""Patch"", ""Vendor Advisory""]}]",False,"[""nvd""]",heldout_real_cve,False
CVE-2019-18465-HELDOUT-Q1,CVE-2019-18465,vulnerability_summary,CVE-2019-18465는 어떤 취약점인가?,"In Progress MOVEit Transfer 11.1 before 11.1.3, a vulnerability has been found that could allow an attacker to sign in without full credentials via the SSH (SFTP) interface. The vulnerability affects only certain SSH (SFTP) configurations, and is applicable only if the MySQL database is being used.",CRITICAL,9.8,NETWORK,LOW,NONE,NONE,"[""CWE-306""]","[{""vendor"": ""ipswitch"", ""product"": ""moveit_transfer"", ""version"": ""*"", ""criteria"": ""cpe:2.3:a:ipswitch:moveit_transfer:*:*:*:*:*:*:*:*"", ""vulnerable"": true, ""versionStartIncluding"": ""11.1"", ""versionEndExcluding"": ""11.1.3""}]","[{""url"": ""https://community.ipswitch.com/s/article/SFTP-Auth-Vulnerability"", ""source"": ""cve@mitre.org"", ""tags"": [""Third Party Advisory""]}, {""url"": ""https://docs.ipswitch.com/MOVEit/Transfer2019_1/ReleaseNotes/en/index.htm#49443.htm"", ""source"": ""cve@mitre.org"", ""tags"": [""Release Notes"", ""Third Party Advisory""]}, {""url"": ""https://community.ipswitch.com/s/article/SFTP-Auth-Vulnerability"", ""source"": ""af854a3a-2127-422b-91ae-364da2661108"", ""tags"": [""Third Party Advisory""]}, {""url"": ""https://docs.ipswitch.com/MOVEit/Transfer2019_1/ReleaseNotes/en/index.htm#49443.htm"", ""source"": ""af854a3a-2127-422b-91ae-364da2661108"", ""tags"": [""Release Notes"", ""Third Party Advisory""]}]",False,"[""nvd""]",heldout_real_cve,False
CVE-2019-18465-HELDOUT-Q2,CVE-2019-18465,affected_product,CVE-2019-18465의 영향을 받는 제품이나 버전은 무엇인가?,"In Progress MOVEit Transfer 11.1 before 11.1.3, a vulnerability has been found that could allow an attacker to sign in without full credentials via the SSH (SFTP) interface. The vulnerability affects only certain SSH (SFTP) configurations, and is applicable only if the MySQL database is being used.",CRITICAL,9.8,NETWORK,LOW,NONE,NONE,"[""CWE-306""]","[{""vendor"": ""ipswitch"", ""product"": ""moveit_transfer"", ""version"": ""*"", ""criteria"": ""cpe:2.3:a:ipswitch:moveit_transfer:*:*:*:*:*:*:*:*"", ""vulnerable"": true, ""versionStartIncluding"": ""11.1"", ""versionEndExcluding"": ""11.1.3""}]","[{""url"": ""https://community.ipswitch.com/s/article/SFTP-Auth-Vulnerability"", ""source"": ""cve@mitre.org"", ""tags"": [""Third Party Advisory""]}, {""url"": ""https://docs.ipswitch.com/MOVEit/Transfer2019_1/ReleaseNotes/en/index.htm#49443.htm"", ""source"": ""cve@mitre.org"", ""tags"": [""Release Notes"", ""Third Party Advisory""]}, {""url"": ""https://community.ipswitch.com/s/article/SFTP-Auth-Vulnerability"", ""source"": ""af854a3a-2127-422b-91ae-364da2661108"", ""tags"": [""Third Party Advisory""]}, {""url"": ""https://docs.ipswitch.com/MOVEit/Transfer2019_1/ReleaseNotes/en/index.htm#49443.htm"", ""source"": ""af854a3a-2127-422b-91ae-364da2661108"", ""tags"": [""Release Notes"", ""Third Party Advisory""]}]",False,"[""nvd""]",heldout_real_cve,False
CVE-2019-18465-HELDOUT-Q3,CVE-2019-18465,attack_condition,CVE-2019-18465는 원격 공격이 가능한가? 인증이나 사용자 상호작용이 필요한가?,"In Progress MOVEit Transfer 11.1 before 11.1.3, a vulnerability has been found that could allow an attacker to sign in without full credentials via the SSH (SFTP) interface. The vulnerability affects only certain SSH (SFTP) configurations, and is applicable only if the MySQL database is being used.",CRITICAL,9.8,NETWORK,LOW,NONE,NONE,"[""CWE-306""]","[{""vendor"": ""ipswitch"", ""product"": ""moveit_transfer"", ""version"": ""*"", ""criteria"": ""cpe:2.3:a:ipswitch:moveit_transfer:*:*:*:*:*:*:*:*"", ""vulnerable"": true, ""versionStartIncluding"": ""11.1"", ""versionEndExcluding"": ""11.1.3""}]","[{""url"": ""https://community.ipswitch.com/s/article/SFTP-Auth-Vulnerability"", ""source"": ""cve@mitre.org"", ""tags"": [""Third Party Advisory""]}, {""url"": ""https://docs.ipswitch.com/MOVEit/Transfer2019_1/ReleaseNotes/en/index.htm#49443.htm"", ""source"": ""cve@mitre.org"", ""tags"": [""Release Notes"", ""Third Party Advisory""]}, {""url"": ""https://community.ipswitch.com/s/article/SFTP-Auth-Vulnerability"", ""source"": ""af854a3a-2127-422b-91ae-364da2661108"", ""tags"": [""Third Party Advisory""]}, {""url"": ""https://docs.ipswitch.com/MOVEit/Transfer2019_1/ReleaseNotes/en/index.htm#49443.htm"", ""source"": ""af854a3a-2127-422b-91ae-364da2661108"", ""tags"": [""Release Notes"", ""Third Party Advisory""]}]",False,"[""nvd""]",heldout_real_cve,False
CVE-2019-18465-HELDOUT-Q4,CVE-2019-18465,severity_reason,CVE-2019-18465의 위험도가 CRITICAL로 평가되는 이유는 무엇인가?,"In Progress MOVEit Transfer 11.1 before 11.1.3, a vulnerability has been found that could allow an attacker to sign in without full credentials via the SSH (SFTP) interface. The vulnerability affects only certain SSH (SFTP) configurations, and is applicable only if the MySQL database is being used.",CRITICAL,9.8,NETWORK,LOW,NONE,NONE,"[""CWE-306""]","[{""vendor"": ""ipswitch"", ""product"": ""moveit_transfer"", ""version"": ""*"", ""criteria"": ""cpe:2.3:a:ipswitch:moveit_transfer:*:*:*:*:*:*:*:*"", ""vulnerable"": true, ""versionStartIncluding"": ""11.1"", ""versionEndExcluding"": ""11.1.3""}]","[{""url"": ""https://community.ipswitch.com/s/article/SFTP-Auth-Vulnerability"", ""source"": ""cve@mitre.org"", ""tags"": [""Third Party Advisory""]}, {""url"": ""https://docs.ipswitch.com/MOVEit/Transfer2019_1/ReleaseNotes/en/index.htm#49443.htm"", ""source"": ""cve@mitre.org"", ""tags"": [""Release Notes"", ""Third Party Advisory""]}, {""url"": ""https://community.ipswitch.com/s/article/SFTP-Auth-Vulnerability"", ""source"": ""af854a3a-2127-422b-91ae-364da2661108"", ""tags"": [""Third Party Advisory""]}, {""url"": ""https://docs.ipswitch.com/MOVEit/Transfer2019_1/ReleaseNotes/en/index.htm#49443.htm"", ""source"": ""af854a3a-2127-422b-91ae-364da2661108"", ""tags"": [""Release Notes"", ""Third Party Advisory""]}]",False,"[""nvd""]",heldout_real_cve,False
CVE-2019-18465-HELDOUT-Q5,CVE-2019-18465,mitigation,CVE-2019-18465에 대한 대응 방법이나 완화 방안은 무엇인가?,"In Progress MOVEit Transfer 11.1 before 11.1.3, a vulnerability has been found that could allow an attacker to sign in without full credentials via the SSH (SFTP) interface. The vulnerability affects only certain SSH (SFTP) configurations, and is applicable only if the MySQL database is being used.",CRITICAL,9.8,NETWORK,LOW,NONE,NONE,"[""CWE-306""]","[{""vendor"": ""ipswitch"", ""product"": ""moveit_transfer"", ""version"": ""*"", ""criteria"": ""cpe:2.3:a:ipswitch:moveit_transfer:*:*:*:*:*:*:*:*"", ""vulnerable"": true, ""versionStartIncluding"": ""11.1"", ""versionEndExcluding"": ""11.1.3""}]","[{""url"": ""https://community.ipswitch.com/s/article/SFTP-Auth-Vulnerability"", ""source"": ""cve@mitre.org"", ""tags"": [""Third Party Advisory""]}, {""url"": ""https://docs.ipswitch.com/MOVEit/Transfer2019_1/ReleaseNotes/en/index.htm#49443.htm"", ""source"": ""cve@mitre.org"", ""tags"": [""Release Notes"", ""Third Party Advisory""]}, {""url"": ""https://community.ipswitch.com/s/article/SFTP-Auth-Vulnerability"", ""source"": ""af854a3a-2127-422b-91ae-364da2661108"", ""tags"": [""Third Party Advisory""]}, {""url"": ""https://docs.ipswitch.com/MOVEit/Transfer2019_1/ReleaseNotes/en/index.htm#49443.htm"", ""source"": ""af854a3a-2127-422b-91ae-364da2661108"", ""tags"": [""Release Notes"", ""Third Party Advisory""]}]",False,"[""nvd""]",heldout_real_cve,False
CVE-2020-25990-HELDOUT-Q1,CVE-2020-25990,vulnerability_summary,CVE-2020-25990는 어떤 취약점인가?,"WebsiteBaker 2.12.2 allows SQL Injection via parameter 'display_name' in /websitebaker/admin/preferences/save.php. Exploiting this issue could allow an attacker to compromise the application, access or modify data, or exploit latent vulnerabilities in the underlying database.",CRITICAL,9.8,NETWORK,LOW,NONE,NONE,"[""CWE-89""]","[{""vendor"": ""websitebaker"", ""product"": ""websitebaker"", ""version"": ""2.12.2"", ""criteria"": ""cpe:2.3:a:websitebaker:websitebaker:2.12.2:*:*:*:*:*:*:*"", ""vulnerable"": true}]","[{""url"": ""https://websitebaker.org/pages/en/home.php"", ""source"": ""cve@mitre.org"", ""tags"": [""Product"", ""Vendor Advisory""]}, {""url"": ""https://www.exploit-db.com/exploits/48849"", ""source"": ""cve@mitre.org"", ""tags"": [""Exploit"", ""Third Party Advisory"", ""VDB Entry""]}, {""url"": ""https://websitebaker.org/pages/en/home.php"", ""source"": ""af854a3a-2127-422b-91ae-364da2661108"", ""tags"": [""Product"", ""Vendor Advisory""]}, {""url"": ""https://www.exploit-db.com/exploits/48849"", ""source"": ""af854a3a-2127-422b-91ae-364da2661108"", ""tags"": [""Exploit"", ""Third Party Advisory"", ""VDB Entry""]}]",False,"[""nvd""]",heldout_real_cve,False
CVE-2020-25990-HELDOUT-Q2,CVE-2020-25990,affected_product,CVE-2020-25990의 영향을 받는 제품이나 버전은 무엇인가?,"WebsiteBaker 2.12.2 allows SQL Injection via parameter 'display_name' in /websitebaker/admin/preferences/save.php. Exploiting this issue could allow an attacker to compromise the application, access or modify data, or exploit latent vulnerabilities in the underlying database.",CRITICAL,9.8,NETWORK,LOW,NONE,NONE,"[""CWE-89""]","[{""vendor"": ""websitebaker"", ""product"": ""websitebaker"", ""version"": ""2.12.2"", ""criteria"": ""cpe:2.3:a:websitebaker:websitebaker:2.12.2:*:*:*:*:*:*:*"", ""vulnerable"": true}]","[{""url"": ""https://websitebaker.org/pages/en/home.php"", ""source"": ""cve@mitre.org"", ""tags"": [""Product"", ""Vendor Advisory""]}, {""url"": ""https://www.exploit-db.com/exploits/48849"", ""source"": ""cve@mitre.org"", ""tags"": [""Exploit"", ""Third Party Advisory"", ""VDB Entry""]}, {""url"": ""https://websitebaker.org/pages/en/home.php"", ""source"": ""af854a3a-2127-422b-91ae-364da2661108"", ""tags"": [""Product"", ""Vendor Advisory""]}, {""url"": ""https://www.exploit-db.com/exploits/48849"", ""source"": ""af854a3a-2127-422b-91ae-364da2661108"", ""tags"": [""Exploit"", ""Third Party Advisory"", ""VDB Entry""]}]",False,"[""nvd""]",heldout_real_cve,False
CVE-2020-25990-HELDOUT-Q3,CVE-2020-25990,attack_condition,CVE-2020-25990는 원격 공격이 가능한가? 인증이나 사용자 상호작용이 필요한가?,"WebsiteBaker 2.12.2 allows SQL Injection via parameter 'display_name' in /websitebaker/admin/preferences/save.php. Exploiting this issue could allow an attacker to compromise the application, access or modify data, or exploit latent vulnerabilities in the underlying database.",CRITICAL,9.8,NETWORK,LOW,NONE,NONE,"[""CWE-89""]","[{""vendor"": ""websitebaker"", ""product"": ""websitebaker"", ""version"": ""2.12.2"", ""criteria"": ""cpe:2.3:a:websitebaker:websitebaker:2.12.2:*:*:*:*:*:*:*"", ""vulnerable"": true}]","[{""url"": ""https://websitebaker.org/pages/en/home.php"", ""source"": ""cve@mitre.org"", ""tags"": [""Product"", ""Vendor Advisory""]}, {""url"": ""https://www.exploit-db.com/exploits/48849"", ""source"": ""cve@mitre.org"", ""tags"": [""Exploit"", ""Third Party Advisory"", ""VDB Entry""]}, {""url"": ""https://websitebaker.org/pages/en/home.php"", ""source"": ""af854a3a-2127-422b-91ae-364da2661108"", ""tags"": [""Product"", ""Vendor Advisory""]}, {""url"": ""https://www.exploit-db.com/exploits/48849"", ""source"": ""af854a3a-2127-422b-91ae-364da2661108"", ""tags"": [""Exploit"", ""Third Party Advisory"", ""VDB Entry""]}]",False,"[""nvd""]",heldout_real_cve,False
CVE-2020-25990-HELDOUT-Q4,CVE-2020-25990,severity_reason,CVE-2020-25990의 위험도가 CRITICAL로 평가되는 이유는 무엇인가?,"WebsiteBaker 2.12.2 allows SQL Injection via parameter 'display_name' in /websitebaker/admin/preferences/save.php. Exploiting this issue could allow an attacker to compromise the application, access or modify data, or exploit latent vulnerabilities in the underlying database.",CRITICAL,9.8,NETWORK,LOW,NONE,NONE,"[""CWE-89""]","[{""vendor"": ""websitebaker"", ""product"": ""websitebaker"", ""version"": ""2.12.2"", ""criteria"": ""cpe:2.3:a:websitebaker:websitebaker:2.12.2:*:*:*:*:*:*:*"", ""vulnerable"": true}]","[{""url"": ""https://websitebaker.org/pages/en/home.php"", ""source"": ""cve@mitre.org"", ""tags"": [""Product"", ""Vendor Advisory""]}, {""url"": ""https://www.exploit-db.com/exploits/48849"", ""source"": ""cve@mitre.org"", ""tags"": [""Exploit"", ""Third Party Advisory"", ""VDB Entry""]}, {""url"": ""https://websitebaker.org/pages/en/home.php"", ""source"": ""af854a3a-2127-422b-91ae-364da2661108"", ""tags"": [""Product"", ""Vendor Advisory""]}, {""url"": ""https://www.exploit-db.com/exploits/48849"", ""source"": ""af854a3a-2127-422b-91ae-364da2661108"", ""tags"": [""Exploit"", ""Third Party Advisory"", ""VDB Entry""]}]",False,"[""nvd""]",heldout_real_cve,False
CVE-2020-25990-HELDOUT-Q5,CVE-2020-25990,mitigation,CVE-2020-25990에 대한 대응 방법이나 완화 방안은 무엇인가?,"WebsiteBaker 2.12.2 allows SQL Injection via parameter 'display_name' in /websitebaker/admin/preferences/save.php. Exploiting this issue could allow an attacker to compromise the application, access or modify data, or exploit latent vulnerabilities in the underlying database.",CRITICAL,9.8,NETWORK,LOW,NONE,NONE,"[""CWE-89""]","[{""vendor"": ""websitebaker"", ""product"": ""websitebaker"", ""version"": ""2.12.2"", ""criteria"": ""cpe:2.3:a:websitebaker:websitebaker:2.12.2:*:*:*:*:*:*:*"", ""vulnerable"": true}]","[{""url"": ""https://websitebaker.org/pages/en/home.php"", ""source"": ""cve@mitre.org"", ""tags"": [""Product"", ""Vendor Advisory""]}, {""url"": ""https://www.exploit-db.com/exploits/48849"", ""source"": ""cve@mitre.org"", ""tags"": [""Exploit"", ""Third Party Advisory"", ""VDB Entry""]}, {""url"": ""https://websitebaker.org/pages/en/home.php"", ""source"": ""af854a3a-2127-422b-91ae-364da2661108"", ""tags"": [""Product"", ""Vendor Advisory""]}, {""url"": ""https://www.exploit-db.com/exploits/48849"", ""source"": ""af854a3a-2127-422b-91ae-364da2661108"", ""tags"": [""Exploit"", ""Third Party Advisory"", ""VDB Entry""]}]",False,"[""nvd""]",heldout_real_cve,False
CVE-2023-35082-HELDOUT-Q1,CVE-2023-35082,vulnerability_summary,CVE-2023-35082는 어떤 취약점인가?,"An authentication bypass vulnerability in Ivanti EPMM 11.10 and older, allows unauthorized users to access restricted functionality or resources of the application without proper authentication. This vulnerability is unique to CVE-2023-35078 announced earlier.",CRITICAL,9.8,NETWORK,LOW,NONE,NONE,"[""CWE-287""]","[{""vendor"": ""ivanti"", ""product"": ""endpoint_manager_mobile"", ""version"": ""*"", ""criteria"": ""cpe:2.3:a:ivanti:endpoint_manager_mobile:*:*:*:*:*:*:*:*"", ""vulnerable"": true, ""versionEndExcluding"": ""11.11.0""}]","[{""url"": ""https://forums.ivanti.com/s/article/CVE-2023-35082-Remote-Unauthenticated-API-Access-Vulnerability-in-MobileIron-Core-11-2-and-older?language=en_US"", ""source"": ""support@hackerone.com"", ""tags"": [""Vendor Advisory""]}, {""url"": ""https://forums.ivanti.com/s/article/CVE-2023-35082-Remote-Unauthenticated-API-Access-Vulnerability-in-MobileIron-Core-11-2-and-older?language=en_US"", ""source"": ""af854a3a-2127-422b-91ae-364da2661108"", ""tags"": [""Vendor Advisory""]}, {""url"": ""https://www.cisa.gov/known-exploited-vulnerabilities-catalog?field_cve=CVE-2023-35082"", ""source"": ""134c704f-9b21-4f2e-91b3-4a467353bcc0"", ""tags"": [""US Government Resource""]}]",False,"[""nvd""]",heldout_real_cve,False
CVE-2023-35082-HELDOUT-Q2,CVE-2023-35082,affected_product,CVE-2023-35082의 영향을 받는 제품이나 버전은 무엇인가?,"An authentication bypass vulnerability in Ivanti EPMM 11.10 and older, allows unauthorized users to access restricted functionality or resources of the application without proper authentication. This vulnerability is unique to CVE-2023-35078 announced earlier.",CRITICAL,9.8,NETWORK,LOW,NONE,NONE,"[""CWE-287""]","[{""vendor"": ""ivanti"", ""product"": ""endpoint_manager_mobile"", ""version"": ""*"", ""criteria"": ""cpe:2.3:a:ivanti:endpoint_manager_mobile:*:*:*:*:*:*:*:*"", ""vulnerable"": true, ""versionEndExcluding"": ""11.11.0""}]","[{""url"": ""https://forums.ivanti.com/s/article/CVE-2023-35082-Remote-Unauthenticated-API-Access-Vulnerability-in-MobileIron-Core-11-2-and-older?language=en_US"", ""source"": ""support@hackerone.com"", ""tags"": [""Vendor Advisory""]}, {""url"": ""https://forums.ivanti.com/s/article/CVE-2023-35082-Remote-Unauthenticated-API-Access-Vulnerability-in-MobileIron-Core-11-2-and-older?language=en_US"", ""source"": ""af854a3a-2127-422b-91ae-364da2661108"", ""tags"": [""Vendor Advisory""]}, {""url"": ""https://www.cisa.gov/known-exploited-vulnerabilities-catalog?field_cve=CVE-2023-35082"", ""source"": ""134c704f-9b21-4f2e-91b3-4a467353bcc0"", ""tags"": [""US Government Resource""]}]",False,"[""nvd""]",heldout_real_cve,False
CVE-2023-35082-HELDOUT-Q3,CVE-2023-35082,attack_condition,CVE-2023-35082는 원격 공격이 가능한가? 인증이나 사용자 상호작용이 필요한가?,"An authentication bypass vulnerability in Ivanti EPMM 11.10 and older, allows unauthorized users to access restricted functionality or resources of the application without proper authentication. This vulnerability is unique to CVE-2023-35078 announced earlier.",CRITICAL,9.8,NETWORK,LOW,NONE,NONE,"[""CWE-287""]","[{""vendor"": ""ivanti"", ""product"": ""endpoint_manager_mobile"", ""version"": ""*"", ""criteria"": ""cpe:2.3:a:ivanti:endpoint_manager_mobile:*:*:*:*:*:*:*:*"", ""vulnerable"": true, ""versionEndExcluding"": ""11.11.0""}]","[{""url"": ""https://forums.ivanti.com/s/article/CVE-2023-35082-Remote-Unauthenticated-API-Access-Vulnerability-in-MobileIron-Core-11-2-and-older?language=en_US"", ""source"": ""support@hackerone.com"", ""tags"": [""Vendor Advisory""]}, {""url"": ""https://forums.ivanti.com/s/article/CVE-2023-35082-Remote-Unauthenticated-API-Access-Vulnerability-in-MobileIron-Core-11-2-and-older?language=en_US"", ""source"": ""af854a3a-2127-422b-91ae-364da2661108"", ""tags"": [""Vendor Advisory""]}, {""url"": ""https://www.cisa.gov/known-exploited-vulnerabilities-catalog?field_cve=CVE-2023-35082"", ""source"": ""134c704f-9b21-4f2e-91b3-4a467353bcc0"", ""tags"": [""US Government Resource""]}]",False,"[""nvd""]",heldout_real_cve,False
CVE-2023-35082-HELDOUT-Q4,CVE-2023-35082,severity_reason,CVE-2023-35082의 위험도가 CRITICAL로 평가되는 이유는 무엇인가?,"An authentication bypass vulnerability in Ivanti EPMM 11.10 and older, allows unauthorized users to access restricted functionality or resources of the application without proper authentication. This vulnerability is unique to CVE-2023-35078 announced earlier.",CRITICAL,9.8,NETWORK,LOW,NONE,NONE,"[""CWE-287""]","[{""vendor"": ""ivanti"", ""product"": ""endpoint_manager_mobile"", ""version"": ""*"", ""criteria"": ""cpe:2.3:a:ivanti:endpoint_manager_mobile:*:*:*:*:*:*:*:*"", ""vulnerable"": true, ""versionEndExcluding"": ""11.11.0""}]","[{""url"": ""https://forums.ivanti.com/s/article/CVE-2023-35082-Remote-Unauthenticated-API-Access-Vulnerability-in-MobileIron-Core-11-2-and-older?language=en_US"", ""source"": ""support@hackerone.com"", ""tags"": [""Vendor Advisory""]}, {""url"": ""https://forums.ivanti.com/s/article/CVE-2023-35082-Remote-Unauthenticated-API-Access-Vulnerability-in-MobileIron-Core-11-2-and-older?language=en_US"", ""source"": ""af854a3a-2127-422b-91ae-364da2661108"", ""tags"": [""Vendor Advisory""]}, {""url"": ""https://www.cisa.gov/known-exploited-vulnerabilities-catalog?field_cve=CVE-2023-35082"", ""source"": ""134c704f-9b21-4f2e-91b3-4a467353bcc0"", ""tags"": [""US Government Resource""]}]",False,"[""nvd""]",heldout_real_cve,False
CVE-2023-35082-HELDOUT-Q5,CVE-2023-35082,mitigation,CVE-2023-35082에 대한 대응 방법이나 완화 방안은 무엇인가?,"An authentication bypass vulnerability in Ivanti EPMM 11.10 and older, allows unauthorized users to access restricted functionality or resources of the application without proper authentication. This vulnerability is unique to CVE-2023-35078 announced earlier.",CRITICAL,9.8,NETWORK,LOW,NONE,NONE,"[""CWE-287""]","[{""vendor"": ""ivanti"", ""product"": ""endpoint_manager_mobile"", ""version"": ""*"", ""criteria"": ""cpe:2.3:a:ivanti:endpoint_manager_mobile:*:*:*:*:*:*:*:*"", ""vulnerable"": true, ""versionEndExcluding"": ""11.11.0""}]","[{""url"": ""https://forums.ivanti.com/s/article/CVE-2023-35082-Remote-Unauthenticated-API-Access-Vulnerability-in-MobileIron-Core-11-2-and-older?language=en_US"", ""source"": ""support@hackerone.com"", ""tags"": [""Vendor Advisory""]}, {""url"": ""https://forums.ivanti.com/s/article/CVE-2023-35082-Remote-Unauthenticated-API-Access-Vulnerability-in-MobileIron-Core-11-2-and-older?language=en_US"", ""source"": ""af854a3a-2127-422b-91ae-364da2661108"", ""tags"": [""Vendor Advisory""]}, {""url"": ""https://www.cisa.gov/known-exploited-vulnerabilities-catalog?field_cve=CVE-2023-35082"", ""source"": ""134c704f-9b21-4f2e-91b3-4a467353bcc0"", ""tags"": [""US Government Resource""]}]",False,"[""nvd""]",heldout_real_cve,False
CVE-2023-39665-HELDOUT-Q1,CVE-2023-39665,vulnerability_summary,CVE-2023-39665는 어떤 취약점인가?,D-Link DIR-868L fw_revA_1-12_eu_multi_20170316 was discovered to contain a buffer overflow via the acStack_50 parameter.,CRITICAL,9.8,NETWORK,LOW,NONE,NONE,"[""CWE-120""]","[{""vendor"": ""dlink"", ""product"": ""dir-868l_firmware"", ""version"": ""1.12_eu_multi_20170316"", ""criteria"": ""cpe:2.3:o:dlink:dir-868l_firmware:1.12_eu_multi_20170316:*:*:*:*:*:*:*"", ""vulnerable"": true}, {""vendor"": ""dlink"", ""product"": ""dir-868l"", ""version"": ""a"", ""criteria"": ""cpe:2.3:h:dlink:dir-868l:a:*:*:*:*:*:*:*"", ""vulnerable"": false}]","[{""url"": ""https://github.com/Davidteeri/Bug-Report/blob/main/D-Link/DIR-868L-bufferoverflow.md"", ""source"": ""cve@mitre.org"", ""tags"": [""Broken Link""]}, {""url"": ""https://support.dlink.com/"", ""source"": ""cve@mitre.org"", ""tags"": [""Product""]}, {""url"": ""https://www.dlink.com/en/security-bulletin/"", ""source"": ""cve@mitre.org"", ""tags"": [""Product""]}, {""url"": ""https://github.com/Davidteeri/Bug-Report/blob/main/D-Link/DIR-868L-bufferoverflow.md"", ""source"": ""af854a3a-2127-422b-91ae-364da2661108"", ""tags"": [""Broken Link""]}, {""url"": ""https://support.dlink.com/"", ""source"": ""af854a3a-2127-422b-91ae-364da2661108"", ""tags"": [""Product""]}, {""url"": ""https://www.dlink.com/en/security-bulletin/"", ""source"": ""af854a3a-2127-422b-91ae-364da2661108"", ""tags"": [""Product""]}]",False,"[""nvd""]",heldout_real_cve,False
CVE-2023-39665-HELDOUT-Q2,CVE-2023-39665,affected_product,CVE-2023-39665의 영향을 받는 제품이나 버전은 무엇인가?,D-Link DIR-868L fw_revA_1-12_eu_multi_20170316 was discovered to contain a buffer overflow via the acStack_50 parameter.,CRITICAL,9.8,NETWORK,LOW,NONE,NONE,"[""CWE-120""]","[{""vendor"": ""dlink"", ""product"": ""dir-868l_firmware"", ""version"": ""1.12_eu_multi_20170316"", ""criteria"": ""cpe:2.3:o:dlink:dir-868l_firmware:1.12_eu_multi_20170316:*:*:*:*:*:*:*"", ""vulnerable"": true}, {""vendor"": ""dlink"", ""product"": ""dir-868l"", ""version"": ""a"", ""criteria"": ""cpe:2.3:h:dlink:dir-868l:a:*:*:*:*:*:*:*"", ""vulnerable"": false}]","[{""url"": ""https://github.com/Davidteeri/Bug-Report/blob/main/D-Link/DIR-868L-bufferoverflow.md"", ""source"": ""cve@mitre.org"", ""tags"": [""Broken Link""]}, {""url"": ""https://support.dlink.com/"", ""source"": ""cve@mitre.org"", ""tags"": [""Product""]}, {""url"": ""https://www.dlink.com/en/security-bulletin/"", ""source"": ""cve@mitre.org"", ""tags"": [""Product""]}, {""url"": ""https://github.com/Davidteeri/Bug-Report/blob/main/D-Link/DIR-868L-bufferoverflow.md"", ""source"": ""af854a3a-2127-422b-91ae-364da2661108"", ""tags"": [""Broken Link""]}, {""url"": ""https://support.dlink.com/"", ""source"": ""af854a3a-2127-422b-91ae-364da2661108"", ""tags"": [""Product""]}, {""url"": ""https://www.dlink.com/en/security-bulletin/"", ""source"": ""af854a3a-2127-422b-91ae-364da2661108"", ""tags"": [""Product""]}]",False,"[""nvd""]",heldout_real_cve,False
CVE-2023-39665-HELDOUT-Q3,CVE-2023-39665,attack_condition,CVE-2023-39665는 원격 공격이 가능한가? 인증이나 사용자 상호작용이 필요한가?,D-Link DIR-868L fw_revA_1-12_eu_multi_20170316 was discovered to contain a buffer overflow via the acStack_50 parameter.,CRITICAL,9.8,NETWORK,LOW,NONE,NONE,"[""CWE-120""]","[{""vendor"": ""dlink"", ""product"": ""dir-868l_firmware"", ""version"": ""1.12_eu_multi_20170316"", ""criteria"": ""cpe:2.3:o:dlink:dir-868l_firmware:1.12_eu_multi_20170316:*:*:*:*:*:*:*"", ""vulnerable"": true}, {""vendor"": ""dlink"", ""product"": ""dir-868l"", ""version"": ""a"", ""criteria"": ""cpe:2.3:h:dlink:dir-868l:a:*:*:*:*:*:*:*"", ""vulnerable"": false}]","[{""url"": ""https://github.com/Davidteeri/Bug-Report/blob/main/D-Link/DIR-868L-bufferoverflow.md"", ""source"": ""cve@mitre.org"", ""tags"": [""Broken Link""]}, {""url"": ""https://support.dlink.com/"", ""source"": ""cve@mitre.org"", ""tags"": [""Product""]}, {""url"": ""https://www.dlink.com/en/security-bulletin/"", ""source"": ""cve@mitre.org"", ""tags"": [""Product""]}, {""url"": ""https://github.com/Davidteeri/Bug-Report/blob/main/D-Link/DIR-868L-bufferoverflow.md"", ""source"": ""af854a3a-2127-422b-91ae-364da2661108"", ""tags"": [""Broken Link""]}, {""url"": ""https://support.dlink.com/"", ""source"": ""af854a3a-2127-422b-91ae-364da2661108"", ""tags"": [""Product""]}, {""url"": ""https://www.dlink.com/en/security-bulletin/"", ""source"": ""af854a3a-2127-422b-91ae-364da2661108"", ""tags"": [""Product""]}]",False,"[""nvd""]",heldout_real_cve,False
CVE-2023-39665-HELDOUT-Q4,CVE-2023-39665,severity_reason,CVE-2023-39665의 위험도가 CRITICAL로 평가되는 이유는 무엇인가?,D-Link DIR-868L fw_revA_1-12_eu_multi_20170316 was discovered to contain a buffer overflow via the acStack_50 parameter.,CRITICAL,9.8,NETWORK,LOW,NONE,NONE,"[""CWE-120""]","[{""vendor"": ""dlink"", ""product"": ""dir-868l_firmware"", ""version"": ""1.12_eu_multi_20170316"", ""criteria"": ""cpe:2.3:o:dlink:dir-868l_firmware:1.12_eu_multi_20170316:*:*:*:*:*:*:*"", ""vulnerable"": true}, {""vendor"": ""dlink"", ""product"": ""dir-868l"", ""version"": ""a"", ""criteria"": ""cpe:2.3:h:dlink:dir-868l:a:*:*:*:*:*:*:*"", ""vulnerable"": false}]","[{""url"": ""https://github.com/Davidteeri/Bug-Report/blob/main/D-Link/DIR-868L-bufferoverflow.md"", ""source"": ""cve@mitre.org"", ""tags"": [""Broken Link""]}, {""url"": ""https://support.dlink.com/"", ""source"": ""cve@mitre.org"", ""tags"": [""Product""]}, {""url"": ""https://www.dlink.com/en/security-bulletin/"", ""source"": ""cve@mitre.org"", ""tags"": [""Product""]}, {""url"": ""https://github.com/Davidteeri/Bug-Report/blob/main/D-Link/DIR-868L-bufferoverflow.md"", ""source"": ""af854a3a-2127-422b-91ae-364da2661108"", ""tags"": [""Broken Link""]}, {""url"": ""https://support.dlink.com/"", ""source"": ""af854a3a-2127-422b-91ae-364da2661108"", ""tags"": [""Product""]}, {""url"": ""https://www.dlink.com/en/security-bulletin/"", ""source"": ""af854a3a-2127-422b-91ae-364da2661108"", ""tags"": [""Product""]}]",False,"[""nvd""]",heldout_real_cve,False
CVE-2023-39665-HELDOUT-Q5,CVE-2023-39665,mitigation,CVE-2023-39665에 대한 대응 방법이나 완화 방안은 무엇인가?,D-Link DIR-868L fw_revA_1-12_eu_multi_20170316 was discovered to contain a buffer overflow via the acStack_50 parameter.,CRITICAL,9.8,NETWORK,LOW,NONE,NONE,"[""CWE-120""]","[{""vendor"": ""dlink"", ""product"": ""dir-868l_firmware"", ""version"": ""1.12_eu_multi_20170316"", ""criteria"": ""cpe:2.3:o:dlink:dir-868l_firmware:1.12_eu_multi_20170316:*:*:*:*:*:*:*"", ""vulnerable"": true}, {""vendor"": ""dlink"", ""product"": ""dir-868l"", ""version"": ""a"", ""criteria"": ""cpe:2.3:h:dlink:dir-868l:a:*:*:*:*:*:*:*"", ""vulnerable"": false}]","[{""url"": ""https://github.com/Davidteeri/Bug-Report/blob/main/D-Link/DIR-868L-bufferoverflow.md"", ""source"": ""cve@mitre.org"", ""tags"": [""Broken Link""]}, {""url"": ""https://support.dlink.com/"", ""source"": ""cve@mitre.org"", ""tags"": [""Product""]}, {""url"": ""https://www.dlink.com/en/security-bulletin/"", ""source"": ""cve@mitre.org"", ""tags"": [""Product""]}, {""url"": ""https://github.com/Davidteeri/Bug-Report/blob/main/D-Link/DIR-868L-bufferoverflow.md"", ""source"": ""af854a3a-2127-422b-91ae-364da2661108"", ""tags"": [""Broken Link""]}, {""url"": ""https://support.dlink.com/"", ""source"": ""af854a3a-2127-422b-91ae-364da2661108"", ""tags"": [""Product""]}, {""url"": ""https://www.dlink.com/en/security-bulletin/"", ""source"": ""af854a3a-2127-422b-91ae-364da2661108"", ""tags"": [""Product""]}]",False,"[""nvd""]",heldout_real_cve,False
CVE-2024-38925-HELDOUT-Q1,CVE-2024-38925,vulnerability_summary,CVE-2024-38925는 어떤 취약점인가?,Open Robotics Robotic Operating System 2 (ROS2) and Nav2 humble versions were discovered to contain a use-after-free via the nav2_amcl process. This vulnerability is triggered via remotely sending a request for change the value of dynamic-parameter`/amcl z_max` .,CRITICAL,9.8,NETWORK,LOW,NONE,NONE,"[""CWE-416""]","[{""vendor"": ""openrobotics"", ""product"": ""robot_operating_system"", ""version"": ""2"", ""criteria"": ""cpe:2.3:a:openrobotics:robot_operating_system:2:humble:*:*:*:*:*:*"", ""vulnerable"": true}, {""vendor"": ""openrobotics"", ""product"": ""robot_operating_system"", ""version"": ""2"", ""criteria"": ""cpe:2.3:a:openrobotics:robot_operating_system:2:iron:*:*:*:*:*:*"", ""vulnerable"": true}]","[{""url"": ""https://github.com/GoesM/ROS-CVE-CNVDs"", ""source"": ""cve@mitre.org"", ""tags"": [""Third Party Advisory""]}, {""url"": ""https://github.com/ros-navigation/navigation2/issues/4379"", ""source"": ""cve@mitre.org"", ""tags"": [""Exploit"", ""Issue Tracking""]}, {""url"": ""https://github.com/ros-navigation/navigation2/pull/4397"", ""source"": ""cve@mitre.org"", ""tags"": [""Third Party Advisory""]}, {""url"": ""https://github.com/ros-navigation/navigation2/issues/4379"", ""source"": ""134c704f-9b21-4f2e-91b3-4a467353bcc0"", ""tags"": [""Exploit"", ""Issue Tracking""]}]",False,"[""nvd""]",heldout_real_cve,False
CVE-2024-38925-HELDOUT-Q2,CVE-2024-38925,affected_product,CVE-2024-38925의 영향을 받는 제품이나 버전은 무엇인가?,Open Robotics Robotic Operating System 2 (ROS2) and Nav2 humble versions were discovered to contain a use-after-free via the nav2_amcl process. This vulnerability is triggered via remotely sending a request for change the value of dynamic-parameter`/amcl z_max` .,CRITICAL,9.8,NETWORK,LOW,NONE,NONE,"[""CWE-416""]","[{""vendor"": ""openrobotics"", ""product"": ""robot_operating_system"", ""version"": ""2"", ""criteria"": ""cpe:2.3:a:openrobotics:robot_operating_system:2:humble:*:*:*:*:*:*"", ""vulnerable"": true}, {""vendor"": ""openrobotics"", ""product"": ""robot_operating_system"", ""version"": ""2"", ""criteria"": ""cpe:2.3:a:openrobotics:robot_operating_system:2:iron:*:*:*:*:*:*"", ""vulnerable"": true}]","[{""url"": ""https://github.com/GoesM/ROS-CVE-CNVDs"", ""source"": ""cve@mitre.org"", ""tags"": [""Third Party Advisory""]}, {""url"": ""https://github.com/ros-navigation/navigation2/issues/4379"", ""source"": ""cve@mitre.org"", ""tags"": [""Exploit"", ""Issue Tracking""]}, {""url"": ""https://github.com/ros-navigation/navigation2/pull/4397"", ""source"": ""cve@mitre.org"", ""tags"": [""Third Party Advisory""]}, {""url"": ""https://github.com/ros-navigation/navigation2/issues/4379"", ""source"": ""134c704f-9b21-4f2e-91b3-4a467353bcc0"", ""tags"": [""Exploit"", ""Issue Tracking""]}]",False,"[""nvd""]",heldout_real_cve,False
CVE-2024-38925-HELDOUT-Q3,CVE-2024-38925,attack_condition,CVE-2024-38925는 원격 공격이 가능한가? 인증이나 사용자 상호작용이 필요한가?,Open Robotics Robotic Operating System 2 (ROS2) and Nav2 humble versions were discovered to contain a use-after-free via the nav2_amcl process. This vulnerability is triggered via remotely sending a request for change the value of dynamic-parameter`/amcl z_max` .,CRITICAL,9.8,NETWORK,LOW,NONE,NONE,"[""CWE-416""]","[{""vendor"": ""openrobotics"", ""product"": ""robot_operating_system"", ""version"": ""2"", ""criteria"": ""cpe:2.3:a:openrobotics:robot_operating_system:2:humble:*:*:*:*:*:*"", ""vulnerable"": true}, {""vendor"": ""openrobotics"", ""product"": ""robot_operating_system"", ""version"": ""2"", ""criteria"": ""cpe:2.3:a:openrobotics:robot_operating_system:2:iron:*:*:*:*:*:*"", ""vulnerable"": true}]","[{""url"": ""https://github.com/GoesM/ROS-CVE-CNVDs"", ""source"": ""cve@mitre.org"", ""tags"": [""Third Party Advisory""]}, {""url"": ""https://github.com/ros-navigation/navigation2/issues/4379"", ""source"": ""cve@mitre.org"", ""tags"": [""Exploit"", ""Issue Tracking""]}, {""url"": ""https://github.com/ros-navigation/navigation2/pull/4397"", ""source"": ""cve@mitre.org"", ""tags"": [""Third Party Advisory""]}, {""url"": ""https://github.com/ros-navigation/navigation2/issues/4379"", ""source"": ""134c704f-9b21-4f2e-91b3-4a467353bcc0"", ""tags"": [""Exploit"", ""Issue Tracking""]}]",False,"[""nvd""]",heldout_real_cve,False
CVE-2024-38925-HELDOUT-Q4,CVE-2024-38925,severity_reason,CVE-2024-38925의 위험도가 CRITICAL로 평가되는 이유는 무엇인가?,Open Robotics Robotic Operating System 2 (ROS2) and Nav2 humble versions were discovered to contain a use-after-free via the nav2_amcl process. This vulnerability is triggered via remotely sending a request for change the value of dynamic-parameter`/amcl z_max` .,CRITICAL,9.8,NETWORK,LOW,NONE,NONE,"[""CWE-416""]","[{""vendor"": ""openrobotics"", ""product"": ""robot_operating_system"", ""version"": ""2"", ""criteria"": ""cpe:2.3:a:openrobotics:robot_operating_system:2:humble:*:*:*:*:*:*"", ""vulnerable"": true}, {""vendor"": ""openrobotics"", ""product"": ""robot_operating_system"", ""version"": ""2"", ""criteria"": ""cpe:2.3:a:openrobotics:robot_operating_system:2:iron:*:*:*:*:*:*"", ""vulnerable"": true}]","[{""url"": ""https://github.com/GoesM/ROS-CVE-CNVDs"", ""source"": ""cve@mitre.org"", ""tags"": [""Third Party Advisory""]}, {""url"": ""https://github.com/ros-navigation/navigation2/issues/4379"", ""source"": ""cve@mitre.org"", ""tags"": [""Exploit"", ""Issue Tracking""]}, {""url"": ""https://github.com/ros-navigation/navigation2/pull/4397"", ""source"": ""cve@mitre.org"", ""tags"": [""Third Party Advisory""]}, {""url"": ""https://github.com/ros-navigation/navigation2/issues/4379"", ""source"": ""134c704f-9b21-4f2e-91b3-4a467353bcc0"", ""tags"": [""Exploit"", ""Issue Tracking""]}]",False,"[""nvd""]",heldout_real_cve,False
CVE-2024-38925-HELDOUT-Q5,CVE-2024-38925,mitigation,CVE-2024-38925에 대한 대응 방법이나 완화 방안은 무엇인가?,Open Robotics Robotic Operating System 2 (ROS2) and Nav2 humble versions were discovered to contain a use-after-free via the nav2_amcl process. This vulnerability is triggered via remotely sending a request for change the value of dynamic-parameter`/amcl z_max` .,CRITICAL,9.8,NETWORK,LOW,NONE,NONE,"[""CWE-416""]","[{""vendor"": ""openrobotics"", ""product"": ""robot_operating_system"", ""version"": ""2"", ""criteria"": ""cpe:2.3:a:openrobotics:robot_operating_system:2:humble:*:*:*:*:*:*"", ""vulnerable"": true}, {""vendor"": ""openrobotics"", ""product"": ""robot_operating_system"", ""version"": ""2"", ""criteria"": ""cpe:2.3:a:openrobotics:robot_operating_system:2:iron:*:*:*:*:*:*"", ""vulnerable"": true}]","[{""url"": ""https://github.com/GoesM/ROS-CVE-CNVDs"", ""source"": ""cve@mitre.org"", ""tags"": [""Third Party Advisory""]}, {""url"": ""https://github.com/ros-navigation/navigation2/issues/4379"", ""source"": ""cve@mitre.org"", ""tags"": [""Exploit"", ""Issue Tracking""]}, {""url"": ""https://github.com/ros-navigation/navigation2/pull/4397"", ""source"": ""cve@mitre.org"", ""tags"": [""Third Party Advisory""]}, {""url"": ""https://github.com/ros-navigation/navigation2/issues/4379"", ""source"": ""134c704f-9b21-4f2e-91b3-4a467353bcc0"", ""tags"": [""Exploit"", ""Issue Tracking""]}]",False,"[""nvd""]",heldout_real_cve,False
CVE-2025-15457-HELDOUT-Q1,CVE-2025-15457,vulnerability_summary,CVE-2025-15457는 어떤 취약점인가?,A vulnerability was found in bg5sbk MiniCMS up to 1.8. The impacted element is an unknown function of the file /minicms/mc-admin/post.php of the component Trash File Restore Handler. Performing a manipulation results in improper authentication. It is possible to initiate the attack remotely. The exploit has been made public and could be used. The vendor was contacted early about this disclosure but did not respond in any way.,CRITICAL,9.8,NETWORK,LOW,NONE,NONE,"[""CWE-287""]","[{""vendor"": ""1234n"", ""product"": ""minicms"", ""version"": ""*"", ""criteria"": ""cpe:2.3:a:1234n:minicms:*:*:*:*:*:*:*:*"", ""vulnerable"": true, ""versionEndIncluding"": ""1.8""}]","[{""url"": ""https://github.com/ueh1013/VULN/issues/12"", ""source"": ""cna@vuldb.com"", ""tags"": [""Exploit"", ""Issue Tracking"", ""Third Party Advisory""]}, {""url"": ""https://vuldb.com/?ctiid.339490"", ""source"": ""cna@vuldb.com"", ""tags"": [""Permissions Required"", ""VDB Entry""]}, {""url"": ""https://vuldb.com/?id.339490"", ""source"": ""cna@vuldb.com"", ""tags"": [""Third Party Advisory"", ""VDB Entry""]}, {""url"": ""https://vuldb.com/?submit.725139"", ""source"": ""cna@vuldb.com"", ""tags"": [""Third Party Advisory"", ""VDB Entry""]}]",False,"[""nvd""]",heldout_real_cve,False
CVE-2025-15457-HELDOUT-Q2,CVE-2025-15457,affected_product,CVE-2025-15457의 영향을 받는 제품이나 버전은 무엇인가?,A vulnerability was found in bg5sbk MiniCMS up to 1.8. The impacted element is an unknown function of the file /minicms/mc-admin/post.php of the component Trash File Restore Handler. Performing a manipulation results in improper authentication. It is possible to initiate the attack remotely. The exploit has been made public and could be used. The vendor was contacted early about this disclosure but did not respond in any way.,CRITICAL,9.8,NETWORK,LOW,NONE,NONE,"[""CWE-287""]","[{""vendor"": ""1234n"", ""product"": ""minicms"", ""version"": ""*"", ""criteria"": ""cpe:2.3:a:1234n:minicms:*:*:*:*:*:*:*:*"", ""vulnerable"": true, ""versionEndIncluding"": ""1.8""}]","[{""url"": ""https://github.com/ueh1013/VULN/issues/12"", ""source"": ""cna@vuldb.com"", ""tags"": [""Exploit"", ""Issue Tracking"", ""Third Party Advisory""]}, {""url"": ""https://vuldb.com/?ctiid.339490"", ""source"": ""cna@vuldb.com"", ""tags"": [""Permissions Required"", ""VDB Entry""]}, {""url"": ""https://vuldb.com/?id.339490"", ""source"": ""cna@vuldb.com"", ""tags"": [""Third Party Advisory"", ""VDB Entry""]}, {""url"": ""https://vuldb.com/?submit.725139"", ""source"": ""cna@vuldb.com"", ""tags"": [""Third Party Advisory"", ""VDB Entry""]}]",False,"[""nvd""]",heldout_real_cve,False
CVE-2025-15457-HELDOUT-Q3,CVE-2025-15457,attack_condition,CVE-2025-15457는 원격 공격이 가능한가? 인증이나 사용자 상호작용이 필요한가?,A vulnerability was found in bg5sbk MiniCMS up to 1.8. The impacted element is an unknown function of the file /minicms/mc-admin/post.php of the component Trash File Restore Handler. Performing a manipulation results in improper authentication. It is possible to initiate the attack remotely. The exploit has been made public and could be used. The vendor was contacted early about this disclosure but did not respond in any way.,CRITICAL,9.8,NETWORK,LOW,NONE,NONE,"[""CWE-287""]","[{""vendor"": ""1234n"", ""product"": ""minicms"", ""version"": ""*"", ""criteria"": ""cpe:2.3:a:1234n:minicms:*:*:*:*:*:*:*:*"", ""vulnerable"": true, ""versionEndIncluding"": ""1.8""}]","[{""url"": ""https://github.com/ueh1013/VULN/issues/12"", ""source"": ""cna@vuldb.com"", ""tags"": [""Exploit"", ""Issue Tracking"", ""Third Party Advisory""]}, {""url"": ""https://vuldb.com/?ctiid.339490"", ""source"": ""cna@vuldb.com"", ""tags"": [""Permissions Required"", ""VDB Entry""]}, {""url"": ""https://vuldb.com/?id.339490"", ""source"": ""cna@vuldb.com"", ""tags"": [""Third Party Advisory"", ""VDB Entry""]}, {""url"": ""https://vuldb.com/?submit.725139"", ""source"": ""cna@vuldb.com"", ""tags"": [""Third Party Advisory"", ""VDB Entry""]}]",False,"[""nvd""]",heldout_real_cve,False
CVE-2025-15457-HELDOUT-Q4,CVE-2025-15457,severity_reason,CVE-2025-15457의 위험도가 CRITICAL로 평가되는 이유는 무엇인가?,A vulnerability was found in bg5sbk MiniCMS up to 1.8. The impacted element is an unknown function of the file /minicms/mc-admin/post.php of the component Trash File Restore Handler. Performing a manipulation results in improper authentication. It is possible to initiate the attack remotely. The exploit has been made public and could be used. The vendor was contacted early about this disclosure but did not respond in any way.,CRITICAL,9.8,NETWORK,LOW,NONE,NONE,"[""CWE-287""]","[{""vendor"": ""1234n"", ""product"": ""minicms"", ""version"": ""*"", ""criteria"": ""cpe:2.3:a:1234n:minicms:*:*:*:*:*:*:*:*"", ""vulnerable"": true, ""versionEndIncluding"": ""1.8""}]","[{""url"": ""https://github.com/ueh1013/VULN/issues/12"", ""source"": ""cna@vuldb.com"", ""tags"": [""Exploit"", ""Issue Tracking"", ""Third Party Advisory""]}, {""url"": ""https://vuldb.com/?ctiid.339490"", ""source"": ""cna@vuldb.com"", ""tags"": [""Permissions Required"", ""VDB Entry""]}, {""url"": ""https://vuldb.com/?id.339490"", ""source"": ""cna@vuldb.com"", ""tags"": [""Third Party Advisory"", ""VDB Entry""]}, {""url"": ""https://vuldb.com/?submit.725139"", ""source"": ""cna@vuldb.com"", ""tags"": [""Third Party Advisory"", ""VDB Entry""]}]",False,"[""nvd""]",heldout_real_cve,False
CVE-2025-15457-HELDOUT-Q5,CVE-2025-15457,mitigation,CVE-2025-15457에 대한 대응 방법이나 완화 방안은 무엇인가?,A vulnerability was found in bg5sbk MiniCMS up to 1.8. The impacted element is an unknown function of the file /minicms/mc-admin/post.php of the component Trash File Restore Handler. Performing a manipulation results in improper authentication. It is possible to initiate the attack remotely. The exploit has been made public and could be used. The vendor was contacted early about this disclosure but did not respond in any way.,CRITICAL,9.8,NETWORK,LOW,NONE,NONE,"[""CWE-287""]","[{""vendor"": ""1234n"", ""product"": ""minicms"", ""version"": ""*"", ""criteria"": ""cpe:2.3:a:1234n:minicms:*:*:*:*:*:*:*:*"", ""vulnerable"": true, ""versionEndIncluding"": ""1.8""}]","[{""url"": ""https://github.com/ueh1013/VULN/issues/12"", ""source"": ""cna@vuldb.com"", ""tags"": [""Exploit"", ""Issue Tracking"", ""Third Party Advisory""]}, {""url"": ""https://vuldb.com/?ctiid.339490"", ""source"": ""cna@vuldb.com"", ""tags"": [""Permissions Required"", ""VDB Entry""]}, {""url"": ""https://vuldb.com/?id.339490"", ""source"": ""cna@vuldb.com"", ""tags"": [""Third Party Advisory"", ""VDB Entry""]}, {""url"": ""https://vuldb.com/?submit.725139"", ""source"": ""cna@vuldb.com"", ""tags"": [""Third Party Advisory"", ""VDB Entry""]}]",False,"[""nvd""]",heldout_real_cve,False
CVE-2025-6405-HELDOUT-Q1,CVE-2025-6405,vulnerability_summary,CVE-2025-6405는 어떤 취약점인가?,A vulnerability classified as critical was found in Campcodes Online Teacher Record Management System 1.0. Affected by this vulnerability is an unknown functionality of the file /admin/edit-teacher-detail.php. The manipulation of the argument editid leads to sql injection. The attack can be launched remotely. The exploit has been disclosed to the public and may be used.,CRITICAL,9.8,NETWORK,LOW,NONE,NONE,"[""CWE-74"", ""CWE-89""]","[{""vendor"": ""campcodes"", ""product"": ""online_teacher_record_management_system"", ""version"": ""1.0"", ""criteria"": ""cpe:2.3:a:campcodes:online_teacher_record_management_system:1.0:*:*:*:*:*:*:*"", ""vulnerable"": true}]","[{""url"": ""https://github.com/ASantsSec/CVE/issues/14"", ""source"": ""cna@vuldb.com"", ""tags"": [""Exploit"", ""Issue Tracking"", ""Third Party Advisory""]}, {""url"": ""https://vuldb.com/?ctiid.313399"", ""source"": ""cna@vuldb.com"", ""tags"": [""Permissions Required"", ""VDB Entry""]}, {""url"": ""https://vuldb.com/?id.313399"", ""source"": ""cna@vuldb.com"", ""tags"": [""Third Party Advisory"", ""VDB Entry""]}, {""url"": ""https://vuldb.com/?submit.598200"", ""source"": ""cna@vuldb.com"", ""tags"": [""Third Party Advisory"", ""VDB Entry""]}, {""url"": ""https://www.campcodes.com/"", ""source"": ""cna@vuldb.com"", ""tags"": [""Product""]}, {""url"": ""https://github.com/ASantsSec/CVE/issues/14"", ""source"": ""134c704f-9b21-4f2e-91b3-4a467353bcc0"", ""tags"": [""Exploit"", ""Issue Tracking"", ""Third Party Advisory""]}]",False,"[""nvd""]",heldout_real_cve,False
CVE-2025-6405-HELDOUT-Q2,CVE-2025-6405,affected_product,CVE-2025-6405의 영향을 받는 제품이나 버전은 무엇인가?,A vulnerability classified as critical was found in Campcodes Online Teacher Record Management System 1.0. Affected by this vulnerability is an unknown functionality of the file /admin/edit-teacher-detail.php. The manipulation of the argument editid leads to sql injection. The attack can be launched remotely. The exploit has been disclosed to the public and may be used.,CRITICAL,9.8,NETWORK,LOW,NONE,NONE,"[""CWE-74"", ""CWE-89""]","[{""vendor"": ""campcodes"", ""product"": ""online_teacher_record_management_system"", ""version"": ""1.0"", ""criteria"": ""cpe:2.3:a:campcodes:online_teacher_record_management_system:1.0:*:*:*:*:*:*:*"", ""vulnerable"": true}]","[{""url"": ""https://github.com/ASantsSec/CVE/issues/14"", ""source"": ""cna@vuldb.com"", ""tags"": [""Exploit"", ""Issue Tracking"", ""Third Party Advisory""]}, {""url"": ""https://vuldb.com/?ctiid.313399"", ""source"": ""cna@vuldb.com"", ""tags"": [""Permissions Required"", ""VDB Entry""]}, {""url"": ""https://vuldb.com/?id.313399"", ""source"": ""cna@vuldb.com"", ""tags"": [""Third Party Advisory"", ""VDB Entry""]}, {""url"": ""https://vuldb.com/?submit.598200"", ""source"": ""cna@vuldb.com"", ""tags"": [""Third Party Advisory"", ""VDB Entry""]}, {""url"": ""https://www.campcodes.com/"", ""source"": ""cna@vuldb.com"", ""tags"": [""Product""]}, {""url"": ""https://github.com/ASantsSec/CVE/issues/14"", ""source"": ""134c704f-9b21-4f2e-91b3-4a467353bcc0"", ""tags"": [""Exploit"", ""Issue Tracking"", ""Third Party Advisory""]}]",False,"[""nvd""]",heldout_real_cve,False
CVE-2025-6405-HELDOUT-Q3,CVE-2025-6405,attack_condition,CVE-2025-6405는 원격 공격이 가능한가? 인증이나 사용자 상호작용이 필요한가?,A vulnerability classified as critical was found in Campcodes Online Teacher Record Management System 1.0. Affected by this vulnerability is an unknown functionality of the file /admin/edit-teacher-detail.php. The manipulation of the argument editid leads to sql injection. The attack can be launched remotely. The exploit has been disclosed to the public and may be used.,CRITICAL,9.8,NETWORK,LOW,NONE,NONE,"[""CWE-74"", ""CWE-89""]","[{""vendor"": ""campcodes"", ""product"": ""online_teacher_record_management_system"", ""version"": ""1.0"", ""criteria"": ""cpe:2.3:a:campcodes:online_teacher_record_management_system:1.0:*:*:*:*:*:*:*"", ""vulnerable"": true}]","[{""url"": ""https://github.com/ASantsSec/CVE/issues/14"", ""source"": ""cna@vuldb.com"", ""tags"": [""Exploit"", ""Issue Tracking"", ""Third Party Advisory""]}, {""url"": ""https://vuldb.com/?ctiid.313399"", ""source"": ""cna@vuldb.com"", ""tags"": [""Permissions Required"", ""VDB Entry""]}, {""url"": ""https://vuldb.com/?id.313399"", ""source"": ""cna@vuldb.com"", ""tags"": [""Third Party Advisory"", ""VDB Entry""]}, {""url"": ""https://vuldb.com/?submit.598200"", ""source"": ""cna@vuldb.com"", ""tags"": [""Third Party Advisory"", ""VDB Entry""]}, {""url"": ""https://www.campcodes.com/"", ""source"": ""cna@vuldb.com"", ""tags"": [""Product""]}, {""url"": ""https://github.com/ASantsSec/CVE/issues/14"", ""source"": ""134c704f-9b21-4f2e-91b3-4a467353bcc0"", ""tags"": [""Exploit"", ""Issue Tracking"", ""Third Party Advisory""]}]",False,"[""nvd""]",heldout_real_cve,False
CVE-2025-6405-HELDOUT-Q4,CVE-2025-6405,severity_reason,CVE-2025-6405의 위험도가 CRITICAL로 평가되는 이유는 무엇인가?,A vulnerability classified as critical was found in Campcodes Online Teacher Record Management System 1.0. Affected by this vulnerability is an unknown functionality of the file /admin/edit-teacher-detail.php. The manipulation of the argument editid leads to sql injection. The attack can be launched remotely. The exploit has been disclosed to the public and may be used.,CRITICAL,9.8,NETWORK,LOW,NONE,NONE,"[""CWE-74"", ""CWE-89""]","[{""vendor"": ""campcodes"", ""product"": ""online_teacher_record_management_system"", ""version"": ""1.0"", ""criteria"": ""cpe:2.3:a:campcodes:online_teacher_record_management_system:1.0:*:*:*:*:*:*:*"", ""vulnerable"": true}]","[{""url"": ""https://github.com/ASantsSec/CVE/issues/14"", ""source"": ""cna@vuldb.com"", ""tags"": [""Exploit"", ""Issue Tracking"", ""Third Party Advisory""]}, {""url"": ""https://vuldb.com/?ctiid.313399"", ""source"": ""cna@vuldb.com"", ""tags"": [""Permissions Required"", ""VDB Entry""]}, {""url"": ""https://vuldb.com/?id.313399"", ""source"": ""cna@vuldb.com"", ""tags"": [""Third Party Advisory"", ""VDB Entry""]}, {""url"": ""https://vuldb.com/?submit.598200"", ""source"": ""cna@vuldb.com"", ""tags"": [""Third Party Advisory"", ""VDB Entry""]}, {""url"": ""https://www.campcodes.com/"", ""source"": ""cna@vuldb.com"", ""tags"": [""Product""]}, {""url"": ""https://github.com/ASantsSec/CVE/issues/14"", ""source"": ""134c704f-9b21-4f2e-91b3-4a467353bcc0"", ""tags"": [""Exploit"", ""Issue Tracking"", ""Third Party Advisory""]}]",False,"[""nvd""]",heldout_real_cve,False
CVE-2025-6405-HELDOUT-Q5,CVE-2025-6405,mitigation,CVE-2025-6405에 대한 대응 방법이나 완화 방안은 무엇인가?,A vulnerability classified as critical was found in Campcodes Online Teacher Record Management System 1.0. Affected by this vulnerability is an unknown functionality of the file /admin/edit-teacher-detail.php. The manipulation of the argument editid leads to sql injection. The attack can be launched remotely. The exploit has been disclosed to the public and may be used.,CRITICAL,9.8,NETWORK,LOW,NONE,NONE,"[""CWE-74"", ""CWE-89""]","[{""vendor"": ""campcodes"", ""product"": ""online_teacher_record_management_system"", ""version"": ""1.0"", ""criteria"": ""cpe:2.3:a:campcodes:online_teacher_record_management_system:1.0:*:*:*:*:*:*:*"", ""vulnerable"": true}]","[{""url"": ""https://github.com/ASantsSec/CVE/issues/14"", ""source"": ""cna@vuldb.com"", ""tags"": [""Exploit"", ""Issue Tracking"", ""Third Party Advisory""]}, {""url"": ""https://vuldb.com/?ctiid.313399"", ""source"": ""cna@vuldb.com"", ""tags"": [""Permissions Required"", ""VDB Entry""]}, {""url"": ""https://vuldb.com/?id.313399"", ""source"": ""cna@vuldb.com"", ""tags"": [""Third Party Advisory"", ""VDB Entry""]}, {""url"": ""https://vuldb.com/?submit.598200"", ""source"": ""cna@vuldb.com"", ""tags"": [""Third Party Advisory"", ""VDB Entry""]}, {""url"": ""https://www.campcodes.com/"", ""source"": ""cna@vuldb.com"", ""tags"": [""Product""]}, {""url"": ""https://github.com/ASantsSec/CVE/issues/14"", ""source"": ""134c704f-9b21-4f2e-91b3-4a467353bcc0"", ""tags"": [""Exploit"", ""Issue Tracking"", ""Third Party Advisory""]}]",False,"[""nvd""]",heldout_real_cve,False
CVE-2014-0691-HELDOUT-Q1,CVE-2014-0691,vulnerability_summary,CVE-2014-0691는 어떤 취약점인가?,"Cisco WebEx Meetings Server before 1.1 uses meeting IDs with insufficient entropy, which makes it easier for remote attackers to bypass authentication and join arbitrary meetings without a password, aka Bug ID CSCuc79643.",HIGH,7.3,NETWORK,LOW,NONE,NONE,"[""CWE-331""]","[{""vendor"": ""cisco"", ""product"": ""webex_meetings_server"", ""version"": ""*"", ""criteria"": ""cpe:2.3:a:cisco:webex_meetings_server:*:*:*:*:*:*:*:*"", ""vulnerable"": true, ""versionEndIncluding"": ""1.0""}]","[{""url"": ""https://www.cisco.com/c/en/us/td/docs/collaboration/CWMS/1_1/b_Release_Notes.html"", ""source"": ""psirt@cisco.com"", ""tags"": [""Release Notes"", ""Vendor Advisory""]}, {""url"": ""https://www.cisco.com/c/en/us/td/docs/collaboration/CWMS/1_1/b_Release_Notes.html"", ""source"": ""af854a3a-2127-422b-91ae-364da2661108"", ""tags"": [""Release Notes"", ""Vendor Advisory""]}]",False,"[""nvd""]",heldout_real_cve,False
CVE-2014-0691-HELDOUT-Q2,CVE-2014-0691,affected_product,CVE-2014-0691의 영향을 받는 제품이나 버전은 무엇인가?,"Cisco WebEx Meetings Server before 1.1 uses meeting IDs with insufficient entropy, which makes it easier for remote attackers to bypass authentication and join arbitrary meetings without a password, aka Bug ID CSCuc79643.",HIGH,7.3,NETWORK,LOW,NONE,NONE,"[""CWE-331""]","[{""vendor"": ""cisco"", ""product"": ""webex_meetings_server"", ""version"": ""*"", ""criteria"": ""cpe:2.3:a:cisco:webex_meetings_server:*:*:*:*:*:*:*:*"", ""vulnerable"": true, ""versionEndIncluding"": ""1.0""}]","[{""url"": ""https://www.cisco.com/c/en/us/td/docs/collaboration/CWMS/1_1/b_Release_Notes.html"", ""source"": ""psirt@cisco.com"", ""tags"": [""Release Notes"", ""Vendor Advisory""]}, {""url"": ""https://www.cisco.com/c/en/us/td/docs/collaboration/CWMS/1_1/b_Release_Notes.html"", ""source"": ""af854a3a-2127-422b-91ae-364da2661108"", ""tags"": [""Release Notes"", ""Vendor Advisory""]}]",False,"[""nvd""]",heldout_real_cve,False
CVE-2014-0691-HELDOUT-Q3,CVE-2014-0691,attack_condition,CVE-2014-0691는 원격 공격이 가능한가? 인증이나 사용자 상호작용이 필요한가?,"Cisco WebEx Meetings Server before 1.1 uses meeting IDs with insufficient entropy, which makes it easier for remote attackers to bypass authentication and join arbitrary meetings without a password, aka Bug ID CSCuc79643.",HIGH,7.3,NETWORK,LOW,NONE,NONE,"[""CWE-331""]","[{""vendor"": ""cisco"", ""product"": ""webex_meetings_server"", ""version"": ""*"", ""criteria"": ""cpe:2.3:a:cisco:webex_meetings_server:*:*:*:*:*:*:*:*"", ""vulnerable"": true, ""versionEndIncluding"": ""1.0""}]","[{""url"": ""https://www.cisco.com/c/en/us/td/docs/collaboration/CWMS/1_1/b_Release_Notes.html"", ""source"": ""psirt@cisco.com"", ""tags"": [""Release Notes"", ""Vendor Advisory""]}, {""url"": ""https://www.cisco.com/c/en/us/td/docs/collaboration/CWMS/1_1/b_Release_Notes.html"", ""source"": ""af854a3a-2127-422b-91ae-364da2661108"", ""tags"": [""Release Notes"", ""Vendor Advisory""]}]",False,"[""nvd""]",heldout_real_cve,False
CVE-2014-0691-HELDOUT-Q4,CVE-2014-0691,severity_reason,CVE-2014-0691의 위험도가 HIGH로 평가되는 이유는 무엇인가?,"Cisco WebEx Meetings Server before 1.1 uses meeting IDs with insufficient entropy, which makes it easier for remote attackers to bypass authentication and join arbitrary meetings without a password, aka Bug ID CSCuc79643.",HIGH,7.3,NETWORK,LOW,NONE,NONE,"[""CWE-331""]","[{""vendor"": ""cisco"", ""product"": ""webex_meetings_server"", ""version"": ""*"", ""criteria"": ""cpe:2.3:a:cisco:webex_meetings_server:*:*:*:*:*:*:*:*"", ""vulnerable"": true, ""versionEndIncluding"": ""1.0""}]","[{""url"": ""https://www.cisco.com/c/en/us/td/docs/collaboration/CWMS/1_1/b_Release_Notes.html"", ""source"": ""psirt@cisco.com"", ""tags"": [""Release Notes"", ""Vendor Advisory""]}, {""url"": ""https://www.cisco.com/c/en/us/td/docs/collaboration/CWMS/1_1/b_Release_Notes.html"", ""source"": ""af854a3a-2127-422b-91ae-364da2661108"", ""tags"": [""Release Notes"", ""Vendor Advisory""]}]",False,"[""nvd""]",heldout_real_cve,False
CVE-2014-0691-HELDOUT-Q5,CVE-2014-0691,mitigation,CVE-2014-0691에 대한 대응 방법이나 완화 방안은 무엇인가?,"Cisco WebEx Meetings Server before 1.1 uses meeting IDs with insufficient entropy, which makes it easier for remote attackers to bypass authentication and join arbitrary meetings without a password, aka Bug ID CSCuc79643.",HIGH,7.3,NETWORK,LOW,NONE,NONE,"[""CWE-331""]","[{""vendor"": ""cisco"", ""product"": ""webex_meetings_server"", ""version"": ""*"", ""criteria"": ""cpe:2.3:a:cisco:webex_meetings_server:*:*:*:*:*:*:*:*"", ""vulnerable"": true, ""versionEndIncluding"": ""1.0""}]","[{""url"": ""https://www.cisco.com/c/en/us/td/docs/collaboration/CWMS/1_1/b_Release_Notes.html"", ""source"": ""psirt@cisco.com"", ""tags"": [""Release Notes"", ""Vendor Advisory""]}, {""url"": ""https://www.cisco.com/c/en/us/td/docs/collaboration/CWMS/1_1/b_Release_Notes.html"", ""source"": ""af854a3a-2127-422b-91ae-364da2661108"", ""tags"": [""Release Notes"", ""Vendor Advisory""]}]",False,"[""nvd""]",heldout_real_cve,False
CVE-2020-19278-HELDOUT-Q1,CVE-2020-19278,vulnerability_summary,CVE-2020-19278는 어떤 취약점인가?,Cross Site Request Forgery vulnerability found in Phachon mm-wiki v.0.1.2 allows a remote attacker to execute arbitrary code via the system/user/save parameter.,HIGH,8.8,NETWORK,LOW,NONE,REQUIRED,"[""CWE-352""]","[{""vendor"": ""mm-wiki_project"", ""product"": ""mm-wiki"", ""version"": ""0.1.2"", ""criteria"": ""cpe:2.3:a:mm-wiki_project:mm-wiki:0.1.2:*:*:*:*:*:*:*"", ""vulnerable"": true}]","[{""url"": ""https://github.com/phachon/mm-wiki/issues/68"", ""source"": ""cve@mitre.org"", ""tags"": [""Exploit"", ""Issue Tracking"", ""Third Party Advisory""]}, {""url"": ""https://imgur.com/EABvnwz"", ""source"": ""cve@mitre.org"", ""tags"": [""Exploit""]}, {""url"": ""https://github.com/phachon/mm-wiki/issues/68"", ""source"": ""af854a3a-2127-422b-91ae-364da2661108"", ""tags"": [""Exploit"", ""Issue Tracking"", ""Third Party Advisory""]}, {""url"": ""https://imgur.com/EABvnwz"", ""source"": ""af854a3a-2127-422b-91ae-364da2661108"", ""tags"": [""Exploit""]}]",False,"[""nvd""]",heldout_real_cve,False
CVE-2020-19278-HELDOUT-Q2,CVE-2020-19278,affected_product,CVE-2020-19278의 영향을 받는 제품이나 버전은 무엇인가?,Cross Site Request Forgery vulnerability found in Phachon mm-wiki v.0.1.2 allows a remote attacker to execute arbitrary code via the system/user/save parameter.,HIGH,8.8,NETWORK,LOW,NONE,REQUIRED,"[""CWE-352""]","[{""vendor"": ""mm-wiki_project"", ""product"": ""mm-wiki"", ""version"": ""0.1.2"", ""criteria"": ""cpe:2.3:a:mm-wiki_project:mm-wiki:0.1.2:*:*:*:*:*:*:*"", ""vulnerable"": true}]","[{""url"": ""https://github.com/phachon/mm-wiki/issues/68"", ""source"": ""cve@mitre.org"", ""tags"": [""Exploit"", ""Issue Tracking"", ""Third Party Advisory""]}, {""url"": ""https://imgur.com/EABvnwz"", ""source"": ""cve@mitre.org"", ""tags"": [""Exploit""]}, {""url"": ""https://github.com/phachon/mm-wiki/issues/68"", ""source"": ""af854a3a-2127-422b-91ae-364da2661108"", ""tags"": [""Exploit"", ""Issue Tracking"", ""Third Party Advisory""]}, {""url"": ""https://imgur.com/EABvnwz"", ""source"": ""af854a3a-2127-422b-91ae-364da2661108"", ""tags"": [""Exploit""]}]",False,"[""nvd""]",heldout_real_cve,False
CVE-2020-19278-HELDOUT-Q3,CVE-2020-19278,attack_condition,CVE-2020-19278는 원격 공격이 가능한가? 인증이나 사용자 상호작용이 필요한가?,Cross Site Request Forgery vulnerability found in Phachon mm-wiki v.0.1.2 allows a remote attacker to execute arbitrary code via the system/user/save parameter.,HIGH,8.8,NETWORK,LOW,NONE,REQUIRED,"[""CWE-352""]","[{""vendor"": ""mm-wiki_project"", ""product"": ""mm-wiki"", ""version"": ""0.1.2"", ""criteria"": ""cpe:2.3:a:mm-wiki_project:mm-wiki:0.1.2:*:*:*:*:*:*:*"", ""vulnerable"": true}]","[{""url"": ""https://github.com/phachon/mm-wiki/issues/68"", ""source"": ""cve@mitre.org"", ""tags"": [""Exploit"", ""Issue Tracking"", ""Third Party Advisory""]}, {""url"": ""https://imgur.com/EABvnwz"", ""source"": ""cve@mitre.org"", ""tags"": [""Exploit""]}, {""url"": ""https://github.com/phachon/mm-wiki/issues/68"", ""source"": ""af854a3a-2127-422b-91ae-364da2661108"", ""tags"": [""Exploit"", ""Issue Tracking"", ""Third Party Advisory""]}, {""url"": ""https://imgur.com/EABvnwz"", ""source"": ""af854a3a-2127-422b-91ae-364da2661108"", ""tags"": [""Exploit""]}]",False,"[""nvd""]",heldout_real_cve,False
CVE-2020-19278-HELDOUT-Q4,CVE-2020-19278,severity_reason,CVE-2020-19278의 위험도가 HIGH로 평가되는 이유는 무엇인가?,Cross Site Request Forgery vulnerability found in Phachon mm-wiki v.0.1.2 allows a remote attacker to execute arbitrary code via the system/user/save parameter.,HIGH,8.8,NETWORK,LOW,NONE,REQUIRED,"[""CWE-352""]","[{""vendor"": ""mm-wiki_project"", ""product"": ""mm-wiki"", ""version"": ""0.1.2"", ""criteria"": ""cpe:2.3:a:mm-wiki_project:mm-wiki:0.1.2:*:*:*:*:*:*:*"", ""vulnerable"": true}]","[{""url"": ""https://github.com/phachon/mm-wiki/issues/68"", ""source"": ""cve@mitre.org"", ""tags"": [""Exploit"", ""Issue Tracking"", ""Third Party Advisory""]}, {""url"": ""https://imgur.com/EABvnwz"", ""source"": ""cve@mitre.org"", ""tags"": [""Exploit""]}, {""url"": ""https://github.com/phachon/mm-wiki/issues/68"", ""source"": ""af854a3a-2127-422b-91ae-364da2661108"", ""tags"": [""Exploit"", ""Issue Tracking"", ""Third Party Advisory""]}, {""url"": ""https://imgur.com/EABvnwz"", ""source"": ""af854a3a-2127-422b-91ae-364da2661108"", ""tags"": [""Exploit""]}]",False,"[""nvd""]",heldout_real_cve,False
CVE-2020-19278-HELDOUT-Q5,CVE-2020-19278,mitigation,CVE-2020-19278에 대한 대응 방법이나 완화 방안은 무엇인가?,Cross Site Request Forgery vulnerability found in Phachon mm-wiki v.0.1.2 allows a remote attacker to execute arbitrary code via the system/user/save parameter.,HIGH,8.8,NETWORK,LOW,NONE,REQUIRED,"[""CWE-352""]","[{""vendor"": ""mm-wiki_project"", ""product"": ""mm-wiki"", ""version"": ""0.1.2"", ""criteria"": ""cpe:2.3:a:mm-wiki_project:mm-wiki:0.1.2:*:*:*:*:*:*:*"", ""vulnerable"": true}]","[{""url"": ""https://github.com/phachon/mm-wiki/issues/68"", ""source"": ""cve@mitre.org"", ""tags"": [""Exploit"", ""Issue Tracking"", ""Third Party Advisory""]}, {""url"": ""https://imgur.com/EABvnwz"", ""source"": ""cve@mitre.org"", ""tags"": [""Exploit""]}, {""url"": ""https://github.com/phachon/mm-wiki/issues/68"", ""source"": ""af854a3a-2127-422b-91ae-364da2661108"", ""tags"": [""Exploit"", ""Issue Tracking"", ""Third Party Advisory""]}, {""url"": ""https://imgur.com/EABvnwz"", ""source"": ""af854a3a-2127-422b-91ae-364da2661108"", ""tags"": [""Exploit""]}]",False,"[""nvd""]",heldout_real_cve,False
CVE-2021-34645-HELDOUT-Q1,CVE-2021-34645,vulnerability_summary,CVE-2021-34645는 어떤 취약점인가?,"The Shopping Cart & eCommerce Store WordPress plugin is vulnerable to Cross-Site Request Forgery via the save_currency_settings function found in the ~/admin/inc/wp_easycart_admin_initial_setup.php file which allows attackers to inject arbitrary web scripts, in versions up to and including 5.1.0.",HIGH,8.8,NETWORK,LOW,NONE,REQUIRED,"[""CWE-352""]","[{""vendor"": ""wpeasycart"", ""product"": ""shopping_cart_\\&_ecommerce_store"", ""version"": ""*"", ""criteria"": ""cpe:2.3:a:wpeasycart:shopping_cart_\\&_ecommerce_store:*:*:*:*:*:wordpress:*:*"", ""vulnerable"": true, ""versionEndIncluding"": ""5.1.0""}]","[{""url"": ""https://plugins.trac.wordpress.org/browser/wp-easycart/trunk/admin/inc/wp_easycart_admin_initial_setup.php?rev=2463792#L240"", ""source"": ""security@wordfence.com"", ""tags"": [""Patch"", ""Third Party Advisory""]}, {""url"": ""https://wordfence.com/vulnerability-advisories/#CVE-2021-34645"", ""source"": ""security@wordfence.com"", ""tags"": [""Third Party Advisory""]}, {""url"": ""https://plugins.trac.wordpress.org/browser/wp-easycart/trunk/admin/inc/wp_easycart_admin_initial_setup.php?rev=2463792#L240"", ""source"": ""af854a3a-2127-422b-91ae-364da2661108"", ""tags"": [""Patch"", ""Third Party Advisory""]}, {""url"": ""https://wordfence.com/vulnerability-advisories/#CVE-2021-34645"", ""source"": ""af854a3a-2127-422b-91ae-364da2661108"", ""tags"": [""Third Party Advisory""]}]",False,"[""nvd""]",heldout_real_cve,False
CVE-2021-34645-HELDOUT-Q2,CVE-2021-34645,affected_product,CVE-2021-34645의 영향을 받는 제품이나 버전은 무엇인가?,"The Shopping Cart & eCommerce Store WordPress plugin is vulnerable to Cross-Site Request Forgery via the save_currency_settings function found in the ~/admin/inc/wp_easycart_admin_initial_setup.php file which allows attackers to inject arbitrary web scripts, in versions up to and including 5.1.0.",HIGH,8.8,NETWORK,LOW,NONE,REQUIRED,"[""CWE-352""]","[{""vendor"": ""wpeasycart"", ""product"": ""shopping_cart_\\&_ecommerce_store"", ""version"": ""*"", ""criteria"": ""cpe:2.3:a:wpeasycart:shopping_cart_\\&_ecommerce_store:*:*:*:*:*:wordpress:*:*"", ""vulnerable"": true, ""versionEndIncluding"": ""5.1.0""}]","[{""url"": ""https://plugins.trac.wordpress.org/browser/wp-easycart/trunk/admin/inc/wp_easycart_admin_initial_setup.php?rev=2463792#L240"", ""source"": ""security@wordfence.com"", ""tags"": [""Patch"", ""Third Party Advisory""]}, {""url"": ""https://wordfence.com/vulnerability-advisories/#CVE-2021-34645"", ""source"": ""security@wordfence.com"", ""tags"": [""Third Party Advisory""]}, {""url"": ""https://plugins.trac.wordpress.org/browser/wp-easycart/trunk/admin/inc/wp_easycart_admin_initial_setup.php?rev=2463792#L240"", ""source"": ""af854a3a-2127-422b-91ae-364da2661108"", ""tags"": [""Patch"", ""Third Party Advisory""]}, {""url"": ""https://wordfence.com/vulnerability-advisories/#CVE-2021-34645"", ""source"": ""af854a3a-2127-422b-91ae-364da2661108"", ""tags"": [""Third Party Advisory""]}]",False,"[""nvd""]",heldout_real_cve,False
CVE-2021-34645-HELDOUT-Q3,CVE-2021-34645,attack_condition,CVE-2021-34645는 원격 공격이 가능한가? 인증이나 사용자 상호작용이 필요한가?,"The Shopping Cart & eCommerce Store WordPress plugin is vulnerable to Cross-Site Request Forgery via the save_currency_settings function found in the ~/admin/inc/wp_easycart_admin_initial_setup.php file which allows attackers to inject arbitrary web scripts, in versions up to and including 5.1.0.",HIGH,8.8,NETWORK,LOW,NONE,REQUIRED,"[""CWE-352""]","[{""vendor"": ""wpeasycart"", ""product"": ""shopping_cart_\\&_ecommerce_store"", ""version"": ""*"", ""criteria"": ""cpe:2.3:a:wpeasycart:shopping_cart_\\&_ecommerce_store:*:*:*:*:*:wordpress:*:*"", ""vulnerable"": true, ""versionEndIncluding"": ""5.1.0""}]","[{""url"": ""https://plugins.trac.wordpress.org/browser/wp-easycart/trunk/admin/inc/wp_easycart_admin_initial_setup.php?rev=2463792#L240"", ""source"": ""security@wordfence.com"", ""tags"": [""Patch"", ""Third Party Advisory""]}, {""url"": ""https://wordfence.com/vulnerability-advisories/#CVE-2021-34645"", ""source"": ""security@wordfence.com"", ""tags"": [""Third Party Advisory""]}, {""url"": ""https://plugins.trac.wordpress.org/browser/wp-easycart/trunk/admin/inc/wp_easycart_admin_initial_setup.php?rev=2463792#L240"", ""source"": ""af854a3a-2127-422b-91ae-364da2661108"", ""tags"": [""Patch"", ""Third Party Advisory""]}, {""url"": ""https://wordfence.com/vulnerability-advisories/#CVE-2021-34645"", ""source"": ""af854a3a-2127-422b-91ae-364da2661108"", ""tags"": [""Third Party Advisory""]}]",False,"[""nvd""]",heldout_real_cve,False
CVE-2021-34645-HELDOUT-Q4,CVE-2021-34645,severity_reason,CVE-2021-34645의 위험도가 HIGH로 평가되는 이유는 무엇인가?,"The Shopping Cart & eCommerce Store WordPress plugin is vulnerable to Cross-Site Request Forgery via the save_currency_settings function found in the ~/admin/inc/wp_easycart_admin_initial_setup.php file which allows attackers to inject arbitrary web scripts, in versions up to and including 5.1.0.",HIGH,8.8,NETWORK,LOW,NONE,REQUIRED,"[""CWE-352""]","[{""vendor"": ""wpeasycart"", ""product"": ""shopping_cart_\\&_ecommerce_store"", ""version"": ""*"", ""criteria"": ""cpe:2.3:a:wpeasycart:shopping_cart_\\&_ecommerce_store:*:*:*:*:*:wordpress:*:*"", ""vulnerable"": true, ""versionEndIncluding"": ""5.1.0""}]","[{""url"": ""https://plugins.trac.wordpress.org/browser/wp-easycart/trunk/admin/inc/wp_easycart_admin_initial_setup.php?rev=2463792#L240"", ""source"": ""security@wordfence.com"", ""tags"": [""Patch"", ""Third Party Advisory""]}, {""url"": ""https://wordfence.com/vulnerability-advisories/#CVE-2021-34645"", ""source"": ""security@wordfence.com"", ""tags"": [""Third Party Advisory""]}, {""url"": ""https://plugins.trac.wordpress.org/browser/wp-easycart/trunk/admin/inc/wp_easycart_admin_initial_setup.php?rev=2463792#L240"", ""source"": ""af854a3a-2127-422b-91ae-364da2661108"", ""tags"": [""Patch"", ""Third Party Advisory""]}, {""url"": ""https://wordfence.com/vulnerability-advisories/#CVE-2021-34645"", ""source"": ""af854a3a-2127-422b-91ae-364da2661108"", ""tags"": [""Third Party Advisory""]}]",False,"[""nvd""]",heldout_real_cve,False
CVE-2021-34645-HELDOUT-Q5,CVE-2021-34645,mitigation,CVE-2021-34645에 대한 대응 방법이나 완화 방안은 무엇인가?,"The Shopping Cart & eCommerce Store WordPress plugin is vulnerable to Cross-Site Request Forgery via the save_currency_settings function found in the ~/admin/inc/wp_easycart_admin_initial_setup.php file which allows attackers to inject arbitrary web scripts, in versions up to and including 5.1.0.",HIGH,8.8,NETWORK,LOW,NONE,REQUIRED,"[""CWE-352""]","[{""vendor"": ""wpeasycart"", ""product"": ""shopping_cart_\\&_ecommerce_store"", ""version"": ""*"", ""criteria"": ""cpe:2.3:a:wpeasycart:shopping_cart_\\&_ecommerce_store:*:*:*:*:*:wordpress:*:*"", ""vulnerable"": true, ""versionEndIncluding"": ""5.1.0""}]","[{""url"": ""https://plugins.trac.wordpress.org/browser/wp-easycart/trunk/admin/inc/wp_easycart_admin_initial_setup.php?rev=2463792#L240"", ""source"": ""security@wordfence.com"", ""tags"": [""Patch"", ""Third Party Advisory""]}, {""url"": ""https://wordfence.com/vulnerability-advisories/#CVE-2021-34645"", ""source"": ""security@wordfence.com"", ""tags"": [""Third Party Advisory""]}, {""url"": ""https://plugins.trac.wordpress.org/browser/wp-easycart/trunk/admin/inc/wp_easycart_admin_initial_setup.php?rev=2463792#L240"", ""source"": ""af854a3a-2127-422b-91ae-364da2661108"", ""tags"": [""Patch"", ""Third Party Advisory""]}, {""url"": ""https://wordfence.com/vulnerability-advisories/#CVE-2021-34645"", ""source"": ""af854a3a-2127-422b-91ae-364da2661108"", ""tags"": [""Third Party Advisory""]}]",False,"[""nvd""]",heldout_real_cve,False
CVE-2022-37078-HELDOUT-Q1,CVE-2022-37078,vulnerability_summary,CVE-2022-37078는 어떤 취약점인가?,TOTOLINK A7000R V9.1.0u.6115_B20201022 was discovered to contain a command injection vulnerability via the lang parameter at /setting/setLanguageCfg.,HIGH,7.8,LOCAL,LOW,LOW,NONE,"[""CWE-787""]","[{""vendor"": ""totolink"", ""product"": ""a7000r_firmware"", ""version"": ""9.1.0u.6115_b20201022"", ""criteria"": ""cpe:2.3:o:totolink:a7000r_firmware:9.1.0u.6115_b20201022:*:*:*:*:*:*:*"", ""vulnerable"": true}, {""vendor"": ""totolink"", ""product"": ""a7000r"", ""version"": ""-"", ""criteria"": ""cpe:2.3:h:totolink:a7000r:-:*:*:*:*:*:*:*"", ""vulnerable"": false}]","[{""url"": ""https://github.com/Darry-lang1/vuln/tree/main/TOTOLINK/A7000R/6"", ""source"": ""cve@mitre.org"", ""tags"": [""Exploit"", ""Third Party Advisory""]}, {""url"": ""https://github.com/Darry-lang1/vuln/tree/main/TOTOLINK/A7000R/6"", ""source"": ""af854a3a-2127-422b-91ae-364da2661108"", ""tags"": [""Exploit"", ""Third Party Advisory""]}]",False,"[""nvd""]",heldout_real_cve,False
CVE-2022-37078-HELDOUT-Q2,CVE-2022-37078,affected_product,CVE-2022-37078의 영향을 받는 제품이나 버전은 무엇인가?,TOTOLINK A7000R V9.1.0u.6115_B20201022 was discovered to contain a command injection vulnerability via the lang parameter at /setting/setLanguageCfg.,HIGH,7.8,LOCAL,LOW,LOW,NONE,"[""CWE-787""]","[{""vendor"": ""totolink"", ""product"": ""a7000r_firmware"", ""version"": ""9.1.0u.6115_b20201022"", ""criteria"": ""cpe:2.3:o:totolink:a7000r_firmware:9.1.0u.6115_b20201022:*:*:*:*:*:*:*"", ""vulnerable"": true}, {""vendor"": ""totolink"", ""product"": ""a7000r"", ""version"": ""-"", ""criteria"": ""cpe:2.3:h:totolink:a7000r:-:*:*:*:*:*:*:*"", ""vulnerable"": false}]","[{""url"": ""https://github.com/Darry-lang1/vuln/tree/main/TOTOLINK/A7000R/6"", ""source"": ""cve@mitre.org"", ""tags"": [""Exploit"", ""Third Party Advisory""]}, {""url"": ""https://github.com/Darry-lang1/vuln/tree/main/TOTOLINK/A7000R/6"", ""source"": ""af854a3a-2127-422b-91ae-364da2661108"", ""tags"": [""Exploit"", ""Third Party Advisory""]}]",False,"[""nvd""]",heldout_real_cve,False
CVE-2022-37078-HELDOUT-Q3,CVE-2022-37078,attack_condition,CVE-2022-37078는 원격 공격이 가능한가? 인증이나 사용자 상호작용이 필요한가?,TOTOLINK A7000R V9.1.0u.6115_B20201022 was discovered to contain a command injection vulnerability via the lang parameter at /setting/setLanguageCfg.,HIGH,7.8,LOCAL,LOW,LOW,NONE,"[""CWE-787""]","[{""vendor"": ""totolink"", ""product"": ""a7000r_firmware"", ""version"": ""9.1.0u.6115_b20201022"", ""criteria"": ""cpe:2.3:o:totolink:a7000r_firmware:9.1.0u.6115_b20201022:*:*:*:*:*:*:*"", ""vulnerable"": true}, {""vendor"": ""totolink"", ""product"": ""a7000r"", ""version"": ""-"", ""criteria"": ""cpe:2.3:h:totolink:a7000r:-:*:*:*:*:*:*:*"", ""vulnerable"": false}]","[{""url"": ""https://github.com/Darry-lang1/vuln/tree/main/TOTOLINK/A7000R/6"", ""source"": ""cve@mitre.org"", ""tags"": [""Exploit"", ""Third Party Advisory""]}, {""url"": ""https://github.com/Darry-lang1/vuln/tree/main/TOTOLINK/A7000R/6"", ""source"": ""af854a3a-2127-422b-91ae-364da2661108"", ""tags"": [""Exploit"", ""Third Party Advisory""]}]",False,"[""nvd""]",heldout_real_cve,False
CVE-2022-37078-HELDOUT-Q4,CVE-2022-37078,severity_reason,CVE-2022-37078의 위험도가 HIGH로 평가되는 이유는 무엇인가?,TOTOLINK A7000R V9.1.0u.6115_B20201022 was discovered to contain a command injection vulnerability via the lang parameter at /setting/setLanguageCfg.,HIGH,7.8,LOCAL,LOW,LOW,NONE,"[""CWE-787""]","[{""vendor"": ""totolink"", ""product"": ""a7000r_firmware"", ""version"": ""9.1.0u.6115_b20201022"", ""criteria"": ""cpe:2.3:o:totolink:a7000r_firmware:9.1.0u.6115_b20201022:*:*:*:*:*:*:*"", ""vulnerable"": true}, {""vendor"": ""totolink"", ""product"": ""a7000r"", ""version"": ""-"", ""criteria"": ""cpe:2.3:h:totolink:a7000r:-:*:*:*:*:*:*:*"", ""vulnerable"": false}]","[{""url"": ""https://github.com/Darry-lang1/vuln/tree/main/TOTOLINK/A7000R/6"", ""source"": ""cve@mitre.org"", ""tags"": [""Exploit"", ""Third Party Advisory""]}, {""url"": ""https://github.com/Darry-lang1/vuln/tree/main/TOTOLINK/A7000R/6"", ""source"": ""af854a3a-2127-422b-91ae-364da2661108"", ""tags"": [""Exploit"", ""Third Party Advisory""]}]",False,"[""nvd""]",heldout_real_cve,False
CVE-2022-37078-HELDOUT-Q5,CVE-2022-37078,mitigation,CVE-2022-37078에 대한 대응 방법이나 완화 방안은 무엇인가?,TOTOLINK A7000R V9.1.0u.6115_B20201022 was discovered to contain a command injection vulnerability via the lang parameter at /setting/setLanguageCfg.,HIGH,7.8,LOCAL,LOW,LOW,NONE,"[""CWE-787""]","[{""vendor"": ""totolink"", ""product"": ""a7000r_firmware"", ""version"": ""9.1.0u.6115_b20201022"", ""criteria"": ""cpe:2.3:o:totolink:a7000r_firmware:9.1.0u.6115_b20201022:*:*:*:*:*:*:*"", ""vulnerable"": true}, {""vendor"": ""totolink"", ""product"": ""a7000r"", ""version"": ""-"", ""criteria"": ""cpe:2.3:h:totolink:a7000r:-:*:*:*:*:*:*:*"", ""vulnerable"": false}]","[{""url"": ""https://github.com/Darry-lang1/vuln/tree/main/TOTOLINK/A7000R/6"", ""source"": ""cve@mitre.org"", ""tags"": [""Exploit"", ""Third Party Advisory""]}, {""url"": ""https://github.com/Darry-lang1/vuln/tree/main/TOTOLINK/A7000R/6"", ""source"": ""af854a3a-2127-422b-91ae-364da2661108"", ""tags"": [""Exploit"", ""Third Party Advisory""]}]",False,"[""nvd""]",heldout_real_cve,False
CVE-2022-38477-HELDOUT-Q1,CVE-2022-38477,vulnerability_summary,CVE-2022-38477는 어떤 취약점인가?,"Mozilla developer Nika Layzell and the Mozilla Fuzzing Team reported memory safety bugs present in Firefox 103 and Firefox ESR 102.1. Some of these bugs showed evidence of memory corruption and we presume that with enough effort some of these could have been exploited to run arbitrary code. This vulnerability affects Firefox ESR < 102.2, Thunderbird < 102.2, and Firefox < 104.",HIGH,8.8,NETWORK,LOW,NONE,REQUIRED,"[""CWE-787""]","[{""vendor"": ""mozilla"", ""product"": ""firefox"", ""version"": ""*"", ""criteria"": ""cpe:2.3:a:mozilla:firefox:*:*:*:*:*:*:*:*"", ""vulnerable"": true, ""versionEndExcluding"": ""104.0""}, {""vendor"": ""mozilla"", ""product"": ""firefox_esr"", ""version"": ""*"", ""criteria"": ""cpe:2.3:a:mozilla:firefox_esr:*:*:*:*:*:*:*:*"", ""vulnerable"": true, ""versionEndExcluding"": ""102.2""}, {""vendor"": ""mozilla"", ""product"": ""thunderbird"", ""version"": ""*"", ""criteria"": ""cpe:2.3:a:mozilla:thunderbird:*:*:*:*:*:*:*:*"", ""vulnerable"": true, ""versionEndExcluding"": ""102.2""}]","[{""url"": ""https://bugzilla.mozilla.org/buglist.cgi?bug_id=1760611%2C1770219%2C1771159%2C1773363"", ""source"": ""security@mozilla.org"", ""tags"": [""Issue Tracking"", ""Not Applicable"", ""Vendor Advisory""]}, {""url"": ""https://www.mozilla.org/security/advisories/mfsa2022-33/"", ""source"": ""security@mozilla.org"", ""tags"": [""Vendor Advisory""]}, {""url"": ""https://www.mozilla.org/security/advisories/mfsa2022-34/"", ""source"": ""security@mozilla.org"", ""tags"": [""Vendor Advisory""]}, {""url"": ""https://www.mozilla.org/security/advisories/mfsa2022-36/"", ""source"": ""security@mozilla.org"", ""tags"": [""Vendor Advisory""]}, {""url"": ""https://bugzilla.mozilla.org/buglist.cgi?bug_id=1760611%2C1770219%2C1771159%2C1773363"", ""source"": ""af854a3a-2127-422b-91ae-364da2661108"", ""tags"": [""Issue Tracking"", ""Not Applicable"", ""Vendor Advisory""]}, {""url"": ""https://www.mozilla.org/security/advisories/mfsa2022-33/"", ""source"": ""af854a3a-2127-422b-91ae-364da2661108"", ""tags"": [""Vendor Advisory""]}, {""url"": ""https://www.mozilla.org/security/advisories/mfsa2022-34/"", ""source"": ""af854a3a-2127-422b-91ae-364da2661108"", ""tags"": [""Vendor Advisory""]}, {""url"": ""https://www.mozilla.org/security/advisories/mfsa2022-36/"", ""source"": ""af854a3a-2127-422b-91ae-364da2661108"", ""tags"": [""Vendor Advisory""]}]",False,"[""nvd""]",heldout_real_cve,False
CVE-2022-38477-HELDOUT-Q2,CVE-2022-38477,affected_product,CVE-2022-38477의 영향을 받는 제품이나 버전은 무엇인가?,"Mozilla developer Nika Layzell and the Mozilla Fuzzing Team reported memory safety bugs present in Firefox 103 and Firefox ESR 102.1. Some of these bugs showed evidence of memory corruption and we presume that with enough effort some of these could have been exploited to run arbitrary code. This vulnerability affects Firefox ESR < 102.2, Thunderbird < 102.2, and Firefox < 104.",HIGH,8.8,NETWORK,LOW,NONE,REQUIRED,"[""CWE-787""]","[{""vendor"": ""mozilla"", ""product"": ""firefox"", ""version"": ""*"", ""criteria"": ""cpe:2.3:a:mozilla:firefox:*:*:*:*:*:*:*:*"", ""vulnerable"": true, ""versionEndExcluding"": ""104.0""}, {""vendor"": ""mozilla"", ""product"": ""firefox_esr"", ""version"": ""*"", ""criteria"": ""cpe:2.3:a:mozilla:firefox_esr:*:*:*:*:*:*:*:*"", ""vulnerable"": true, ""versionEndExcluding"": ""102.2""}, {""vendor"": ""mozilla"", ""product"": ""thunderbird"", ""version"": ""*"", ""criteria"": ""cpe:2.3:a:mozilla:thunderbird:*:*:*:*:*:*:*:*"", ""vulnerable"": true, ""versionEndExcluding"": ""102.2""}]","[{""url"": ""https://bugzilla.mozilla.org/buglist.cgi?bug_id=1760611%2C1770219%2C1771159%2C1773363"", ""source"": ""security@mozilla.org"", ""tags"": [""Issue Tracking"", ""Not Applicable"", ""Vendor Advisory""]}, {""url"": ""https://www.mozilla.org/security/advisories/mfsa2022-33/"", ""source"": ""security@mozilla.org"", ""tags"": [""Vendor Advisory""]}, {""url"": ""https://www.mozilla.org/security/advisories/mfsa2022-34/"", ""source"": ""security@mozilla.org"", ""tags"": [""Vendor Advisory""]}, {""url"": ""https://www.mozilla.org/security/advisories/mfsa2022-36/"", ""source"": ""security@mozilla.org"", ""tags"": [""Vendor Advisory""]}, {""url"": ""https://bugzilla.mozilla.org/buglist.cgi?bug_id=1760611%2C1770219%2C1771159%2C1773363"", ""source"": ""af854a3a-2127-422b-91ae-364da2661108"", ""tags"": [""Issue Tracking"", ""Not Applicable"", ""Vendor Advisory""]}, {""url"": ""https://www.mozilla.org/security/advisories/mfsa2022-33/"", ""source"": ""af854a3a-2127-422b-91ae-364da2661108"", ""tags"": [""Vendor Advisory""]}, {""url"": ""https://www.mozilla.org/security/advisories/mfsa2022-34/"", ""source"": ""af854a3a-2127-422b-91ae-364da2661108"", ""tags"": [""Vendor Advisory""]}, {""url"": ""https://www.mozilla.org/security/advisories/mfsa2022-36/"", ""source"": ""af854a3a-2127-422b-91ae-364da2661108"", ""tags"": [""Vendor Advisory""]}]",False,"[""nvd""]",heldout_real_cve,False
CVE-2022-38477-HELDOUT-Q3,CVE-2022-38477,attack_condition,CVE-2022-38477는 원격 공격이 가능한가? 인증이나 사용자 상호작용이 필요한가?,"Mozilla developer Nika Layzell and the Mozilla Fuzzing Team reported memory safety bugs present in Firefox 103 and Firefox ESR 102.1. Some of these bugs showed evidence of memory corruption and we presume that with enough effort some of these could have been exploited to run arbitrary code. This vulnerability affects Firefox ESR < 102.2, Thunderbird < 102.2, and Firefox < 104.",HIGH,8.8,NETWORK,LOW,NONE,REQUIRED,"[""CWE-787""]","[{""vendor"": ""mozilla"", ""product"": ""firefox"", ""version"": ""*"", ""criteria"": ""cpe:2.3:a:mozilla:firefox:*:*:*:*:*:*:*:*"", ""vulnerable"": true, ""versionEndExcluding"": ""104.0""}, {""vendor"": ""mozilla"", ""product"": ""firefox_esr"", ""version"": ""*"", ""criteria"": ""cpe:2.3:a:mozilla:firefox_esr:*:*:*:*:*:*:*:*"", ""vulnerable"": true, ""versionEndExcluding"": ""102.2""}, {""vendor"": ""mozilla"", ""product"": ""thunderbird"", ""version"": ""*"", ""criteria"": ""cpe:2.3:a:mozilla:thunderbird:*:*:*:*:*:*:*:*"", ""vulnerable"": true, ""versionEndExcluding"": ""102.2""}]","[{""url"": ""https://bugzilla.mozilla.org/buglist.cgi?bug_id=1760611%2C1770219%2C1771159%2C1773363"", ""source"": ""security@mozilla.org"", ""tags"": [""Issue Tracking"", ""Not Applicable"", ""Vendor Advisory""]}, {""url"": ""https://www.mozilla.org/security/advisories/mfsa2022-33/"", ""source"": ""security@mozilla.org"", ""tags"": [""Vendor Advisory""]}, {""url"": ""https://www.mozilla.org/security/advisories/mfsa2022-34/"", ""source"": ""security@mozilla.org"", ""tags"": [""Vendor Advisory""]}, {""url"": ""https://www.mozilla.org/security/advisories/mfsa2022-36/"", ""source"": ""security@mozilla.org"", ""tags"": [""Vendor Advisory""]}, {""url"": ""https://bugzilla.mozilla.org/buglist.cgi?bug_id=1760611%2C1770219%2C1771159%2C1773363"", ""source"": ""af854a3a-2127-422b-91ae-364da2661108"", ""tags"": [""Issue Tracking"", ""Not Applicable"", ""Vendor Advisory""]}, {""url"": ""https://www.mozilla.org/security/advisories/mfsa2022-33/"", ""source"": ""af854a3a-2127-422b-91ae-364da2661108"", ""tags"": [""Vendor Advisory""]}, {""url"": ""https://www.mozilla.org/security/advisories/mfsa2022-34/"", ""source"": ""af854a3a-2127-422b-91ae-364da2661108"", ""tags"": [""Vendor Advisory""]}, {""url"": ""https://www.mozilla.org/security/advisories/mfsa2022-36/"", ""source"": ""af854a3a-2127-422b-91ae-364da2661108"", ""tags"": [""Vendor Advisory""]}]",False,"[""nvd""]",heldout_real_cve,False
CVE-2022-38477-HELDOUT-Q4,CVE-2022-38477,severity_reason,CVE-2022-38477의 위험도가 HIGH로 평가되는 이유는 무엇인가?,"Mozilla developer Nika Layzell and the Mozilla Fuzzing Team reported memory safety bugs present in Firefox 103 and Firefox ESR 102.1. Some of these bugs showed evidence of memory corruption and we presume that with enough effort some of these could have been exploited to run arbitrary code. This vulnerability affects Firefox ESR < 102.2, Thunderbird < 102.2, and Firefox < 104.",HIGH,8.8,NETWORK,LOW,NONE,REQUIRED,"[""CWE-787""]","[{""vendor"": ""mozilla"", ""product"": ""firefox"", ""version"": ""*"", ""criteria"": ""cpe:2.3:a:mozilla:firefox:*:*:*:*:*:*:*:*"", ""vulnerable"": true, ""versionEndExcluding"": ""104.0""}, {""vendor"": ""mozilla"", ""product"": ""firefox_esr"", ""version"": ""*"", ""criteria"": ""cpe:2.3:a:mozilla:firefox_esr:*:*:*:*:*:*:*:*"", ""vulnerable"": true, ""versionEndExcluding"": ""102.2""}, {""vendor"": ""mozilla"", ""product"": ""thunderbird"", ""version"": ""*"", ""criteria"": ""cpe:2.3:a:mozilla:thunderbird:*:*:*:*:*:*:*:*"", ""vulnerable"": true, ""versionEndExcluding"": ""102.2""}]","[{""url"": ""https://bugzilla.mozilla.org/buglist.cgi?bug_id=1760611%2C1770219%2C1771159%2C1773363"", ""source"": ""security@mozilla.org"", ""tags"": [""Issue Tracking"", ""Not Applicable"", ""Vendor Advisory""]}, {""url"": ""https://www.mozilla.org/security/advisories/mfsa2022-33/"", ""source"": ""security@mozilla.org"", ""tags"": [""Vendor Advisory""]}, {""url"": ""https://www.mozilla.org/security/advisories/mfsa2022-34/"", ""source"": ""security@mozilla.org"", ""tags"": [""Vendor Advisory""]}, {""url"": ""https://www.mozilla.org/security/advisories/mfsa2022-36/"", ""source"": ""security@mozilla.org"", ""tags"": [""Vendor Advisory""]}, {""url"": ""https://bugzilla.mozilla.org/buglist.cgi?bug_id=1760611%2C1770219%2C1771159%2C1773363"", ""source"": ""af854a3a-2127-422b-91ae-364da2661108"", ""tags"": [""Issue Tracking"", ""Not Applicable"", ""Vendor Advisory""]}, {""url"": ""https://www.mozilla.org/security/advisories/mfsa2022-33/"", ""source"": ""af854a3a-2127-422b-91ae-364da2661108"", ""tags"": [""Vendor Advisory""]}, {""url"": ""https://www.mozilla.org/security/advisories/mfsa2022-34/"", ""source"": ""af854a3a-2127-422b-91ae-364da2661108"", ""tags"": [""Vendor Advisory""]}, {""url"": ""https://www.mozilla.org/security/advisories/mfsa2022-36/"", ""source"": ""af854a3a-2127-422b-91ae-364da2661108"", ""tags"": [""Vendor Advisory""]}]",False,"[""nvd""]",heldout_real_cve,False
CVE-2022-38477-HELDOUT-Q5,CVE-2022-38477,mitigation,CVE-2022-38477에 대한 대응 방법이나 완화 방안은 무엇인가?,"Mozilla developer Nika Layzell and the Mozilla Fuzzing Team reported memory safety bugs present in Firefox 103 and Firefox ESR 102.1. Some of these bugs showed evidence of memory corruption and we presume that with enough effort some of these could have been exploited to run arbitrary code. This vulnerability affects Firefox ESR < 102.2, Thunderbird < 102.2, and Firefox < 104.",HIGH,8.8,NETWORK,LOW,NONE,REQUIRED,"[""CWE-787""]","[{""vendor"": ""mozilla"", ""product"": ""firefox"", ""version"": ""*"", ""criteria"": ""cpe:2.3:a:mozilla:firefox:*:*:*:*:*:*:*:*"", ""vulnerable"": true, ""versionEndExcluding"": ""104.0""}, {""vendor"": ""mozilla"", ""product"": ""firefox_esr"", ""version"": ""*"", ""criteria"": ""cpe:2.3:a:mozilla:firefox_esr:*:*:*:*:*:*:*:*"", ""vulnerable"": true, ""versionEndExcluding"": ""102.2""}, {""vendor"": ""mozilla"", ""product"": ""thunderbird"", ""version"": ""*"", ""criteria"": ""cpe:2.3:a:mozilla:thunderbird:*:*:*:*:*:*:*:*"", ""vulnerable"": true, ""versionEndExcluding"": ""102.2""}]","[{""url"": ""https://bugzilla.mozilla.org/buglist.cgi?bug_id=1760611%2C1770219%2C1771159%2C1773363"", ""source"": ""security@mozilla.org"", ""tags"": [""Issue Tracking"", ""Not Applicable"", ""Vendor Advisory""]}, {""url"": ""https://www.mozilla.org/security/advisories/mfsa2022-33/"", ""source"": ""security@mozilla.org"", ""tags"": [""Vendor Advisory""]}, {""url"": ""https://www.mozilla.org/security/advisories/mfsa2022-34/"", ""source"": ""security@mozilla.org"", ""tags"": [""Vendor Advisory""]}, {""url"": ""https://www.mozilla.org/security/advisories/mfsa2022-36/"", ""source"": ""security@mozilla.org"", ""tags"": [""Vendor Advisory""]}, {""url"": ""https://bugzilla.mozilla.org/buglist.cgi?bug_id=1760611%2C1770219%2C1771159%2C1773363"", ""source"": ""af854a3a-2127-422b-91ae-364da2661108"", ""tags"": [""Issue Tracking"", ""Not Applicable"", ""Vendor Advisory""]}, {""url"": ""https://www.mozilla.org/security/advisories/mfsa2022-33/"", ""source"": ""af854a3a-2127-422b-91ae-364da2661108"", ""tags"": [""Vendor Advisory""]}, {""url"": ""https://www.mozilla.org/security/advisories/mfsa2022-34/"", ""source"": ""af854a3a-2127-422b-91ae-364da2661108"", ""tags"": [""Vendor Advisory""]}, {""url"": ""https://www.mozilla.org/security/advisories/mfsa2022-36/"", ""source"": ""af854a3a-2127-422b-91ae-364da2661108"", ""tags"": [""Vendor Advisory""]}]",False,"[""nvd""]",heldout_real_cve,False
CVE-2023-1393-HELDOUT-Q1,CVE-2023-1393,vulnerability_summary,CVE-2023-1393는 어떤 취약점인가?,"A flaw was found in X.Org Server Overlay Window. A Use-After-Free may lead to local privilege escalation. If a client explicitly destroys the compositor overlay window (aka COW), the Xserver would leave a dangling pointer to that window in the CompScreen structure, which will trigger a use-after-free later.",HIGH,7.8,LOCAL,LOW,LOW,NONE,"[""CWE-416""]","[{""vendor"": ""x.org"", ""product"": ""x_server"", ""version"": ""*"", ""criteria"": ""cpe:2.3:a:x.org:x_server:*:*:*:*:*:*:*:*"", ""vulnerable"": true, ""versionEndExcluding"": ""21.1.8""}, {""vendor"": ""fedoraproject"", ""product"": ""fedora"", ""version"": ""36"", ""criteria"": ""cpe:2.3:o:fedoraproject:fedora:36:*:*:*:*:*:*:*"", ""vulnerable"": true}, {""vendor"": ""fedoraproject"", ""product"": ""fedora"", ""version"": ""37"", ""criteria"": ""cpe:2.3:o:fedoraproject:fedora:37:*:*:*:*:*:*:*"", ""vulnerable"": true}, {""vendor"": ""fedoraproject"", ""product"": ""fedora"", ""version"": ""38"", ""criteria"": ""cpe:2.3:o:fedoraproject:fedora:38:*:*:*:*:*:*:*"", ""vulnerable"": true}]","[{""url"": ""https://gitlab.freedesktop.org/xorg/xserver/-/commit/26ef545b3502f61ca722a7a3373507e88ef64110"", ""source"": ""secalert@redhat.com"", ""tags"": [""Patch""]}, {""url"": ""https://lists.fedoraproject.org/archives/list/package-announce%40lists.fedoraproject.org/message/BPNQYHUI63DB5FHK6EOI3Z4C6YQZGZKI/"", ""source"": ""secalert@redhat.com"", ""tags"": []}, {""url"": ""https://lists.fedoraproject.org/archives/list/package-announce%40lists.fedoraproject.org/message/H3EVO3OQV6T4BSABWZ2TU3PY5TJTEQZ2/"", ""source"": ""secalert@redhat.com"", ""tags"": []}, {""url"": ""https://lists.fedoraproject.org/archives/list/package-announce%40lists.fedoraproject.org/message/MEHSYYFGBN3G4RS2HJXKQ5NBMOAZ5F2F/"", ""source"": ""secalert@redhat.com"", ""tags"": []}, {""url"": ""https://lists.fedoraproject.org/archives/list/package-announce%40lists.fedoraproject.org/message/NOYATGGPMT3COC7ELAJW5TG2PVS3AFR2/"", ""source"": ""secalert@redhat.com"", ""tags"": []}, {""url"": ""https://lists.fedoraproject.org/archives/list/package-announce%40lists.fedoraproject.org/message/PSAAGI5V77FQXIT5PP4URP6BYQVCK5U5/"", ""source"": ""secalert@redhat.com"", ""tags"": []}, {""url"": ""https://lists.fedoraproject.org/archives/list/package-announce%40lists.fedoraproject.org/message/QHJMSMK7G4GPLMKIGKXIOL2RTKU5VFWE/"", ""source"": ""secalert@redhat.com"", ""tags"": []}, {""url"": ""https://lists.fedoraproject.org/archives/list/package-announce%40lists.fedoraproject.org/message/SW2NRC3V53PIBXFPFBVWCOM2MDDILWQS/"", ""source"": ""secalert@redhat.com"", ""tags"": []}, {""url"": ""https://lists.fedoraproject.org/archives/list/package-announce%40lists.fedoraproject.org/message/SWFUDSBSABRHQOX6TIQ5O3SNPFTPFQQP/"", ""source"": ""secalert@redhat.com"", ""tags"": []}, {""url"": ""https://security.gentoo.org/glsa/202305-30"", ""source"": ""secalert@redhat.com"", ""tags"": [""Third Party Advisory""]}, {""url"": ""https://www.openwall.com/lists/oss-security/2023/03/29/1"", ""source"": ""secalert@redhat.com"", ""tags"": [""Mailing List"", ""Third Party Advisory""]}, {""url"": ""https://gitlab.freedesktop.org/xorg/xserver/-/commit/26ef545b3502f61ca722a7a3373507e88ef64110"", ""source"": ""af854a3a-2127-422b-91ae-364da2661108"", ""tags"": [""Patch""]}, {""url"": ""https://lists.fedoraproject.org/archives/list/package-announce%40lists.fedoraproject.org/message/BPNQYHUI63DB5FHK6EOI3Z4C6YQZGZKI/"", ""source"": ""af854a3a-2127-422b-91ae-364da2661108"", ""tags"": []}, {""url"": ""https://lists.fedoraproject.org/archives/list/package-announce%40lists.fedoraproject.org/message/H3EVO3OQV6T4BSABWZ2TU3PY5TJTEQZ2/"", ""source"": ""af854a3a-2127-422b-91ae-364da2661108"", ""tags"": []}, {""url"": ""https://lists.fedoraproject.org/archives/list/package-announce%40lists.fedoraproject.org/message/MEHSYYFGBN3G4RS2HJXKQ5NBMOAZ5F2F/"", ""source"": ""af854a3a-2127-422b-91ae-364da2661108"", ""tags"": []}, {""url"": ""https://lists.fedoraproject.org/archives/list/package-announce%40lists.fedoraproject.org/message/NOYATGGPMT3COC7ELAJW5TG2PVS3AFR2/"", ""source"": ""af854a3a-2127-422b-91ae-364da2661108"", ""tags"": []}, {""url"": ""https://lists.fedoraproject.org/archives/list/package-announce%40lists.fedoraproject.org/message/PSAAGI5V77FQXIT5PP4URP6BYQVCK5U5/"", ""source"": ""af854a3a-2127-422b-91ae-364da2661108"", ""tags"": []}, {""url"": ""https://lists.fedoraproject.org/archives/list/package-announce%40lists.fedoraproject.org/message/QHJMSMK7G4GPLMKIGKXIOL2RTKU5VFWE/"", ""source"": ""af854a3a-2127-422b-91ae-364da2661108"", ""tags"": []}, {""url"": ""https://lists.fedoraproject.org/archives/list/package-announce%40lists.fedoraproject.org/message/SW2NRC3V53PIBXFPFBVWCOM2MDDILWQS/"", ""source"": ""af854a3a-2127-422b-91ae-364da2661108"", ""tags"": []}, {""url"": ""https://lists.fedoraproject.org/archives/list/package-announce%40lists.fedoraproject.org/message/SWFUDSBSABRHQOX6TIQ5O3SNPFTPFQQP/"", ""source"": ""af854a3a-2127-422b-91ae-364da2661108"", ""tags"": []}, {""url"": ""https://security.gentoo.org/glsa/202305-30"", ""source"": ""af854a3a-2127-422b-91ae-364da2661108"", ""tags"": [""Third Party Advisory""]}, {""url"": ""https://www.openwall.com/lists/oss-security/2023/03/29/1"", ""source"": ""af854a3a-2127-422b-91ae-364da2661108"", ""tags"": [""Mailing List"", ""Third Party Advisory""]}]",False,"[""nvd""]",heldout_real_cve,False
CVE-2023-1393-HELDOUT-Q2,CVE-2023-1393,affected_product,CVE-2023-1393의 영향을 받는 제품이나 버전은 무엇인가?,"A flaw was found in X.Org Server Overlay Window. A Use-After-Free may lead to local privilege escalation. If a client explicitly destroys the compositor overlay window (aka COW), the Xserver would leave a dangling pointer to that window in the CompScreen structure, which will trigger a use-after-free later.",HIGH,7.8,LOCAL,LOW,LOW,NONE,"[""CWE-416""]","[{""vendor"": ""x.org"", ""product"": ""x_server"", ""version"": ""*"", ""criteria"": ""cpe:2.3:a:x.org:x_server:*:*:*:*:*:*:*:*"", ""vulnerable"": true, ""versionEndExcluding"": ""21.1.8""}, {""vendor"": ""fedoraproject"", ""product"": ""fedora"", ""version"": ""36"", ""criteria"": ""cpe:2.3:o:fedoraproject:fedora:36:*:*:*:*:*:*:*"", ""vulnerable"": true}, {""vendor"": ""fedoraproject"", ""product"": ""fedora"", ""version"": ""37"", ""criteria"": ""cpe:2.3:o:fedoraproject:fedora:37:*:*:*:*:*:*:*"", ""vulnerable"": true}, {""vendor"": ""fedoraproject"", ""product"": ""fedora"", ""version"": ""38"", ""criteria"": ""cpe:2.3:o:fedoraproject:fedora:38:*:*:*:*:*:*:*"", ""vulnerable"": true}]","[{""url"": ""https://gitlab.freedesktop.org/xorg/xserver/-/commit/26ef545b3502f61ca722a7a3373507e88ef64110"", ""source"": ""secalert@redhat.com"", ""tags"": [""Patch""]}, {""url"": ""https://lists.fedoraproject.org/archives/list/package-announce%40lists.fedoraproject.org/message/BPNQYHUI63DB5FHK6EOI3Z4C6YQZGZKI/"", ""source"": ""secalert@redhat.com"", ""tags"": []}, {""url"": ""https://lists.fedoraproject.org/archives/list/package-announce%40lists.fedoraproject.org/message/H3EVO3OQV6T4BSABWZ2TU3PY5TJTEQZ2/"", ""source"": ""secalert@redhat.com"", ""tags"": []}, {""url"": ""https://lists.fedoraproject.org/archives/list/package-announce%40lists.fedoraproject.org/message/MEHSYYFGBN3G4RS2HJXKQ5NBMOAZ5F2F/"", ""source"": ""secalert@redhat.com"", ""tags"": []}, {""url"": ""https://lists.fedoraproject.org/archives/list/package-announce%40lists.fedoraproject.org/message/NOYATGGPMT3COC7ELAJW5TG2PVS3AFR2/"", ""source"": ""secalert@redhat.com"", ""tags"": []}, {""url"": ""https://lists.fedoraproject.org/archives/list/package-announce%40lists.fedoraproject.org/message/PSAAGI5V77FQXIT5PP4URP6BYQVCK5U5/"", ""source"": ""secalert@redhat.com"", ""tags"": []}, {""url"": ""https://lists.fedoraproject.org/archives/list/package-announce%40lists.fedoraproject.org/message/QHJMSMK7G4GPLMKIGKXIOL2RTKU5VFWE/"", ""source"": ""secalert@redhat.com"", ""tags"": []}, {""url"": ""https://lists.fedoraproject.org/archives/list/package-announce%40lists.fedoraproject.org/message/SW2NRC3V53PIBXFPFBVWCOM2MDDILWQS/"", ""source"": ""secalert@redhat.com"", ""tags"": []}, {""url"": ""https://lists.fedoraproject.org/archives/list/package-announce%40lists.fedoraproject.org/message/SWFUDSBSABRHQOX6TIQ5O3SNPFTPFQQP/"", ""source"": ""secalert@redhat.com"", ""tags"": []}, {""url"": ""https://security.gentoo.org/glsa/202305-30"", ""source"": ""secalert@redhat.com"", ""tags"": [""Third Party Advisory""]}, {""url"": ""https://www.openwall.com/lists/oss-security/2023/03/29/1"", ""source"": ""secalert@redhat.com"", ""tags"": [""Mailing List"", ""Third Party Advisory""]}, {""url"": ""https://gitlab.freedesktop.org/xorg/xserver/-/commit/26ef545b3502f61ca722a7a3373507e88ef64110"", ""source"": ""af854a3a-2127-422b-91ae-364da2661108"", ""tags"": [""Patch""]}, {""url"": ""https://lists.fedoraproject.org/archives/list/package-announce%40lists.fedoraproject.org/message/BPNQYHUI63DB5FHK6EOI3Z4C6YQZGZKI/"", ""source"": ""af854a3a-2127-422b-91ae-364da2661108"", ""tags"": []}, {""url"": ""https://lists.fedoraproject.org/archives/list/package-announce%40lists.fedoraproject.org/message/H3EVO3OQV6T4BSABWZ2TU3PY5TJTEQZ2/"", ""source"": ""af854a3a-2127-422b-91ae-364da2661108"", ""tags"": []}, {""url"": ""https://lists.fedoraproject.org/archives/list/package-announce%40lists.fedoraproject.org/message/MEHSYYFGBN3G4RS2HJXKQ5NBMOAZ5F2F/"", ""source"": ""af854a3a-2127-422b-91ae-364da2661108"", ""tags"": []}, {""url"": ""https://lists.fedoraproject.org/archives/list/package-announce%40lists.fedoraproject.org/message/NOYATGGPMT3COC7ELAJW5TG2PVS3AFR2/"", ""source"": ""af854a3a-2127-422b-91ae-364da2661108"", ""tags"": []}, {""url"": ""https://lists.fedoraproject.org/archives/list/package-announce%40lists.fedoraproject.org/message/PSAAGI5V77FQXIT5PP4URP6BYQVCK5U5/"", ""source"": ""af854a3a-2127-422b-91ae-364da2661108"", ""tags"": []}, {""url"": ""https://lists.fedoraproject.org/archives/list/package-announce%40lists.fedoraproject.org/message/QHJMSMK7G4GPLMKIGKXIOL2RTKU5VFWE/"", ""source"": ""af854a3a-2127-422b-91ae-364da2661108"", ""tags"": []}, {""url"": ""https://lists.fedoraproject.org/archives/list/package-announce%40lists.fedoraproject.org/message/SW2NRC3V53PIBXFPFBVWCOM2MDDILWQS/"", ""source"": ""af854a3a-2127-422b-91ae-364da2661108"", ""tags"": []}, {""url"": ""https://lists.fedoraproject.org/archives/list/package-announce%40lists.fedoraproject.org/message/SWFUDSBSABRHQOX6TIQ5O3SNPFTPFQQP/"", ""source"": ""af854a3a-2127-422b-91ae-364da2661108"", ""tags"": []}, {""url"": ""https://security.gentoo.org/glsa/202305-30"", ""source"": ""af854a3a-2127-422b-91ae-364da2661108"", ""tags"": [""Third Party Advisory""]}, {""url"": ""https://www.openwall.com/lists/oss-security/2023/03/29/1"", ""source"": ""af854a3a-2127-422b-91ae-364da2661108"", ""tags"": [""Mailing List"", ""Third Party Advisory""]}]",False,"[""nvd""]",heldout_real_cve,False
CVE-2023-1393-HELDOUT-Q3,CVE-2023-1393,attack_condition,CVE-2023-1393는 원격 공격이 가능한가? 인증이나 사용자 상호작용이 필요한가?,"A flaw was found in X.Org Server Overlay Window. A Use-After-Free may lead to local privilege escalation. If a client explicitly destroys the compositor overlay window (aka COW), the Xserver would leave a dangling pointer to that window in the CompScreen structure, which will trigger a use-after-free later.",HIGH,7.8,LOCAL,LOW,LOW,NONE,"[""CWE-416""]","[{""vendor"": ""x.org"", ""product"": ""x_server"", ""version"": ""*"", ""criteria"": ""cpe:2.3:a:x.org:x_server:*:*:*:*:*:*:*:*"", ""vulnerable"": true, ""versionEndExcluding"": ""21.1.8""}, {""vendor"": ""fedoraproject"", ""product"": ""fedora"", ""version"": ""36"", ""criteria"": ""cpe:2.3:o:fedoraproject:fedora:36:*:*:*:*:*:*:*"", ""vulnerable"": true}, {""vendor"": ""fedoraproject"", ""product"": ""fedora"", ""version"": ""37"", ""criteria"": ""cpe:2.3:o:fedoraproject:fedora:37:*:*:*:*:*:*:*"", ""vulnerable"": true}, {""vendor"": ""fedoraproject"", ""product"": ""fedora"", ""version"": ""38"", ""criteria"": ""cpe:2.3:o:fedoraproject:fedora:38:*:*:*:*:*:*:*"", ""vulnerable"": true}]","[{""url"": ""https://gitlab.freedesktop.org/xorg/xserver/-/commit/26ef545b3502f61ca722a7a3373507e88ef64110"", ""source"": ""secalert@redhat.com"", ""tags"": [""Patch""]}, {""url"": ""https://lists.fedoraproject.org/archives/list/package-announce%40lists.fedoraproject.org/message/BPNQYHUI63DB5FHK6EOI3Z4C6YQZGZKI/"", ""source"": ""secalert@redhat.com"", ""tags"": []}, {""url"": ""https://lists.fedoraproject.org/archives/list/package-announce%40lists.fedoraproject.org/message/H3EVO3OQV6T4BSABWZ2TU3PY5TJTEQZ2/"", ""source"": ""secalert@redhat.com"", ""tags"": []}, {""url"": ""https://lists.fedoraproject.org/archives/list/package-announce%40lists.fedoraproject.org/message/MEHSYYFGBN3G4RS2HJXKQ5NBMOAZ5F2F/"", ""source"": ""secalert@redhat.com"", ""tags"": []}, {""url"": ""https://lists.fedoraproject.org/archives/list/package-announce%40lists.fedoraproject.org/message/NOYATGGPMT3COC7ELAJW5TG2PVS3AFR2/"", ""source"": ""secalert@redhat.com"", ""tags"": []}, {""url"": ""https://lists.fedoraproject.org/archives/list/package-announce%40lists.fedoraproject.org/message/PSAAGI5V77FQXIT5PP4URP6BYQVCK5U5/"", ""source"": ""secalert@redhat.com"", ""tags"": []}, {""url"": ""https://lists.fedoraproject.org/archives/list/package-announce%40lists.fedoraproject.org/message/QHJMSMK7G4GPLMKIGKXIOL2RTKU5VFWE/"", ""source"": ""secalert@redhat.com"", ""tags"": []}, {""url"": ""https://lists.fedoraproject.org/archives/list/package-announce%40lists.fedoraproject.org/message/SW2NRC3V53PIBXFPFBVWCOM2MDDILWQS/"", ""source"": ""secalert@redhat.com"", ""tags"": []}, {""url"": ""https://lists.fedoraproject.org/archives/list/package-announce%40lists.fedoraproject.org/message/SWFUDSBSABRHQOX6TIQ5O3SNPFTPFQQP/"", ""source"": ""secalert@redhat.com"", ""tags"": []}, {""url"": ""https://security.gentoo.org/glsa/202305-30"", ""source"": ""secalert@redhat.com"", ""tags"": [""Third Party Advisory""]}, {""url"": ""https://www.openwall.com/lists/oss-security/2023/03/29/1"", ""source"": ""secalert@redhat.com"", ""tags"": [""Mailing List"", ""Third Party Advisory""]}, {""url"": ""https://gitlab.freedesktop.org/xorg/xserver/-/commit/26ef545b3502f61ca722a7a3373507e88ef64110"", ""source"": ""af854a3a-2127-422b-91ae-364da2661108"", ""tags"": [""Patch""]}, {""url"": ""https://lists.fedoraproject.org/archives/list/package-announce%40lists.fedoraproject.org/message/BPNQYHUI63DB5FHK6EOI3Z4C6YQZGZKI/"", ""source"": ""af854a3a-2127-422b-91ae-364da2661108"", ""tags"": []}, {""url"": ""https://lists.fedoraproject.org/archives/list/package-announce%40lists.fedoraproject.org/message/H3EVO3OQV6T4BSABWZ2TU3PY5TJTEQZ2/"", ""source"": ""af854a3a-2127-422b-91ae-364da2661108"", ""tags"": []}, {""url"": ""https://lists.fedoraproject.org/archives/list/package-announce%40lists.fedoraproject.org/message/MEHSYYFGBN3G4RS2HJXKQ5NBMOAZ5F2F/"", ""source"": ""af854a3a-2127-422b-91ae-364da2661108"", ""tags"": []}, {""url"": ""https://lists.fedoraproject.org/archives/list/package-announce%40lists.fedoraproject.org/message/NOYATGGPMT3COC7ELAJW5TG2PVS3AFR2/"", ""source"": ""af854a3a-2127-422b-91ae-364da2661108"", ""tags"": []}, {""url"": ""https://lists.fedoraproject.org/archives/list/package-announce%40lists.fedoraproject.org/message/PSAAGI5V77FQXIT5PP4URP6BYQVCK5U5/"", ""source"": ""af854a3a-2127-422b-91ae-364da2661108"", ""tags"": []}, {""url"": ""https://lists.fedoraproject.org/archives/list/package-announce%40lists.fedoraproject.org/message/QHJMSMK7G4GPLMKIGKXIOL2RTKU5VFWE/"", ""source"": ""af854a3a-2127-422b-91ae-364da2661108"", ""tags"": []}, {""url"": ""https://lists.fedoraproject.org/archives/list/package-announce%40lists.fedoraproject.org/message/SW2NRC3V53PIBXFPFBVWCOM2MDDILWQS/"", ""source"": ""af854a3a-2127-422b-91ae-364da2661108"", ""tags"": []}, {""url"": ""https://lists.fedoraproject.org/archives/list/package-announce%40lists.fedoraproject.org/message/SWFUDSBSABRHQOX6TIQ5O3SNPFTPFQQP/"", ""source"": ""af854a3a-2127-422b-91ae-364da2661108"", ""tags"": []}, {""url"": ""https://security.gentoo.org/glsa/202305-30"", ""source"": ""af854a3a-2127-422b-91ae-364da2661108"", ""tags"": [""Third Party Advisory""]}, {""url"": ""https://www.openwall.com/lists/oss-security/2023/03/29/1"", ""source"": ""af854a3a-2127-422b-91ae-364da2661108"", ""tags"": [""Mailing List"", ""Third Party Advisory""]}]",False,"[""nvd""]",heldout_real_cve,False
CVE-2023-1393-HELDOUT-Q4,CVE-2023-1393,severity_reason,CVE-2023-1393의 위험도가 HIGH로 평가되는 이유는 무엇인가?,"A flaw was found in X.Org Server Overlay Window. A Use-After-Free may lead to local privilege escalation. If a client explicitly destroys the compositor overlay window (aka COW), the Xserver would leave a dangling pointer to that window in the CompScreen structure, which will trigger a use-after-free later.",HIGH,7.8,LOCAL,LOW,LOW,NONE,"[""CWE-416""]","[{""vendor"": ""x.org"", ""product"": ""x_server"", ""version"": ""*"", ""criteria"": ""cpe:2.3:a:x.org:x_server:*:*:*:*:*:*:*:*"", ""vulnerable"": true, ""versionEndExcluding"": ""21.1.8""}, {""vendor"": ""fedoraproject"", ""product"": ""fedora"", ""version"": ""36"", ""criteria"": ""cpe:2.3:o:fedoraproject:fedora:36:*:*:*:*:*:*:*"", ""vulnerable"": true}, {""vendor"": ""fedoraproject"", ""product"": ""fedora"", ""version"": ""37"", ""criteria"": ""cpe:2.3:o:fedoraproject:fedora:37:*:*:*:*:*:*:*"", ""vulnerable"": true}, {""vendor"": ""fedoraproject"", ""product"": ""fedora"", ""version"": ""38"", ""criteria"": ""cpe:2.3:o:fedoraproject:fedora:38:*:*:*:*:*:*:*"", ""vulnerable"": true}]","[{""url"": ""https://gitlab.freedesktop.org/xorg/xserver/-/commit/26ef545b3502f61ca722a7a3373507e88ef64110"", ""source"": ""secalert@redhat.com"", ""tags"": [""Patch""]}, {""url"": ""https://lists.fedoraproject.org/archives/list/package-announce%40lists.fedoraproject.org/message/BPNQYHUI63DB5FHK6EOI3Z4C6YQZGZKI/"", ""source"": ""secalert@redhat.com"", ""tags"": []}, {""url"": ""https://lists.fedoraproject.org/archives/list/package-announce%40lists.fedoraproject.org/message/H3EVO3OQV6T4BSABWZ2TU3PY5TJTEQZ2/"", ""source"": ""secalert@redhat.com"", ""tags"": []}, {""url"": ""https://lists.fedoraproject.org/archives/list/package-announce%40lists.fedoraproject.org/message/MEHSYYFGBN3G4RS2HJXKQ5NBMOAZ5F2F/"", ""source"": ""secalert@redhat.com"", ""tags"": []}, {""url"": ""https://lists.fedoraproject.org/archives/list/package-announce%40lists.fedoraproject.org/message/NOYATGGPMT3COC7ELAJW5TG2PVS3AFR2/"", ""source"": ""secalert@redhat.com"", ""tags"": []}, {""url"": ""https://lists.fedoraproject.org/archives/list/package-announce%40lists.fedoraproject.org/message/PSAAGI5V77FQXIT5PP4URP6BYQVCK5U5/"", ""source"": ""secalert@redhat.com"", ""tags"": []}, {""url"": ""https://lists.fedoraproject.org/archives/list/package-announce%40lists.fedoraproject.org/message/QHJMSMK7G4GPLMKIGKXIOL2RTKU5VFWE/"", ""source"": ""secalert@redhat.com"", ""tags"": []}, {""url"": ""https://lists.fedoraproject.org/archives/list/package-announce%40lists.fedoraproject.org/message/SW2NRC3V53PIBXFPFBVWCOM2MDDILWQS/"", ""source"": ""secalert@redhat.com"", ""tags"": []}, {""url"": ""https://lists.fedoraproject.org/archives/list/package-announce%40lists.fedoraproject.org/message/SWFUDSBSABRHQOX6TIQ5O3SNPFTPFQQP/"", ""source"": ""secalert@redhat.com"", ""tags"": []}, {""url"": ""https://security.gentoo.org/glsa/202305-30"", ""source"": ""secalert@redhat.com"", ""tags"": [""Third Party Advisory""]}, {""url"": ""https://www.openwall.com/lists/oss-security/2023/03/29/1"", ""source"": ""secalert@redhat.com"", ""tags"": [""Mailing List"", ""Third Party Advisory""]}, {""url"": ""https://gitlab.freedesktop.org/xorg/xserver/-/commit/26ef545b3502f61ca722a7a3373507e88ef64110"", ""source"": ""af854a3a-2127-422b-91ae-364da2661108"", ""tags"": [""Patch""]}, {""url"": ""https://lists.fedoraproject.org/archives/list/package-announce%40lists.fedoraproject.org/message/BPNQYHUI63DB5FHK6EOI3Z4C6YQZGZKI/"", ""source"": ""af854a3a-2127-422b-91ae-364da2661108"", ""tags"": []}, {""url"": ""https://lists.fedoraproject.org/archives/list/package-announce%40lists.fedoraproject.org/message/H3EVO3OQV6T4BSABWZ2TU3PY5TJTEQZ2/"", ""source"": ""af854a3a-2127-422b-91ae-364da2661108"", ""tags"": []}, {""url"": ""https://lists.fedoraproject.org/archives/list/package-announce%40lists.fedoraproject.org/message/MEHSYYFGBN3G4RS2HJXKQ5NBMOAZ5F2F/"", ""source"": ""af854a3a-2127-422b-91ae-364da2661108"", ""tags"": []}, {""url"": ""https://lists.fedoraproject.org/archives/list/package-announce%40lists.fedoraproject.org/message/NOYATGGPMT3COC7ELAJW5TG2PVS3AFR2/"", ""source"": ""af854a3a-2127-422b-91ae-364da2661108"", ""tags"": []}, {""url"": ""https://lists.fedoraproject.org/archives/list/package-announce%40lists.fedoraproject.org/message/PSAAGI5V77FQXIT5PP4URP6BYQVCK5U5/"", ""source"": ""af854a3a-2127-422b-91ae-364da2661108"", ""tags"": []}, {""url"": ""https://lists.fedoraproject.org/archives/list/package-announce%40lists.fedoraproject.org/message/QHJMSMK7G4GPLMKIGKXIOL2RTKU5VFWE/"", ""source"": ""af854a3a-2127-422b-91ae-364da2661108"", ""tags"": []}, {""url"": ""https://lists.fedoraproject.org/archives/list/package-announce%40lists.fedoraproject.org/message/SW2NRC3V53PIBXFPFBVWCOM2MDDILWQS/"", ""source"": ""af854a3a-2127-422b-91ae-364da2661108"", ""tags"": []}, {""url"": ""https://lists.fedoraproject.org/archives/list/package-announce%40lists.fedoraproject.org/message/SWFUDSBSABRHQOX6TIQ5O3SNPFTPFQQP/"", ""source"": ""af854a3a-2127-422b-91ae-364da2661108"", ""tags"": []}, {""url"": ""https://security.gentoo.org/glsa/202305-30"", ""source"": ""af854a3a-2127-422b-91ae-364da2661108"", ""tags"": [""Third Party Advisory""]}, {""url"": ""https://www.openwall.com/lists/oss-security/2023/03/29/1"", ""source"": ""af854a3a-2127-422b-91ae-364da2661108"", ""tags"": [""Mailing List"", ""Third Party Advisory""]}]",False,"[""nvd""]",heldout_real_cve,False
CVE-2023-1393-HELDOUT-Q5,CVE-2023-1393,mitigation,CVE-2023-1393에 대한 대응 방법이나 완화 방안은 무엇인가?,"A flaw was found in X.Org Server Overlay Window. A Use-After-Free may lead to local privilege escalation. If a client explicitly destroys the compositor overlay window (aka COW), the Xserver would leave a dangling pointer to that window in the CompScreen structure, which will trigger a use-after-free later.",HIGH,7.8,LOCAL,LOW,LOW,NONE,"[""CWE-416""]","[{""vendor"": ""x.org"", ""product"": ""x_server"", ""version"": ""*"", ""criteria"": ""cpe:2.3:a:x.org:x_server:*:*:*:*:*:*:*:*"", ""vulnerable"": true, ""versionEndExcluding"": ""21.1.8""}, {""vendor"": ""fedoraproject"", ""product"": ""fedora"", ""version"": ""36"", ""criteria"": ""cpe:2.3:o:fedoraproject:fedora:36:*:*:*:*:*:*:*"", ""vulnerable"": true}, {""vendor"": ""fedoraproject"", ""product"": ""fedora"", ""version"": ""37"", ""criteria"": ""cpe:2.3:o:fedoraproject:fedora:37:*:*:*:*:*:*:*"", ""vulnerable"": true}, {""vendor"": ""fedoraproject"", ""product"": ""fedora"", ""version"": ""38"", ""criteria"": ""cpe:2.3:o:fedoraproject:fedora:38:*:*:*:*:*:*:*"", ""vulnerable"": true}]","[{""url"": ""https://gitlab.freedesktop.org/xorg/xserver/-/commit/26ef545b3502f61ca722a7a3373507e88ef64110"", ""source"": ""secalert@redhat.com"", ""tags"": [""Patch""]}, {""url"": ""https://lists.fedoraproject.org/archives/list/package-announce%40lists.fedoraproject.org/message/BPNQYHUI63DB5FHK6EOI3Z4C6YQZGZKI/"", ""source"": ""secalert@redhat.com"", ""tags"": []}, {""url"": ""https://lists.fedoraproject.org/archives/list/package-announce%40lists.fedoraproject.org/message/H3EVO3OQV6T4BSABWZ2TU3PY5TJTEQZ2/"", ""source"": ""secalert@redhat.com"", ""tags"": []}, {""url"": ""https://lists.fedoraproject.org/archives/list/package-announce%40lists.fedoraproject.org/message/MEHSYYFGBN3G4RS2HJXKQ5NBMOAZ5F2F/"", ""source"": ""secalert@redhat.com"", ""tags"": []}, {""url"": ""https://lists.fedoraproject.org/archives/list/package-announce%40lists.fedoraproject.org/message/NOYATGGPMT3COC7ELAJW5TG2PVS3AFR2/"", ""source"": ""secalert@redhat.com"", ""tags"": []}, {""url"": ""https://lists.fedoraproject.org/archives/list/package-announce%40lists.fedoraproject.org/message/PSAAGI5V77FQXIT5PP4URP6BYQVCK5U5/"", ""source"": ""secalert@redhat.com"", ""tags"": []}, {""url"": ""https://lists.fedoraproject.org/archives/list/package-announce%40lists.fedoraproject.org/message/QHJMSMK7G4GPLMKIGKXIOL2RTKU5VFWE/"", ""source"": ""secalert@redhat.com"", ""tags"": []}, {""url"": ""https://lists.fedoraproject.org/archives/list/package-announce%40lists.fedoraproject.org/message/SW2NRC3V53PIBXFPFBVWCOM2MDDILWQS/"", ""source"": ""secalert@redhat.com"", ""tags"": []}, {""url"": ""https://lists.fedoraproject.org/archives/list/package-announce%40lists.fedoraproject.org/message/SWFUDSBSABRHQOX6TIQ5O3SNPFTPFQQP/"", ""source"": ""secalert@redhat.com"", ""tags"": []}, {""url"": ""https://security.gentoo.org/glsa/202305-30"", ""source"": ""secalert@redhat.com"", ""tags"": [""Third Party Advisory""]}, {""url"": ""https://www.openwall.com/lists/oss-security/2023/03/29/1"", ""source"": ""secalert@redhat.com"", ""tags"": [""Mailing List"", ""Third Party Advisory""]}, {""url"": ""https://gitlab.freedesktop.org/xorg/xserver/-/commit/26ef545b3502f61ca722a7a3373507e88ef64110"", ""source"": ""af854a3a-2127-422b-91ae-364da2661108"", ""tags"": [""Patch""]}, {""url"": ""https://lists.fedoraproject.org/archives/list/package-announce%40lists.fedoraproject.org/message/BPNQYHUI63DB5FHK6EOI3Z4C6YQZGZKI/"", ""source"": ""af854a3a-2127-422b-91ae-364da2661108"", ""tags"": []}, {""url"": ""https://lists.fedoraproject.org/archives/list/package-announce%40lists.fedoraproject.org/message/H3EVO3OQV6T4BSABWZ2TU3PY5TJTEQZ2/"", ""source"": ""af854a3a-2127-422b-91ae-364da2661108"", ""tags"": []}, {""url"": ""https://lists.fedoraproject.org/archives/list/package-announce%40lists.fedoraproject.org/message/MEHSYYFGBN3G4RS2HJXKQ5NBMOAZ5F2F/"", ""source"": ""af854a3a-2127-422b-91ae-364da2661108"", ""tags"": []}, {""url"": ""https://lists.fedoraproject.org/archives/list/package-announce%40lists.fedoraproject.org/message/NOYATGGPMT3COC7ELAJW5TG2PVS3AFR2/"", ""source"": ""af854a3a-2127-422b-91ae-364da2661108"", ""tags"": []}, {""url"": ""https://lists.fedoraproject.org/archives/list/package-announce%40lists.fedoraproject.org/message/PSAAGI5V77FQXIT5PP4URP6BYQVCK5U5/"", ""source"": ""af854a3a-2127-422b-91ae-364da2661108"", ""tags"": []}, {""url"": ""https://lists.fedoraproject.org/archives/list/package-announce%40lists.fedoraproject.org/message/QHJMSMK7G4GPLMKIGKXIOL2RTKU5VFWE/"", ""source"": ""af854a3a-2127-422b-91ae-364da2661108"", ""tags"": []}, {""url"": ""https://lists.fedoraproject.org/archives/list/package-announce%40lists.fedoraproject.org/message/SW2NRC3V53PIBXFPFBVWCOM2MDDILWQS/"", ""source"": ""af854a3a-2127-422b-91ae-364da2661108"", ""tags"": []}, {""url"": ""https://lists.fedoraproject.org/archives/list/package-announce%40lists.fedoraproject.org/message/SWFUDSBSABRHQOX6TIQ5O3SNPFTPFQQP/"", ""source"": ""af854a3a-2127-422b-91ae-364da2661108"", ""tags"": []}, {""url"": ""https://security.gentoo.org/glsa/202305-30"", ""source"": ""af854a3a-2127-422b-91ae-364da2661108"", ""tags"": [""Third Party Advisory""]}, {""url"": ""https://www.openwall.com/lists/oss-security/2023/03/29/1"", ""source"": ""af854a3a-2127-422b-91ae-364da2661108"", ""tags"": [""Mailing List"", ""Third Party Advisory""]}]",False,"[""nvd""]",heldout_real_cve,False
CVE-2025-11120-HELDOUT-Q1,CVE-2025-11120,vulnerability_summary,CVE-2025-11120는 어떤 취약점인가?,A weakness has been identified in Tenda AC8 16.03.34.06. The affected element is the function formSetServerConfig of the file /goform/SetServerConfig. Executing manipulation can lead to buffer overflow. It is possible to launch the attack remotely. The exploit has been made available to the public and could be exploited.,HIGH,8.8,NETWORK,LOW,LOW,NONE,"[""CWE-119"", ""CWE-120""]","[{""vendor"": ""tenda"", ""product"": ""ac18_firmware"", ""version"": ""16.03.34.06"", ""criteria"": ""cpe:2.3:o:tenda:ac18_firmware:16.03.34.06:*:*:*:*:*:*:*"", ""vulnerable"": true}, {""vendor"": ""tenda"", ""product"": ""ac18"", ""version"": ""4.0"", ""criteria"": ""cpe:2.3:h:tenda:ac18:4.0:*:*:*:*:*:*:*"", ""vulnerable"": false}]","[{""url"": ""https://github.com/alc9700jmo/CVE/issues/19"", ""source"": ""cna@vuldb.com"", ""tags"": [""Exploit"", ""Issue Tracking""]}, {""url"": ""https://vuldb.com/?ctiid.326201"", ""source"": ""cna@vuldb.com"", ""tags"": [""Permissions Required"", ""VDB Entry""]}, {""url"": ""https://vuldb.com/?id.326201"", ""source"": ""cna@vuldb.com"", ""tags"": [""Third Party Advisory"", ""VDB Entry""]}, {""url"": ""https://vuldb.com/?submit.664065"", ""source"": ""cna@vuldb.com"", ""tags"": [""Third Party Advisory"", ""VDB Entry""]}, {""url"": ""https://www.tenda.com.cn/"", ""source"": ""cna@vuldb.com"", ""tags"": [""Product""]}, {""url"": ""https://github.com/alc9700jmo/CVE/issues/19"", ""source"": ""134c704f-9b21-4f2e-91b3-4a467353bcc0"", ""tags"": [""Exploit"", ""Issue Tracking""]}]",False,"[""nvd""]",heldout_real_cve,False
CVE-2025-11120-HELDOUT-Q2,CVE-2025-11120,affected_product,CVE-2025-11120의 영향을 받는 제품이나 버전은 무엇인가?,A weakness has been identified in Tenda AC8 16.03.34.06. The affected element is the function formSetServerConfig of the file /goform/SetServerConfig. Executing manipulation can lead to buffer overflow. It is possible to launch the attack remotely. The exploit has been made available to the public and could be exploited.,HIGH,8.8,NETWORK,LOW,LOW,NONE,"[""CWE-119"", ""CWE-120""]","[{""vendor"": ""tenda"", ""product"": ""ac18_firmware"", ""version"": ""16.03.34.06"", ""criteria"": ""cpe:2.3:o:tenda:ac18_firmware:16.03.34.06:*:*:*:*:*:*:*"", ""vulnerable"": true}, {""vendor"": ""tenda"", ""product"": ""ac18"", ""version"": ""4.0"", ""criteria"": ""cpe:2.3:h:tenda:ac18:4.0:*:*:*:*:*:*:*"", ""vulnerable"": false}]","[{""url"": ""https://github.com/alc9700jmo/CVE/issues/19"", ""source"": ""cna@vuldb.com"", ""tags"": [""Exploit"", ""Issue Tracking""]}, {""url"": ""https://vuldb.com/?ctiid.326201"", ""source"": ""cna@vuldb.com"", ""tags"": [""Permissions Required"", ""VDB Entry""]}, {""url"": ""https://vuldb.com/?id.326201"", ""source"": ""cna@vuldb.com"", ""tags"": [""Third Party Advisory"", ""VDB Entry""]}, {""url"": ""https://vuldb.com/?submit.664065"", ""source"": ""cna@vuldb.com"", ""tags"": [""Third Party Advisory"", ""VDB Entry""]}, {""url"": ""https://www.tenda.com.cn/"", ""source"": ""cna@vuldb.com"", ""tags"": [""Product""]}, {""url"": ""https://github.com/alc9700jmo/CVE/issues/19"", ""source"": ""134c704f-9b21-4f2e-91b3-4a467353bcc0"", ""tags"": [""Exploit"", ""Issue Tracking""]}]",False,"[""nvd""]",heldout_real_cve,False
CVE-2025-11120-HELDOUT-Q3,CVE-2025-11120,attack_condition,CVE-2025-11120는 원격 공격이 가능한가? 인증이나 사용자 상호작용이 필요한가?,A weakness has been identified in Tenda AC8 16.03.34.06. The affected element is the function formSetServerConfig of the file /goform/SetServerConfig. Executing manipulation can lead to buffer overflow. It is possible to launch the attack remotely. The exploit has been made available to the public and could be exploited.,HIGH,8.8,NETWORK,LOW,LOW,NONE,"[""CWE-119"", ""CWE-120""]","[{""vendor"": ""tenda"", ""product"": ""ac18_firmware"", ""version"": ""16.03.34.06"", ""criteria"": ""cpe:2.3:o:tenda:ac18_firmware:16.03.34.06:*:*:*:*:*:*:*"", ""vulnerable"": true}, {""vendor"": ""tenda"", ""product"": ""ac18"", ""version"": ""4.0"", ""criteria"": ""cpe:2.3:h:tenda:ac18:4.0:*:*:*:*:*:*:*"", ""vulnerable"": false}]","[{""url"": ""https://github.com/alc9700jmo/CVE/issues/19"", ""source"": ""cna@vuldb.com"", ""tags"": [""Exploit"", ""Issue Tracking""]}, {""url"": ""https://vuldb.com/?ctiid.326201"", ""source"": ""cna@vuldb.com"", ""tags"": [""Permissions Required"", ""VDB Entry""]}, {""url"": ""https://vuldb.com/?id.326201"", ""source"": ""cna@vuldb.com"", ""tags"": [""Third Party Advisory"", ""VDB Entry""]}, {""url"": ""https://vuldb.com/?submit.664065"", ""source"": ""cna@vuldb.com"", ""tags"": [""Third Party Advisory"", ""VDB Entry""]}, {""url"": ""https://www.tenda.com.cn/"", ""source"": ""cna@vuldb.com"", ""tags"": [""Product""]}, {""url"": ""https://github.com/alc9700jmo/CVE/issues/19"", ""source"": ""134c704f-9b21-4f2e-91b3-4a467353bcc0"", ""tags"": [""Exploit"", ""Issue Tracking""]}]",False,"[""nvd""]",heldout_real_cve,False
CVE-2025-11120-HELDOUT-Q4,CVE-2025-11120,severity_reason,CVE-2025-11120의 위험도가 HIGH로 평가되는 이유는 무엇인가?,A weakness has been identified in Tenda AC8 16.03.34.06. The affected element is the function formSetServerConfig of the file /goform/SetServerConfig. Executing manipulation can lead to buffer overflow. It is possible to launch the attack remotely. The exploit has been made available to the public and could be exploited.,HIGH,8.8,NETWORK,LOW,LOW,NONE,"[""CWE-119"", ""CWE-120""]","[{""vendor"": ""tenda"", ""product"": ""ac18_firmware"", ""version"": ""16.03.34.06"", ""criteria"": ""cpe:2.3:o:tenda:ac18_firmware:16.03.34.06:*:*:*:*:*:*:*"", ""vulnerable"": true}, {""vendor"": ""tenda"", ""product"": ""ac18"", ""version"": ""4.0"", ""criteria"": ""cpe:2.3:h:tenda:ac18:4.0:*:*:*:*:*:*:*"", ""vulnerable"": false}]","[{""url"": ""https://github.com/alc9700jmo/CVE/issues/19"", ""source"": ""cna@vuldb.com"", ""tags"": [""Exploit"", ""Issue Tracking""]}, {""url"": ""https://vuldb.com/?ctiid.326201"", ""source"": ""cna@vuldb.com"", ""tags"": [""Permissions Required"", ""VDB Entry""]}, {""url"": ""https://vuldb.com/?id.326201"", ""source"": ""cna@vuldb.com"", ""tags"": [""Third Party Advisory"", ""VDB Entry""]}, {""url"": ""https://vuldb.com/?submit.664065"", ""source"": ""cna@vuldb.com"", ""tags"": [""Third Party Advisory"", ""VDB Entry""]}, {""url"": ""https://www.tenda.com.cn/"", ""source"": ""cna@vuldb.com"", ""tags"": [""Product""]}, {""url"": ""https://github.com/alc9700jmo/CVE/issues/19"", ""source"": ""134c704f-9b21-4f2e-91b3-4a467353bcc0"", ""tags"": [""Exploit"", ""Issue Tracking""]}]",False,"[""nvd""]",heldout_real_cve,False
CVE-2025-11120-HELDOUT-Q5,CVE-2025-11120,mitigation,CVE-2025-11120에 대한 대응 방법이나 완화 방안은 무엇인가?,A weakness has been identified in Tenda AC8 16.03.34.06. The affected element is the function formSetServerConfig of the file /goform/SetServerConfig. Executing manipulation can lead to buffer overflow. It is possible to launch the attack remotely. The exploit has been made available to the public and could be exploited.,HIGH,8.8,NETWORK,LOW,LOW,NONE,"[""CWE-119"", ""CWE-120""]","[{""vendor"": ""tenda"", ""product"": ""ac18_firmware"", ""version"": ""16.03.34.06"", ""criteria"": ""cpe:2.3:o:tenda:ac18_firmware:16.03.34.06:*:*:*:*:*:*:*"", ""vulnerable"": true}, {""vendor"": ""tenda"", ""product"": ""ac18"", ""version"": ""4.0"", ""criteria"": ""cpe:2.3:h:tenda:ac18:4.0:*:*:*:*:*:*:*"", ""vulnerable"": false}]","[{""url"": ""https://github.com/alc9700jmo/CVE/issues/19"", ""source"": ""cna@vuldb.com"", ""tags"": [""Exploit"", ""Issue Tracking""]}, {""url"": ""https://vuldb.com/?ctiid.326201"", ""source"": ""cna@vuldb.com"", ""tags"": [""Permissions Required"", ""VDB Entry""]}, {""url"": ""https://vuldb.com/?id.326201"", ""source"": ""cna@vuldb.com"", ""tags"": [""Third Party Advisory"", ""VDB Entry""]}, {""url"": ""https://vuldb.com/?submit.664065"", ""source"": ""cna@vuldb.com"", ""tags"": [""Third Party Advisory"", ""VDB Entry""]}, {""url"": ""https://www.tenda.com.cn/"", ""source"": ""cna@vuldb.com"", ""tags"": [""Product""]}, {""url"": ""https://github.com/alc9700jmo/CVE/issues/19"", ""source"": ""134c704f-9b21-4f2e-91b3-4a467353bcc0"", ""tags"": [""Exploit"", ""Issue Tracking""]}]",False,"[""nvd""]",heldout_real_cve,False
CVE-2026-7426-HELDOUT-Q1,CVE-2026-7426,vulnerability_summary,CVE-2026-7426는 어떤 취약점인가?,"Insufficient validation of the prefix length field in IPv6 Router Advertisement processing in FreeRTOS-Plus-TCP before V4.2.6 and V4.4.1 allows an adjacent network actor to cause memory corruption by sending a crafted Router Advertisement with a prefix length value exceeding the maximum valid length, resulting in a heap buffer overflow. Users processing IPv4 RA only are not impacted. To mitigate this issue, users should upgrade to the fixed version when available.",HIGH,8.1,ADJACENT_NETWORK,LOW,NONE,NONE,"[""CWE-787""]","[{""vendor"": ""amazon"", ""product"": ""freertos-plus-tcp"", ""version"": ""*"", ""criteria"": ""cpe:2.3:a:amazon:freertos-plus-tcp:*:*:*:*:*:*:*:*"", ""vulnerable"": true, ""versionStartIncluding"": ""4.0.0"", ""versionEndExcluding"": ""4.2.6""}, {""vendor"": ""amazon"", ""product"": ""freertos-plus-tcp"", ""version"": ""*"", ""criteria"": ""cpe:2.3:a:amazon:freertos-plus-tcp:*:*:*:*:*:*:*:*"", ""vulnerable"": true, ""versionStartIncluding"": ""4.3.0"", ""versionEndExcluding"": ""4.4.1""}]","[{""url"": ""https://aws.amazon.com/security/security-bulletins/2026-023-aws/"", ""source"": ""ff89ba41-3aa1-4d27-914a-91399e9639e5"", ""tags"": [""Vendor Advisory""]}, {""url"": ""https://github.com/FreeRTOS/FreeRTOS-Plus-TCP/releases/tag/V4.2.6"", ""source"": ""ff89ba41-3aa1-4d27-914a-91399e9639e5"", ""tags"": [""Release Notes""]}, {""url"": ""https://github.com/FreeRTOS/FreeRTOS-Plus-TCP/releases/tag/V4.4.1"", ""source"": ""ff89ba41-3aa1-4d27-914a-91399e9639e5"", ""tags"": [""Release Notes""]}, {""url"": ""https://github.com/FreeRTOS/FreeRTOS-Plus-TCP/security/advisories/GHSA-97qg-4359-xm3x"", ""source"": ""ff89ba41-3aa1-4d27-914a-91399e9639e5"", ""tags"": [""Patch"", ""Vendor Advisory""]}]",False,"[""nvd""]",heldout_real_cve,False
CVE-2026-7426-HELDOUT-Q2,CVE-2026-7426,affected_product,CVE-2026-7426의 영향을 받는 제품이나 버전은 무엇인가?,"Insufficient validation of the prefix length field in IPv6 Router Advertisement processing in FreeRTOS-Plus-TCP before V4.2.6 and V4.4.1 allows an adjacent network actor to cause memory corruption by sending a crafted Router Advertisement with a prefix length value exceeding the maximum valid length, resulting in a heap buffer overflow. Users processing IPv4 RA only are not impacted. To mitigate this issue, users should upgrade to the fixed version when available.",HIGH,8.1,ADJACENT_NETWORK,LOW,NONE,NONE,"[""CWE-787""]","[{""vendor"": ""amazon"", ""product"": ""freertos-plus-tcp"", ""version"": ""*"", ""criteria"": ""cpe:2.3:a:amazon:freertos-plus-tcp:*:*:*:*:*:*:*:*"", ""vulnerable"": true, ""versionStartIncluding"": ""4.0.0"", ""versionEndExcluding"": ""4.2.6""}, {""vendor"": ""amazon"", ""product"": ""freertos-plus-tcp"", ""version"": ""*"", ""criteria"": ""cpe:2.3:a:amazon:freertos-plus-tcp:*:*:*:*:*:*:*:*"", ""vulnerable"": true, ""versionStartIncluding"": ""4.3.0"", ""versionEndExcluding"": ""4.4.1""}]","[{""url"": ""https://aws.amazon.com/security/security-bulletins/2026-023-aws/"", ""source"": ""ff89ba41-3aa1-4d27-914a-91399e9639e5"", ""tags"": [""Vendor Advisory""]}, {""url"": ""https://github.com/FreeRTOS/FreeRTOS-Plus-TCP/releases/tag/V4.2.6"", ""source"": ""ff89ba41-3aa1-4d27-914a-91399e9639e5"", ""tags"": [""Release Notes""]}, {""url"": ""https://github.com/FreeRTOS/FreeRTOS-Plus-TCP/releases/tag/V4.4.1"", ""source"": ""ff89ba41-3aa1-4d27-914a-91399e9639e5"", ""tags"": [""Release Notes""]}, {""url"": ""https://github.com/FreeRTOS/FreeRTOS-Plus-TCP/security/advisories/GHSA-97qg-4359-xm3x"", ""source"": ""ff89ba41-3aa1-4d27-914a-91399e9639e5"", ""tags"": [""Patch"", ""Vendor Advisory""]}]",False,"[""nvd""]",heldout_real_cve,False
CVE-2026-7426-HELDOUT-Q3,CVE-2026-7426,attack_condition,CVE-2026-7426는 원격 공격이 가능한가? 인증이나 사용자 상호작용이 필요한가?,"Insufficient validation of the prefix length field in IPv6 Router Advertisement processing in FreeRTOS-Plus-TCP before V4.2.6 and V4.4.1 allows an adjacent network actor to cause memory corruption by sending a crafted Router Advertisement with a prefix length value exceeding the maximum valid length, resulting in a heap buffer overflow. Users processing IPv4 RA only are not impacted. To mitigate this issue, users should upgrade to the fixed version when available.",HIGH,8.1,ADJACENT_NETWORK,LOW,NONE,NONE,"[""CWE-787""]","[{""vendor"": ""amazon"", ""product"": ""freertos-plus-tcp"", ""version"": ""*"", ""criteria"": ""cpe:2.3:a:amazon:freertos-plus-tcp:*:*:*:*:*:*:*:*"", ""vulnerable"": true, ""versionStartIncluding"": ""4.0.0"", ""versionEndExcluding"": ""4.2.6""}, {""vendor"": ""amazon"", ""product"": ""freertos-plus-tcp"", ""version"": ""*"", ""criteria"": ""cpe:2.3:a:amazon:freertos-plus-tcp:*:*:*:*:*:*:*:*"", ""vulnerable"": true, ""versionStartIncluding"": ""4.3.0"", ""versionEndExcluding"": ""4.4.1""}]","[{""url"": ""https://aws.amazon.com/security/security-bulletins/2026-023-aws/"", ""source"": ""ff89ba41-3aa1-4d27-914a-91399e9639e5"", ""tags"": [""Vendor Advisory""]}, {""url"": ""https://github.com/FreeRTOS/FreeRTOS-Plus-TCP/releases/tag/V4.2.6"", ""source"": ""ff89ba41-3aa1-4d27-914a-91399e9639e5"", ""tags"": [""Release Notes""]}, {""url"": ""https://github.com/FreeRTOS/FreeRTOS-Plus-TCP/releases/tag/V4.4.1"", ""source"": ""ff89ba41-3aa1-4d27-914a-91399e9639e5"", ""tags"": [""Release Notes""]}, {""url"": ""https://github.com/FreeRTOS/FreeRTOS-Plus-TCP/security/advisories/GHSA-97qg-4359-xm3x"", ""source"": ""ff89ba41-3aa1-4d27-914a-91399e9639e5"", ""tags"": [""Patch"", ""Vendor Advisory""]}]",False,"[""nvd""]",heldout_real_cve,False
CVE-2026-7426-HELDOUT-Q4,CVE-2026-7426,severity_reason,CVE-2026-7426의 위험도가 HIGH로 평가되는 이유는 무엇인가?,"Insufficient validation of the prefix length field in IPv6 Router Advertisement processing in FreeRTOS-Plus-TCP before V4.2.6 and V4.4.1 allows an adjacent network actor to cause memory corruption by sending a crafted Router Advertisement with a prefix length value exceeding the maximum valid length, resulting in a heap buffer overflow. Users processing IPv4 RA only are not impacted. To mitigate this issue, users should upgrade to the fixed version when available.",HIGH,8.1,ADJACENT_NETWORK,LOW,NONE,NONE,"[""CWE-787""]","[{""vendor"": ""amazon"", ""product"": ""freertos-plus-tcp"", ""version"": ""*"", ""criteria"": ""cpe:2.3:a:amazon:freertos-plus-tcp:*:*:*:*:*:*:*:*"", ""vulnerable"": true, ""versionStartIncluding"": ""4.0.0"", ""versionEndExcluding"": ""4.2.6""}, {""vendor"": ""amazon"", ""product"": ""freertos-plus-tcp"", ""version"": ""*"", ""criteria"": ""cpe:2.3:a:amazon:freertos-plus-tcp:*:*:*:*:*:*:*:*"", ""vulnerable"": true, ""versionStartIncluding"": ""4.3.0"", ""versionEndExcluding"": ""4.4.1""}]","[{""url"": ""https://aws.amazon.com/security/security-bulletins/2026-023-aws/"", ""source"": ""ff89ba41-3aa1-4d27-914a-91399e9639e5"", ""tags"": [""Vendor Advisory""]}, {""url"": ""https://github.com/FreeRTOS/FreeRTOS-Plus-TCP/releases/tag/V4.2.6"", ""source"": ""ff89ba41-3aa1-4d27-914a-91399e9639e5"", ""tags"": [""Release Notes""]}, {""url"": ""https://github.com/FreeRTOS/FreeRTOS-Plus-TCP/releases/tag/V4.4.1"", ""source"": ""ff89ba41-3aa1-4d27-914a-91399e9639e5"", ""tags"": [""Release Notes""]}, {""url"": ""https://github.com/FreeRTOS/FreeRTOS-Plus-TCP/security/advisories/GHSA-97qg-4359-xm3x"", ""source"": ""ff89ba41-3aa1-4d27-914a-91399e9639e5"", ""tags"": [""Patch"", ""Vendor Advisory""]}]",False,"[""nvd""]",heldout_real_cve,False
CVE-2026-7426-HELDOUT-Q5,CVE-2026-7426,mitigation,CVE-2026-7426에 대한 대응 방법이나 완화 방안은 무엇인가?,"Insufficient validation of the prefix length field in IPv6 Router Advertisement processing in FreeRTOS-Plus-TCP before V4.2.6 and V4.4.1 allows an adjacent network actor to cause memory corruption by sending a crafted Router Advertisement with a prefix length value exceeding the maximum valid length, resulting in a heap buffer overflow. Users processing IPv4 RA only are not impacted. To mitigate this issue, users should upgrade to the fixed version when available.",HIGH,8.1,ADJACENT_NETWORK,LOW,NONE,NONE,"[""CWE-787""]","[{""vendor"": ""amazon"", ""product"": ""freertos-plus-tcp"", ""version"": ""*"", ""criteria"": ""cpe:2.3:a:amazon:freertos-plus-tcp:*:*:*:*:*:*:*:*"", ""vulnerable"": true, ""versionStartIncluding"": ""4.0.0"", ""versionEndExcluding"": ""4.2.6""}, {""vendor"": ""amazon"", ""product"": ""freertos-plus-tcp"", ""version"": ""*"", ""criteria"": ""cpe:2.3:a:amazon:freertos-plus-tcp:*:*:*:*:*:*:*:*"", ""vulnerable"": true, ""versionStartIncluding"": ""4.3.0"", ""versionEndExcluding"": ""4.4.1""}]","[{""url"": ""https://aws.amazon.com/security/security-bulletins/2026-023-aws/"", ""source"": ""ff89ba41-3aa1-4d27-914a-91399e9639e5"", ""tags"": [""Vendor Advisory""]}, {""url"": ""https://github.com/FreeRTOS/FreeRTOS-Plus-TCP/releases/tag/V4.2.6"", ""source"": ""ff89ba41-3aa1-4d27-914a-91399e9639e5"", ""tags"": [""Release Notes""]}, {""url"": ""https://github.com/FreeRTOS/FreeRTOS-Plus-TCP/releases/tag/V4.4.1"", ""source"": ""ff89ba41-3aa1-4d27-914a-91399e9639e5"", ""tags"": [""Release Notes""]}, {""url"": ""https://github.com/FreeRTOS/FreeRTOS-Plus-TCP/security/advisories/GHSA-97qg-4359-xm3x"", ""source"": ""ff89ba41-3aa1-4d27-914a-91399e9639e5"", ""tags"": [""Patch"", ""Vendor Advisory""]}]",False,"[""nvd""]",heldout_real_cve,False
CVE-2023-48496-HELDOUT-Q1,CVE-2023-48496,vulnerability_summary,CVE-2023-48496는 어떤 취약점인가?,"Adobe Experience Manager versions 6.5.18 and earlier are affected by a Cross-site Scripting (DOM-based XSS) vulnerability. If a low-privileged attacker is able to convince a victim to visit a URL referencing a vulnerable page, malicious JavaScript content may be executed within the context of the victim's browser.",MEDIUM,5.4,NETWORK,LOW,LOW,REQUIRED,"[""CWE-79""]","[{""vendor"": ""adobe"", ""product"": ""experience_manager"", ""version"": ""*"", ""criteria"": ""cpe:2.3:a:adobe:experience_manager:*:*:*:*:*:*:*:*"", ""vulnerable"": true, ""versionEndIncluding"": ""6.5.18.0""}, {""vendor"": ""adobe"", ""product"": ""experience_manager_cloud_service"", ""version"": ""*"", ""criteria"": ""cpe:2.3:a:adobe:experience_manager_cloud_service:*:*:*:*:*:*:*:*"", ""vulnerable"": true, ""versionEndExcluding"": ""2023.11""}]","[{""url"": ""https://helpx.adobe.com/security/products/experience-manager/apsb23-72.html"", ""source"": ""psirt@adobe.com"", ""tags"": [""Patch"", ""Vendor Advisory""]}, {""url"": ""https://helpx.adobe.com/security/products/experience-manager/apsb23-72.html"", ""source"": ""af854a3a-2127-422b-91ae-364da2661108"", ""tags"": [""Patch"", ""Vendor Advisory""]}]",False,"[""nvd""]",heldout_real_cve,False
CVE-2023-48496-HELDOUT-Q2,CVE-2023-48496,affected_product,CVE-2023-48496의 영향을 받는 제품이나 버전은 무엇인가?,"Adobe Experience Manager versions 6.5.18 and earlier are affected by a Cross-site Scripting (DOM-based XSS) vulnerability. If a low-privileged attacker is able to convince a victim to visit a URL referencing a vulnerable page, malicious JavaScript content may be executed within the context of the victim's browser.",MEDIUM,5.4,NETWORK,LOW,LOW,REQUIRED,"[""CWE-79""]","[{""vendor"": ""adobe"", ""product"": ""experience_manager"", ""version"": ""*"", ""criteria"": ""cpe:2.3:a:adobe:experience_manager:*:*:*:*:*:*:*:*"", ""vulnerable"": true, ""versionEndIncluding"": ""6.5.18.0""}, {""vendor"": ""adobe"", ""product"": ""experience_manager_cloud_service"", ""version"": ""*"", ""criteria"": ""cpe:2.3:a:adobe:experience_manager_cloud_service:*:*:*:*:*:*:*:*"", ""vulnerable"": true, ""versionEndExcluding"": ""2023.11""}]","[{""url"": ""https://helpx.adobe.com/security/products/experience-manager/apsb23-72.html"", ""source"": ""psirt@adobe.com"", ""tags"": [""Patch"", ""Vendor Advisory""]}, {""url"": ""https://helpx.adobe.com/security/products/experience-manager/apsb23-72.html"", ""source"": ""af854a3a-2127-422b-91ae-364da2661108"", ""tags"": [""Patch"", ""Vendor Advisory""]}]",False,"[""nvd""]",heldout_real_cve,False
CVE-2023-48496-HELDOUT-Q3,CVE-2023-48496,attack_condition,CVE-2023-48496는 원격 공격이 가능한가? 인증이나 사용자 상호작용이 필요한가?,"Adobe Experience Manager versions 6.5.18 and earlier are affected by a Cross-site Scripting (DOM-based XSS) vulnerability. If a low-privileged attacker is able to convince a victim to visit a URL referencing a vulnerable page, malicious JavaScript content may be executed within the context of the victim's browser.",MEDIUM,5.4,NETWORK,LOW,LOW,REQUIRED,"[""CWE-79""]","[{""vendor"": ""adobe"", ""product"": ""experience_manager"", ""version"": ""*"", ""criteria"": ""cpe:2.3:a:adobe:experience_manager:*:*:*:*:*:*:*:*"", ""vulnerable"": true, ""versionEndIncluding"": ""6.5.18.0""}, {""vendor"": ""adobe"", ""product"": ""experience_manager_cloud_service"", ""version"": ""*"", ""criteria"": ""cpe:2.3:a:adobe:experience_manager_cloud_service:*:*:*:*:*:*:*:*"", ""vulnerable"": true, ""versionEndExcluding"": ""2023.11""}]","[{""url"": ""https://helpx.adobe.com/security/products/experience-manager/apsb23-72.html"", ""source"": ""psirt@adobe.com"", ""tags"": [""Patch"", ""Vendor Advisory""]}, {""url"": ""https://helpx.adobe.com/security/products/experience-manager/apsb23-72.html"", ""source"": ""af854a3a-2127-422b-91ae-364da2661108"", ""tags"": [""Patch"", ""Vendor Advisory""]}]",False,"[""nvd""]",heldout_real_cve,False
CVE-2023-48496-HELDOUT-Q4,CVE-2023-48496,severity_reason,CVE-2023-48496의 위험도가 MEDIUM로 평가되는 이유는 무엇인가?,"Adobe Experience Manager versions 6.5.18 and earlier are affected by a Cross-site Scripting (DOM-based XSS) vulnerability. If a low-privileged attacker is able to convince a victim to visit a URL referencing a vulnerable page, malicious JavaScript content may be executed within the context of the victim's browser.",MEDIUM,5.4,NETWORK,LOW,LOW,REQUIRED,"[""CWE-79""]","[{""vendor"": ""adobe"", ""product"": ""experience_manager"", ""version"": ""*"", ""criteria"": ""cpe:2.3:a:adobe:experience_manager:*:*:*:*:*:*:*:*"", ""vulnerable"": true, ""versionEndIncluding"": ""6.5.18.0""}, {""vendor"": ""adobe"", ""product"": ""experience_manager_cloud_service"", ""version"": ""*"", ""criteria"": ""cpe:2.3:a:adobe:experience_manager_cloud_service:*:*:*:*:*:*:*:*"", ""vulnerable"": true, ""versionEndExcluding"": ""2023.11""}]","[{""url"": ""https://helpx.adobe.com/security/products/experience-manager/apsb23-72.html"", ""source"": ""psirt@adobe.com"", ""tags"": [""Patch"", ""Vendor Advisory""]}, {""url"": ""https://helpx.adobe.com/security/products/experience-manager/apsb23-72.html"", ""source"": ""af854a3a-2127-422b-91ae-364da2661108"", ""tags"": [""Patch"", ""Vendor Advisory""]}]",False,"[""nvd""]",heldout_real_cve,False
CVE-2023-48496-HELDOUT-Q5,CVE-2023-48496,mitigation,CVE-2023-48496에 대한 대응 방법이나 완화 방안은 무엇인가?,"Adobe Experience Manager versions 6.5.18 and earlier are affected by a Cross-site Scripting (DOM-based XSS) vulnerability. If a low-privileged attacker is able to convince a victim to visit a URL referencing a vulnerable page, malicious JavaScript content may be executed within the context of the victim's browser.",MEDIUM,5.4,NETWORK,LOW,LOW,REQUIRED,"[""CWE-79""]","[{""vendor"": ""adobe"", ""product"": ""experience_manager"", ""version"": ""*"", ""criteria"": ""cpe:2.3:a:adobe:experience_manager:*:*:*:*:*:*:*:*"", ""vulnerable"": true, ""versionEndIncluding"": ""6.5.18.0""}, {""vendor"": ""adobe"", ""product"": ""experience_manager_cloud_service"", ""version"": ""*"", ""criteria"": ""cpe:2.3:a:adobe:experience_manager_cloud_service:*:*:*:*:*:*:*:*"", ""vulnerable"": true, ""versionEndExcluding"": ""2023.11""}]","[{""url"": ""https://helpx.adobe.com/security/products/experience-manager/apsb23-72.html"", ""source"": ""psirt@adobe.com"", ""tags"": [""Patch"", ""Vendor Advisory""]}, {""url"": ""https://helpx.adobe.com/security/products/experience-manager/apsb23-72.html"", ""source"": ""af854a3a-2127-422b-91ae-364da2661108"", ""tags"": [""Patch"", ""Vendor Advisory""]}]",False,"[""nvd""]",heldout_real_cve,False
CVE-2023-52785-HELDOUT-Q1,CVE-2023-52785,vulnerability_summary,CVE-2023-52785는 어떤 취약점인가?,"In the Linux kernel, the following vulnerability has been resolved: scsi: ufs: core: Fix racing issue between ufshcd_mcq_abort() and ISR If command timeout happens and cq complete IRQ is raised at the same time, ufshcd_mcq_abort clears lprb->cmd and a NULL pointer deref happens in the ISR. Error log: ufshcd_abort: Device abort task at tag 18 Unable to handle kernel NULL pointer dereference at virtual address 0000000000000108 pc : [0xffffffe27ef867ac] scsi_dma_unmap+0xc/0x44 lr : [0xffffffe27f1b898c] ufshcd_release_scsi_cmd+0x24/0x114",MEDIUM,4.7,LOCAL,HIGH,LOW,NONE,"[""CWE-362""]","[{""vendor"": ""linux"", ""product"": ""linux_kernel"", ""version"": ""*"", ""criteria"": ""cpe:2.3:o:linux:linux_kernel:*:*:*:*:*:*:*:*"", ""vulnerable"": true, ""versionStartIncluding"": ""6.5"", ""versionEndExcluding"": ""6.5.13""}, {""vendor"": ""linux"", ""product"": ""linux_kernel"", ""version"": ""*"", ""criteria"": ""cpe:2.3:o:linux:linux_kernel:*:*:*:*:*:*:*:*"", ""vulnerable"": true, ""versionStartIncluding"": ""6.6"", ""versionEndExcluding"": ""6.6.3""}, {""vendor"": ""linux"", ""product"": ""linux_kernel"", ""version"": ""6.7"", ""criteria"": ""cpe:2.3:o:linux:linux_kernel:6.7:rc1:*:*:*:*:*:*"", ""vulnerable"": true}]","[{""url"": ""https://git.kernel.org/stable/c/27900d7119c464b43cd9eac69c85884d17bae240"", ""source"": ""416baaa9-dc9f-4396-8d5f-8c081fb06d67"", ""tags"": [""Patch""]}, {""url"": ""https://git.kernel.org/stable/c/8f15a7e3c054d960bbd1521110700450bbf798a1"", ""source"": ""416baaa9-dc9f-4396-8d5f-8c081fb06d67"", ""tags"": [""Patch""]}, {""url"": ""https://git.kernel.org/stable/c/f84d461f33a6b27304d468d9cfb56c0cefdb4ee7"", ""source"": ""416baaa9-dc9f-4396-8d5f-8c081fb06d67"", ""tags"": [""Patch""]}, {""url"": ""https://git.kernel.org/stable/c/27900d7119c464b43cd9eac69c85884d17bae240"", ""source"": ""af854a3a-2127-422b-91ae-364da2661108"", ""tags"": [""Patch""]}, {""url"": ""https://git.kernel.org/stable/c/8f15a7e3c054d960bbd1521110700450bbf798a1"", ""source"": ""af854a3a-2127-422b-91ae-364da2661108"", ""tags"": [""Patch""]}, {""url"": ""https://git.kernel.org/stable/c/f84d461f33a6b27304d468d9cfb56c0cefdb4ee7"", ""source"": ""af854a3a-2127-422b-91ae-364da2661108"", ""tags"": [""Patch""]}]",False,"[""nvd""]",heldout_real_cve,False
CVE-2023-52785-HELDOUT-Q2,CVE-2023-52785,affected_product,CVE-2023-52785의 영향을 받는 제품이나 버전은 무엇인가?,"In the Linux kernel, the following vulnerability has been resolved: scsi: ufs: core: Fix racing issue between ufshcd_mcq_abort() and ISR If command timeout happens and cq complete IRQ is raised at the same time, ufshcd_mcq_abort clears lprb->cmd and a NULL pointer deref happens in the ISR. Error log: ufshcd_abort: Device abort task at tag 18 Unable to handle kernel NULL pointer dereference at virtual address 0000000000000108 pc : [0xffffffe27ef867ac] scsi_dma_unmap+0xc/0x44 lr : [0xffffffe27f1b898c] ufshcd_release_scsi_cmd+0x24/0x114",MEDIUM,4.7,LOCAL,HIGH,LOW,NONE,"[""CWE-362""]","[{""vendor"": ""linux"", ""product"": ""linux_kernel"", ""version"": ""*"", ""criteria"": ""cpe:2.3:o:linux:linux_kernel:*:*:*:*:*:*:*:*"", ""vulnerable"": true, ""versionStartIncluding"": ""6.5"", ""versionEndExcluding"": ""6.5.13""}, {""vendor"": ""linux"", ""product"": ""linux_kernel"", ""version"": ""*"", ""criteria"": ""cpe:2.3:o:linux:linux_kernel:*:*:*:*:*:*:*:*"", ""vulnerable"": true, ""versionStartIncluding"": ""6.6"", ""versionEndExcluding"": ""6.6.3""}, {""vendor"": ""linux"", ""product"": ""linux_kernel"", ""version"": ""6.7"", ""criteria"": ""cpe:2.3:o:linux:linux_kernel:6.7:rc1:*:*:*:*:*:*"", ""vulnerable"": true}]","[{""url"": ""https://git.kernel.org/stable/c/27900d7119c464b43cd9eac69c85884d17bae240"", ""source"": ""416baaa9-dc9f-4396-8d5f-8c081fb06d67"", ""tags"": [""Patch""]}, {""url"": ""https://git.kernel.org/stable/c/8f15a7e3c054d960bbd1521110700450bbf798a1"", ""source"": ""416baaa9-dc9f-4396-8d5f-8c081fb06d67"", ""tags"": [""Patch""]}, {""url"": ""https://git.kernel.org/stable/c/f84d461f33a6b27304d468d9cfb56c0cefdb4ee7"", ""source"": ""416baaa9-dc9f-4396-8d5f-8c081fb06d67"", ""tags"": [""Patch""]}, {""url"": ""https://git.kernel.org/stable/c/27900d7119c464b43cd9eac69c85884d17bae240"", ""source"": ""af854a3a-2127-422b-91ae-364da2661108"", ""tags"": [""Patch""]}, {""url"": ""https://git.kernel.org/stable/c/8f15a7e3c054d960bbd1521110700450bbf798a1"", ""source"": ""af854a3a-2127-422b-91ae-364da2661108"", ""tags"": [""Patch""]}, {""url"": ""https://git.kernel.org/stable/c/f84d461f33a6b27304d468d9cfb56c0cefdb4ee7"", ""source"": ""af854a3a-2127-422b-91ae-364da2661108"", ""tags"": [""Patch""]}]",False,"[""nvd""]",heldout_real_cve,False
CVE-2023-52785-HELDOUT-Q3,CVE-2023-52785,attack_condition,CVE-2023-52785는 원격 공격이 가능한가? 인증이나 사용자 상호작용이 필요한가?,"In the Linux kernel, the following vulnerability has been resolved: scsi: ufs: core: Fix racing issue between ufshcd_mcq_abort() and ISR If command timeout happens and cq complete IRQ is raised at the same time, ufshcd_mcq_abort clears lprb->cmd and a NULL pointer deref happens in the ISR. Error log: ufshcd_abort: Device abort task at tag 18 Unable to handle kernel NULL pointer dereference at virtual address 0000000000000108 pc : [0xffffffe27ef867ac] scsi_dma_unmap+0xc/0x44 lr : [0xffffffe27f1b898c] ufshcd_release_scsi_cmd+0x24/0x114",MEDIUM,4.7,LOCAL,HIGH,LOW,NONE,"[""CWE-362""]","[{""vendor"": ""linux"", ""product"": ""linux_kernel"", ""version"": ""*"", ""criteria"": ""cpe:2.3:o:linux:linux_kernel:*:*:*:*:*:*:*:*"", ""vulnerable"": true, ""versionStartIncluding"": ""6.5"", ""versionEndExcluding"": ""6.5.13""}, {""vendor"": ""linux"", ""product"": ""linux_kernel"", ""version"": ""*"", ""criteria"": ""cpe:2.3:o:linux:linux_kernel:*:*:*:*:*:*:*:*"", ""vulnerable"": true, ""versionStartIncluding"": ""6.6"", ""versionEndExcluding"": ""6.6.3""}, {""vendor"": ""linux"", ""product"": ""linux_kernel"", ""version"": ""6.7"", ""criteria"": ""cpe:2.3:o:linux:linux_kernel:6.7:rc1:*:*:*:*:*:*"", ""vulnerable"": true}]","[{""url"": ""https://git.kernel.org/stable/c/27900d7119c464b43cd9eac69c85884d17bae240"", ""source"": ""416baaa9-dc9f-4396-8d5f-8c081fb06d67"", ""tags"": [""Patch""]}, {""url"": ""https://git.kernel.org/stable/c/8f15a7e3c054d960bbd1521110700450bbf798a1"", ""source"": ""416baaa9-dc9f-4396-8d5f-8c081fb06d67"", ""tags"": [""Patch""]}, {""url"": ""https://git.kernel.org/stable/c/f84d461f33a6b27304d468d9cfb56c0cefdb4ee7"", ""source"": ""416baaa9-dc9f-4396-8d5f-8c081fb06d67"", ""tags"": [""Patch""]}, {""url"": ""https://git.kernel.org/stable/c/27900d7119c464b43cd9eac69c85884d17bae240"", ""source"": ""af854a3a-2127-422b-91ae-364da2661108"", ""tags"": [""Patch""]}, {""url"": ""https://git.kernel.org/stable/c/8f15a7e3c054d960bbd1521110700450bbf798a1"", ""source"": ""af854a3a-2127-422b-91ae-364da2661108"", ""tags"": [""Patch""]}, {""url"": ""https://git.kernel.org/stable/c/f84d461f33a6b27304d468d9cfb56c0cefdb4ee7"", ""source"": ""af854a3a-2127-422b-91ae-364da2661108"", ""tags"": [""Patch""]}]",False,"[""nvd""]",heldout_real_cve,False
CVE-2023-52785-HELDOUT-Q4,CVE-2023-52785,severity_reason,CVE-2023-52785의 위험도가 MEDIUM로 평가되는 이유는 무엇인가?,"In the Linux kernel, the following vulnerability has been resolved: scsi: ufs: core: Fix racing issue between ufshcd_mcq_abort() and ISR If command timeout happens and cq complete IRQ is raised at the same time, ufshcd_mcq_abort clears lprb->cmd and a NULL pointer deref happens in the ISR. Error log: ufshcd_abort: Device abort task at tag 18 Unable to handle kernel NULL pointer dereference at virtual address 0000000000000108 pc : [0xffffffe27ef867ac] scsi_dma_unmap+0xc/0x44 lr : [0xffffffe27f1b898c] ufshcd_release_scsi_cmd+0x24/0x114",MEDIUM,4.7,LOCAL,HIGH,LOW,NONE,"[""CWE-362""]","[{""vendor"": ""linux"", ""product"": ""linux_kernel"", ""version"": ""*"", ""criteria"": ""cpe:2.3:o:linux:linux_kernel:*:*:*:*:*:*:*:*"", ""vulnerable"": true, ""versionStartIncluding"": ""6.5"", ""versionEndExcluding"": ""6.5.13""}, {""vendor"": ""linux"", ""product"": ""linux_kernel"", ""version"": ""*"", ""criteria"": ""cpe:2.3:o:linux:linux_kernel:*:*:*:*:*:*:*:*"", ""vulnerable"": true, ""versionStartIncluding"": ""6.6"", ""versionEndExcluding"": ""6.6.3""}, {""vendor"": ""linux"", ""product"": ""linux_kernel"", ""version"": ""6.7"", ""criteria"": ""cpe:2.3:o:linux:linux_kernel:6.7:rc1:*:*:*:*:*:*"", ""vulnerable"": true}]","[{""url"": ""https://git.kernel.org/stable/c/27900d7119c464b43cd9eac69c85884d17bae240"", ""source"": ""416baaa9-dc9f-4396-8d5f-8c081fb06d67"", ""tags"": [""Patch""]}, {""url"": ""https://git.kernel.org/stable/c/8f15a7e3c054d960bbd1521110700450bbf798a1"", ""source"": ""416baaa9-dc9f-4396-8d5f-8c081fb06d67"", ""tags"": [""Patch""]}, {""url"": ""https://git.kernel.org/stable/c/f84d461f33a6b27304d468d9cfb56c0cefdb4ee7"", ""source"": ""416baaa9-dc9f-4396-8d5f-8c081fb06d67"", ""tags"": [""Patch""]}, {""url"": ""https://git.kernel.org/stable/c/27900d7119c464b43cd9eac69c85884d17bae240"", ""source"": ""af854a3a-2127-422b-91ae-364da2661108"", ""tags"": [""Patch""]}, {""url"": ""https://git.kernel.org/stable/c/8f15a7e3c054d960bbd1521110700450bbf798a1"", ""source"": ""af854a3a-2127-422b-91ae-364da2661108"", ""tags"": [""Patch""]}, {""url"": ""https://git.kernel.org/stable/c/f84d461f33a6b27304d468d9cfb56c0cefdb4ee7"", ""source"": ""af854a3a-2127-422b-91ae-364da2661108"", ""tags"": [""Patch""]}]",False,"[""nvd""]",heldout_real_cve,False
CVE-2023-52785-HELDOUT-Q5,CVE-2023-52785,mitigation,CVE-2023-52785에 대한 대응 방법이나 완화 방안은 무엇인가?,"In the Linux kernel, the following vulnerability has been resolved: scsi: ufs: core: Fix racing issue between ufshcd_mcq_abort() and ISR If command timeout happens and cq complete IRQ is raised at the same time, ufshcd_mcq_abort clears lprb->cmd and a NULL pointer deref happens in the ISR. Error log: ufshcd_abort: Device abort task at tag 18 Unable to handle kernel NULL pointer dereference at virtual address 0000000000000108 pc : [0xffffffe27ef867ac] scsi_dma_unmap+0xc/0x44 lr : [0xffffffe27f1b898c] ufshcd_release_scsi_cmd+0x24/0x114",MEDIUM,4.7,LOCAL,HIGH,LOW,NONE,"[""CWE-362""]","[{""vendor"": ""linux"", ""product"": ""linux_kernel"", ""version"": ""*"", ""criteria"": ""cpe:2.3:o:linux:linux_kernel:*:*:*:*:*:*:*:*"", ""vulnerable"": true, ""versionStartIncluding"": ""6.5"", ""versionEndExcluding"": ""6.5.13""}, {""vendor"": ""linux"", ""product"": ""linux_kernel"", ""version"": ""*"", ""criteria"": ""cpe:2.3:o:linux:linux_kernel:*:*:*:*:*:*:*:*"", ""vulnerable"": true, ""versionStartIncluding"": ""6.6"", ""versionEndExcluding"": ""6.6.3""}, {""vendor"": ""linux"", ""product"": ""linux_kernel"", ""version"": ""6.7"", ""criteria"": ""cpe:2.3:o:linux:linux_kernel:6.7:rc1:*:*:*:*:*:*"", ""vulnerable"": true}]","[{""url"": ""https://git.kernel.org/stable/c/27900d7119c464b43cd9eac69c85884d17bae240"", ""source"": ""416baaa9-dc9f-4396-8d5f-8c081fb06d67"", ""tags"": [""Patch""]}, {""url"": ""https://git.kernel.org/stable/c/8f15a7e3c054d960bbd1521110700450bbf798a1"", ""source"": ""416baaa9-dc9f-4396-8d5f-8c081fb06d67"", ""tags"": [""Patch""]}, {""url"": ""https://git.kernel.org/stable/c/f84d461f33a6b27304d468d9cfb56c0cefdb4ee7"", ""source"": ""416baaa9-dc9f-4396-8d5f-8c081fb06d67"", ""tags"": [""Patch""]}, {""url"": ""https://git.kernel.org/stable/c/27900d7119c464b43cd9eac69c85884d17bae240"", ""source"": ""af854a3a-2127-422b-91ae-364da2661108"", ""tags"": [""Patch""]}, {""url"": ""https://git.kernel.org/stable/c/8f15a7e3c054d960bbd1521110700450bbf798a1"", ""source"": ""af854a3a-2127-422b-91ae-364da2661108"", ""tags"": [""Patch""]}, {""url"": ""https://git.kernel.org/stable/c/f84d461f33a6b27304d468d9cfb56c0cefdb4ee7"", ""source"": ""af854a3a-2127-422b-91ae-364da2661108"", ""tags"": [""Patch""]}]",False,"[""nvd""]",heldout_real_cve,False
CVE-2024-4292-HELDOUT-Q1,CVE-2024-4292,vulnerability_summary,CVE-2024-4292는 어떤 취약점인가?,A vulnerability classified as critical has been found in Contemporary Controls BASrouter BACnet BASRT-B 2.7.2. Affected is an unknown function of the component Device-Communication-Control Service. The manipulation with the input 55ff0500370015f30104025506110afb7519035d0841e4bece257b6acfc71f leads to denial of service. The exploit has been disclosed to the public and may be used. The identifier of this vulnerability is VDB-262224. NOTE: The vendor was contacted early about this disclosure but did not respond in any way.,MEDIUM,6.5,ADJACENT_NETWORK,LOW,NONE,NONE,"[""CWE-404""]",[],"[{""url"": ""https://github.com/isZzzz/BASRT-B_BACnet_Router_Document/blob/main/BASER-B_backdoor.pcapng"", ""source"": ""cna@vuldb.com"", ""tags"": []}, {""url"": ""https://github.com/isZzzz/BASRT-B_BACnet_Router_Document/blob/main/BASRT_CVE_apply.pdf"", ""source"": ""cna@vuldb.com"", ""tags"": []}, {""url"": ""https://vuldb.com/?ctiid.262224"", ""source"": ""cna@vuldb.com"", ""tags"": []}, {""url"": ""https://vuldb.com/?id.262224"", ""source"": ""cna@vuldb.com"", ""tags"": []}, {""url"": ""https://vuldb.com/?submit.320749"", ""source"": ""cna@vuldb.com"", ""tags"": []}, {""url"": ""https://github.com/isZzzz/BASRT-B_BACnet_Router_Document/blob/main/BASER-B_backdoor.pcapng"", ""source"": ""af854a3a-2127-422b-91ae-364da2661108"", ""tags"": []}, {""url"": ""https://github.com/isZzzz/BASRT-B_BACnet_Router_Document/blob/main/BASRT_CVE_apply.pdf"", ""source"": ""af854a3a-2127-422b-91ae-364da2661108"", ""tags"": []}, {""url"": ""https://vuldb.com/?ctiid.262224"", ""source"": ""af854a3a-2127-422b-91ae-364da2661108"", ""tags"": []}, {""url"": ""https://vuldb.com/?id.262224"", ""source"": ""af854a3a-2127-422b-91ae-364da2661108"", ""tags"": []}, {""url"": ""https://vuldb.com/?submit.320749"", ""source"": ""af854a3a-2127-422b-91ae-364da2661108"", ""tags"": []}]",False,"[""nvd""]",heldout_real_cve,False
CVE-2024-4292-HELDOUT-Q2,CVE-2024-4292,affected_product,CVE-2024-4292의 영향을 받는 제품이나 버전은 무엇인가?,A vulnerability classified as critical has been found in Contemporary Controls BASrouter BACnet BASRT-B 2.7.2. Affected is an unknown function of the component Device-Communication-Control Service. The manipulation with the input 55ff0500370015f30104025506110afb7519035d0841e4bece257b6acfc71f leads to denial of service. The exploit has been disclosed to the public and may be used. The identifier of this vulnerability is VDB-262224. NOTE: The vendor was contacted early about this disclosure but did not respond in any way.,MEDIUM,6.5,ADJACENT_NETWORK,LOW,NONE,NONE,"[""CWE-404""]",[],"[{""url"": ""https://github.com/isZzzz/BASRT-B_BACnet_Router_Document/blob/main/BASER-B_backdoor.pcapng"", ""source"": ""cna@vuldb.com"", ""tags"": []}, {""url"": ""https://github.com/isZzzz/BASRT-B_BACnet_Router_Document/blob/main/BASRT_CVE_apply.pdf"", ""source"": ""cna@vuldb.com"", ""tags"": []}, {""url"": ""https://vuldb.com/?ctiid.262224"", ""source"": ""cna@vuldb.com"", ""tags"": []}, {""url"": ""https://vuldb.com/?id.262224"", ""source"": ""cna@vuldb.com"", ""tags"": []}, {""url"": ""https://vuldb.com/?submit.320749"", ""source"": ""cna@vuldb.com"", ""tags"": []}, {""url"": ""https://github.com/isZzzz/BASRT-B_BACnet_Router_Document/blob/main/BASER-B_backdoor.pcapng"", ""source"": ""af854a3a-2127-422b-91ae-364da2661108"", ""tags"": []}, {""url"": ""https://github.com/isZzzz/BASRT-B_BACnet_Router_Document/blob/main/BASRT_CVE_apply.pdf"", ""source"": ""af854a3a-2127-422b-91ae-364da2661108"", ""tags"": []}, {""url"": ""https://vuldb.com/?ctiid.262224"", ""source"": ""af854a3a-2127-422b-91ae-364da2661108"", ""tags"": []}, {""url"": ""https://vuldb.com/?id.262224"", ""source"": ""af854a3a-2127-422b-91ae-364da2661108"", ""tags"": []}, {""url"": ""https://vuldb.com/?submit.320749"", ""source"": ""af854a3a-2127-422b-91ae-364da2661108"", ""tags"": []}]",False,"[""nvd""]",heldout_real_cve,False
CVE-2024-4292-HELDOUT-Q3,CVE-2024-4292,attack_condition,CVE-2024-4292는 원격 공격이 가능한가? 인증이나 사용자 상호작용이 필요한가?,A vulnerability classified as critical has been found in Contemporary Controls BASrouter BACnet BASRT-B 2.7.2. Affected is an unknown function of the component Device-Communication-Control Service. The manipulation with the input 55ff0500370015f30104025506110afb7519035d0841e4bece257b6acfc71f leads to denial of service. The exploit has been disclosed to the public and may be used. The identifier of this vulnerability is VDB-262224. NOTE: The vendor was contacted early about this disclosure but did not respond in any way.,MEDIUM,6.5,ADJACENT_NETWORK,LOW,NONE,NONE,"[""CWE-404""]",[],"[{""url"": ""https://github.com/isZzzz/BASRT-B_BACnet_Router_Document/blob/main/BASER-B_backdoor.pcapng"", ""source"": ""cna@vuldb.com"", ""tags"": []}, {""url"": ""https://github.com/isZzzz/BASRT-B_BACnet_Router_Document/blob/main/BASRT_CVE_apply.pdf"", ""source"": ""cna@vuldb.com"", ""tags"": []}, {""url"": ""https://vuldb.com/?ctiid.262224"", ""source"": ""cna@vuldb.com"", ""tags"": []}, {""url"": ""https://vuldb.com/?id.262224"", ""source"": ""cna@vuldb.com"", ""tags"": []}, {""url"": ""https://vuldb.com/?submit.320749"", ""source"": ""cna@vuldb.com"", ""tags"": []}, {""url"": ""https://github.com/isZzzz/BASRT-B_BACnet_Router_Document/blob/main/BASER-B_backdoor.pcapng"", ""source"": ""af854a3a-2127-422b-91ae-364da2661108"", ""tags"": []}, {""url"": ""https://github.com/isZzzz/BASRT-B_BACnet_Router_Document/blob/main/BASRT_CVE_apply.pdf"", ""source"": ""af854a3a-2127-422b-91ae-364da2661108"", ""tags"": []}, {""url"": ""https://vuldb.com/?ctiid.262224"", ""source"": ""af854a3a-2127-422b-91ae-364da2661108"", ""tags"": []}, {""url"": ""https://vuldb.com/?id.262224"", ""source"": ""af854a3a-2127-422b-91ae-364da2661108"", ""tags"": []}, {""url"": ""https://vuldb.com/?submit.320749"", ""source"": ""af854a3a-2127-422b-91ae-364da2661108"", ""tags"": []}]",False,"[""nvd""]",heldout_real_cve,False
CVE-2024-4292-HELDOUT-Q4,CVE-2024-4292,severity_reason,CVE-2024-4292의 위험도가 MEDIUM로 평가되는 이유는 무엇인가?,A vulnerability classified as critical has been found in Contemporary Controls BASrouter BACnet BASRT-B 2.7.2. Affected is an unknown function of the component Device-Communication-Control Service. The manipulation with the input 55ff0500370015f30104025506110afb7519035d0841e4bece257b6acfc71f leads to denial of service. The exploit has been disclosed to the public and may be used. The identifier of this vulnerability is VDB-262224. NOTE: The vendor was contacted early about this disclosure but did not respond in any way.,MEDIUM,6.5,ADJACENT_NETWORK,LOW,NONE,NONE,"[""CWE-404""]",[],"[{""url"": ""https://github.com/isZzzz/BASRT-B_BACnet_Router_Document/blob/main/BASER-B_backdoor.pcapng"", ""source"": ""cna@vuldb.com"", ""tags"": []}, {""url"": ""https://github.com/isZzzz/BASRT-B_BACnet_Router_Document/blob/main/BASRT_CVE_apply.pdf"", ""source"": ""cna@vuldb.com"", ""tags"": []}, {""url"": ""https://vuldb.com/?ctiid.262224"", ""source"": ""cna@vuldb.com"", ""tags"": []}, {""url"": ""https://vuldb.com/?id.262224"", ""source"": ""cna@vuldb.com"", ""tags"": []}, {""url"": ""https://vuldb.com/?submit.320749"", ""source"": ""cna@vuldb.com"", ""tags"": []}, {""url"": ""https://github.com/isZzzz/BASRT-B_BACnet_Router_Document/blob/main/BASER-B_backdoor.pcapng"", ""source"": ""af854a3a-2127-422b-91ae-364da2661108"", ""tags"": []}, {""url"": ""https://github.com/isZzzz/BASRT-B_BACnet_Router_Document/blob/main/BASRT_CVE_apply.pdf"", ""source"": ""af854a3a-2127-422b-91ae-364da2661108"", ""tags"": []}, {""url"": ""https://vuldb.com/?ctiid.262224"", ""source"": ""af854a3a-2127-422b-91ae-364da2661108"", ""tags"": []}, {""url"": ""https://vuldb.com/?id.262224"", ""source"": ""af854a3a-2127-422b-91ae-364da2661108"", ""tags"": []}, {""url"": ""https://vuldb.com/?submit.320749"", ""source"": ""af854a3a-2127-422b-91ae-364da2661108"", ""tags"": []}]",False,"[""nvd""]",heldout_real_cve,False
CVE-2024-4292-HELDOUT-Q5,CVE-2024-4292,mitigation,CVE-2024-4292에 대한 대응 방법이나 완화 방안은 무엇인가?,A vulnerability classified as critical has been found in Contemporary Controls BASrouter BACnet BASRT-B 2.7.2. Affected is an unknown function of the component Device-Communication-Control Service. The manipulation with the input 55ff0500370015f30104025506110afb7519035d0841e4bece257b6acfc71f leads to denial of service. The exploit has been disclosed to the public and may be used. The identifier of this vulnerability is VDB-262224. NOTE: The vendor was contacted early about this disclosure but did not respond in any way.,MEDIUM,6.5,ADJACENT_NETWORK,LOW,NONE,NONE,"[""CWE-404""]",[],"[{""url"": ""https://github.com/isZzzz/BASRT-B_BACnet_Router_Document/blob/main/BASER-B_backdoor.pcapng"", ""source"": ""cna@vuldb.com"", ""tags"": []}, {""url"": ""https://github.com/isZzzz/BASRT-B_BACnet_Router_Document/blob/main/BASRT_CVE_apply.pdf"", ""source"": ""cna@vuldb.com"", ""tags"": []}, {""url"": ""https://vuldb.com/?ctiid.262224"", ""source"": ""cna@vuldb.com"", ""tags"": []}, {""url"": ""https://vuldb.com/?id.262224"", ""source"": ""cna@vuldb.com"", ""tags"": []}, {""url"": ""https://vuldb.com/?submit.320749"", ""source"": ""cna@vuldb.com"", ""tags"": []}, {""url"": ""https://github.com/isZzzz/BASRT-B_BACnet_Router_Document/blob/main/BASER-B_backdoor.pcapng"", ""source"": ""af854a3a-2127-422b-91ae-364da2661108"", ""tags"": []}, {""url"": ""https://github.com/isZzzz/BASRT-B_BACnet_Router_Document/blob/main/BASRT_CVE_apply.pdf"", ""source"": ""af854a3a-2127-422b-91ae-364da2661108"", ""tags"": []}, {""url"": ""https://vuldb.com/?ctiid.262224"", ""source"": ""af854a3a-2127-422b-91ae-364da2661108"", ""tags"": []}, {""url"": ""https://vuldb.com/?id.262224"", ""source"": ""af854a3a-2127-422b-91ae-364da2661108"", ""tags"": []}, {""url"": ""https://vuldb.com/?submit.320749"", ""source"": ""af854a3a-2127-422b-91ae-364da2661108"", ""tags"": []}]",False,"[""nvd""]",heldout_real_cve,False
CVE-2025-43508-HELDOUT-Q1,CVE-2025-43508,vulnerability_summary,CVE-2025-43508는 어떤 취약점인가?,A logging issue was addressed with improved data redaction. This issue is fixed in macOS Tahoe 26.1. An app may be able to access sensitive user data.,MEDIUM,5.5,LOCAL,LOW,LOW,NONE,"[""CWE-532""]","[{""vendor"": ""apple"", ""product"": ""macos"", ""version"": ""26.0"", ""criteria"": ""cpe:2.3:o:apple:macos:26.0:*:*:*:*:*:*:*"", ""vulnerable"": true}]","[{""url"": ""https://support.apple.com/en-us/125634"", ""source"": ""product-security@apple.com"", ""tags"": [""Vendor Advisory""]}]",False,"[""nvd""]",heldout_real_cve,False
CVE-2025-43508-HELDOUT-Q2,CVE-2025-43508,affected_product,CVE-2025-43508의 영향을 받는 제품이나 버전은 무엇인가?,A logging issue was addressed with improved data redaction. This issue is fixed in macOS Tahoe 26.1. An app may be able to access sensitive user data.,MEDIUM,5.5,LOCAL,LOW,LOW,NONE,"[""CWE-532""]","[{""vendor"": ""apple"", ""product"": ""macos"", ""version"": ""26.0"", ""criteria"": ""cpe:2.3:o:apple:macos:26.0:*:*:*:*:*:*:*"", ""vulnerable"": true}]","[{""url"": ""https://support.apple.com/en-us/125634"", ""source"": ""product-security@apple.com"", ""tags"": [""Vendor Advisory""]}]",False,"[""nvd""]",heldout_real_cve,False
CVE-2025-43508-HELDOUT-Q3,CVE-2025-43508,attack_condition,CVE-2025-43508는 원격 공격이 가능한가? 인증이나 사용자 상호작용이 필요한가?,A logging issue was addressed with improved data redaction. This issue is fixed in macOS Tahoe 26.1. An app may be able to access sensitive user data.,MEDIUM,5.5,LOCAL,LOW,LOW,NONE,"[""CWE-532""]","[{""vendor"": ""apple"", ""product"": ""macos"", ""version"": ""26.0"", ""criteria"": ""cpe:2.3:o:apple:macos:26.0:*:*:*:*:*:*:*"", ""vulnerable"": true}]","[{""url"": ""https://support.apple.com/en-us/125634"", ""source"": ""product-security@apple.com"", ""tags"": [""Vendor Advisory""]}]",False,"[""nvd""]",heldout_real_cve,False
CVE-2025-43508-HELDOUT-Q4,CVE-2025-43508,severity_reason,CVE-2025-43508의 위험도가 MEDIUM로 평가되는 이유는 무엇인가?,A logging issue was addressed with improved data redaction. This issue is fixed in macOS Tahoe 26.1. An app may be able to access sensitive user data.,MEDIUM,5.5,LOCAL,LOW,LOW,NONE,"[""CWE-532""]","[{""vendor"": ""apple"", ""product"": ""macos"", ""version"": ""26.0"", ""criteria"": ""cpe:2.3:o:apple:macos:26.0:*:*:*:*:*:*:*"", ""vulnerable"": true}]","[{""url"": ""https://support.apple.com/en-us/125634"", ""source"": ""product-security@apple.com"", ""tags"": [""Vendor Advisory""]}]",False,"[""nvd""]",heldout_real_cve,False
CVE-2025-43508-HELDOUT-Q5,CVE-2025-43508,mitigation,CVE-2025-43508에 대한 대응 방법이나 완화 방안은 무엇인가?,A logging issue was addressed with improved data redaction. This issue is fixed in macOS Tahoe 26.1. An app may be able to access sensitive user data.,MEDIUM,5.5,LOCAL,LOW,LOW,NONE,"[""CWE-532""]","[{""vendor"": ""apple"", ""product"": ""macos"", ""version"": ""26.0"", ""criteria"": ""cpe:2.3:o:apple:macos:26.0:*:*:*:*:*:*:*"", ""vulnerable"": true}]","[{""url"": ""https://support.apple.com/en-us/125634"", ""source"": ""product-security@apple.com"", ""tags"": [""Vendor Advisory""]}]",False,"[""nvd""]",heldout_real_cve,False
CVE-2099-90001-NONEXISTENT-Q1,CVE-2099-90001,vulnerability_summary,CVE-2099-90001는 어떤 취약점인가?,,,,,,,,[],[],[],False,[],nonexistent_cve,False
CVE-2099-90001-NONEXISTENT-Q2,CVE-2099-90001,affected_product,CVE-2099-90001의 영향을 받는 제품이나 버전은 무엇인가?,,,,,,,,[],[],[],False,[],nonexistent_cve,False
CVE-2099-90001-NONEXISTENT-Q3,CVE-2099-90001,attack_condition,CVE-2099-90001는 원격 공격이 가능한가? 인증이나 사용자 상호작용이 필요한가?,,,,,,,,[],[],[],False,[],nonexistent_cve,False
CVE-2099-90001-NONEXISTENT-Q4,CVE-2099-90001,severity_reason,CVE-2099-90001의 위험도와 그 평가 이유는 무엇인가?,,,,,,,,[],[],[],False,[],nonexistent_cve,False
CVE-2099-90001-NONEXISTENT-Q5,CVE-2099-90001,mitigation,CVE-2099-90001에 대한 대응 방법이나 완화 방안은 무엇인가?,,,,,,,,[],[],[],False,[],nonexistent_cve,False
CVE-2099-90002-NONEXISTENT-Q1,CVE-2099-90002,vulnerability_summary,CVE-2099-90002는 어떤 취약점인가?,,,,,,,,[],[],[],False,[],nonexistent_cve,False
CVE-2099-90002-NONEXISTENT-Q2,CVE-2099-90002,affected_product,CVE-2099-90002의 영향을 받는 제품이나 버전은 무엇인가?,,,,,,,,[],[],[],False,[],nonexistent_cve,False
CVE-2099-90002-NONEXISTENT-Q3,CVE-2099-90002,attack_condition,CVE-2099-90002는 원격 공격이 가능한가? 인증이나 사용자 상호작용이 필요한가?,,,,,,,,[],[],[],False,[],nonexistent_cve,False
CVE-2099-90002-NONEXISTENT-Q4,CVE-2099-90002,severity_reason,CVE-2099-90002의 위험도와 그 평가 이유는 무엇인가?,,,,,,,,[],[],[],False,[],nonexistent_cve,False
CVE-2099-90002-NONEXISTENT-Q5,CVE-2099-90002,mitigation,CVE-2099-90002에 대한 대응 방법이나 완화 방안은 무엇인가?,,,,,,,,[],[],[],False,[],nonexistent_cve,False
CVE-2099-90003-NONEXISTENT-Q1,CVE-2099-90003,vulnerability_summary,CVE-2099-90003는 어떤 취약점인가?,,,,,,,,[],[],[],False,[],nonexistent_cve,False
CVE-2099-90003-NONEXISTENT-Q2,CVE-2099-90003,affected_product,CVE-2099-90003의 영향을 받는 제품이나 버전은 무엇인가?,,,,,,,,[],[],[],False,[],nonexistent_cve,False
CVE-2099-90003-NONEXISTENT-Q3,CVE-2099-90003,attack_condition,CVE-2099-90003는 원격 공격이 가능한가? 인증이나 사용자 상호작용이 필요한가?,,,,,,,,[],[],[],False,[],nonexistent_cve,False
CVE-2099-90003-NONEXISTENT-Q4,CVE-2099-90003,severity_reason,CVE-2099-90003의 위험도와 그 평가 이유는 무엇인가?,,,,,,,,[],[],[],False,[],nonexistent_cve,False
CVE-2099-90003-NONEXISTENT-Q5,CVE-2099-90003,mitigation,CVE-2099-90003에 대한 대응 방법이나 완화 방안은 무엇인가?,,,,,,,,[],[],[],False,[],nonexistent_cve,False
CVE-2099-90004-NONEXISTENT-Q1,CVE-2099-90004,vulnerability_summary,CVE-2099-90004는 어떤 취약점인가?,,,,,,,,[],[],[],False,[],nonexistent_cve,False
CVE-2099-90004-NONEXISTENT-Q2,CVE-2099-90004,affected_product,CVE-2099-90004의 영향을 받는 제품이나 버전은 무엇인가?,,,,,,,,[],[],[],False,[],nonexistent_cve,False
CVE-2099-90004-NONEXISTENT-Q3,CVE-2099-90004,attack_condition,CVE-2099-90004는 원격 공격이 가능한가? 인증이나 사용자 상호작용이 필요한가?,,,,,,,,[],[],[],False,[],nonexistent_cve,False
CVE-2099-90004-NONEXISTENT-Q4,CVE-2099-90004,severity_reason,CVE-2099-90004의 위험도와 그 평가 이유는 무엇인가?,,,,,,,,[],[],[],False,[],nonexistent_cve,False
CVE-2099-90004-NONEXISTENT-Q5,CVE-2099-90004,mitigation,CVE-2099-90004에 대한 대응 방법이나 완화 방안은 무엇인가?,,,,,,,,[],[],[],False,[],nonexistent_cve,False
CVE-2099-90005-NONEXISTENT-Q1,CVE-2099-90005,vulnerability_summary,CVE-2099-90005는 어떤 취약점인가?,,,,,,,,[],[],[],False,[],nonexistent_cve,False
CVE-2099-90005-NONEXISTENT-Q2,CVE-2099-90005,affected_product,CVE-2099-90005의 영향을 받는 제품이나 버전은 무엇인가?,,,,,,,,[],[],[],False,[],nonexistent_cve,False
CVE-2099-90005-NONEXISTENT-Q3,CVE-2099-90005,attack_condition,CVE-2099-90005는 원격 공격이 가능한가? 인증이나 사용자 상호작용이 필요한가?,,,,,,,,[],[],[],False,[],nonexistent_cve,False
CVE-2099-90005-NONEXISTENT-Q4,CVE-2099-90005,severity_reason,CVE-2099-90005의 위험도와 그 평가 이유는 무엇인가?,,,,,,,,[],[],[],False,[],nonexistent_cve,False
CVE-2099-90005-NONEXISTENT-Q5,CVE-2099-90005,mitigation,CVE-2099-90005에 대한 대응 방법이나 완화 방안은 무엇인가?,,,,,,,,[],[],[],False,[],nonexistent_cve,False
CVE-2099-90006-NONEXISTENT-Q1,CVE-2099-90006,vulnerability_summary,CVE-2099-90006는 어떤 취약점인가?,,,,,,,,[],[],[],False,[],nonexistent_cve,False
CVE-2099-90006-NONEXISTENT-Q2,CVE-2099-90006,affected_product,CVE-2099-90006의 영향을 받는 제품이나 버전은 무엇인가?,,,,,,,,[],[],[],False,[],nonexistent_cve,False
CVE-2099-90006-NONEXISTENT-Q3,CVE-2099-90006,attack_condition,CVE-2099-90006는 원격 공격이 가능한가? 인증이나 사용자 상호작용이 필요한가?,,,,,,,,[],[],[],False,[],nonexistent_cve,False
CVE-2099-90006-NONEXISTENT-Q4,CVE-2099-90006,severity_reason,CVE-2099-90006의 위험도와 그 평가 이유는 무엇인가?,,,,,,,,[],[],[],False,[],nonexistent_cve,False
CVE-2099-90006-NONEXISTENT-Q5,CVE-2099-90006,mitigation,CVE-2099-90006에 대한 대응 방법이나 완화 방안은 무엇인가?,,,,,,,,[],[],[],False,[],nonexistent_cve,False
CVE-2099-90007-NONEXISTENT-Q1,CVE-2099-90007,vulnerability_summary,CVE-2099-90007는 어떤 취약점인가?,,,,,,,,[],[],[],False,[],nonexistent_cve,False
CVE-2099-90007-NONEXISTENT-Q2,CVE-2099-90007,affected_product,CVE-2099-90007의 영향을 받는 제품이나 버전은 무엇인가?,,,,,,,,[],[],[],False,[],nonexistent_cve,False
CVE-2099-90007-NONEXISTENT-Q3,CVE-2099-90007,attack_condition,CVE-2099-90007는 원격 공격이 가능한가? 인증이나 사용자 상호작용이 필요한가?,,,,,,,,[],[],[],False,[],nonexistent_cve,False
CVE-2099-90007-NONEXISTENT-Q4,CVE-2099-90007,severity_reason,CVE-2099-90007의 위험도와 그 평가 이유는 무엇인가?,,,,,,,,[],[],[],False,[],nonexistent_cve,False
CVE-2099-90007-NONEXISTENT-Q5,CVE-2099-90007,mitigation,CVE-2099-90007에 대한 대응 방법이나 완화 방안은 무엇인가?,,,,,,,,[],[],[],False,[],nonexistent_cve,False
CVE-2099-90008-NONEXISTENT-Q1,CVE-2099-90008,vulnerability_summary,CVE-2099-90008는 어떤 취약점인가?,,,,,,,,[],[],[],False,[],nonexistent_cve,False
CVE-2099-90008-NONEXISTENT-Q2,CVE-2099-90008,affected_product,CVE-2099-90008의 영향을 받는 제품이나 버전은 무엇인가?,,,,,,,,[],[],[],False,[],nonexistent_cve,False
CVE-2099-90008-NONEXISTENT-Q3,CVE-2099-90008,attack_condition,CVE-2099-90008는 원격 공격이 가능한가? 인증이나 사용자 상호작용이 필요한가?,,,,,,,,[],[],[],False,[],nonexistent_cve,False
CVE-2099-90008-NONEXISTENT-Q4,CVE-2099-90008,severity_reason,CVE-2099-90008의 위험도와 그 평가 이유는 무엇인가?,,,,,,,,[],[],[],False,[],nonexistent_cve,False
CVE-2099-90008-NONEXISTENT-Q5,CVE-2099-90008,mitigation,CVE-2099-90008에 대한 대응 방법이나 완화 방안은 무엇인가?,,,,,,,,[],[],[],False,[],nonexistent_cve,False
CVE-2099-90009-NONEXISTENT-Q1,CVE-2099-90009,vulnerability_summary,CVE-2099-90009는 어떤 취약점인가?,,,,,,,,[],[],[],False,[],nonexistent_cve,False
CVE-2099-90009-NONEXISTENT-Q2,CVE-2099-90009,affected_product,CVE-2099-90009의 영향을 받는 제품이나 버전은 무엇인가?,,,,,,,,[],[],[],False,[],nonexistent_cve,False
CVE-2099-90009-NONEXISTENT-Q3,CVE-2099-90009,attack_condition,CVE-2099-90009는 원격 공격이 가능한가? 인증이나 사용자 상호작용이 필요한가?,,,,,,,,[],[],[],False,[],nonexistent_cve,False
CVE-2099-90009-NONEXISTENT-Q4,CVE-2099-90009,severity_reason,CVE-2099-90009의 위험도와 그 평가 이유는 무엇인가?,,,,,,,,[],[],[],False,[],nonexistent_cve,False
CVE-2099-90009-NONEXISTENT-Q5,CVE-2099-90009,mitigation,CVE-2099-90009에 대한 대응 방법이나 완화 방안은 무엇인가?,,,,,,,,[],[],[],False,[],nonexistent_cve,False
CVE-2099-90010-NONEXISTENT-Q1,CVE-2099-90010,vulnerability_summary,CVE-2099-90010는 어떤 취약점인가?,,,,,,,,[],[],[],False,[],nonexistent_cve,False
CVE-2099-90010-NONEXISTENT-Q2,CVE-2099-90010,affected_product,CVE-2099-90010의 영향을 받는 제품이나 버전은 무엇인가?,,,,,,,,[],[],[],False,[],nonexistent_cve,False
CVE-2099-90010-NONEXISTENT-Q3,CVE-2099-90010,attack_condition,CVE-2099-90010는 원격 공격이 가능한가? 인증이나 사용자 상호작용이 필요한가?,,,,,,,,[],[],[],False,[],nonexistent_cve,False
CVE-2099-90010-NONEXISTENT-Q4,CVE-2099-90010,severity_reason,CVE-2099-90010의 위험도와 그 평가 이유는 무엇인가?,,,,,,,,[],[],[],False,[],nonexistent_cve,False
CVE-2099-90010-NONEXISTENT-Q5,CVE-2099-90010,mitigation,CVE-2099-90010에 대한 대응 방법이나 완화 방안은 무엇인가?,,,,,,,,[],[],[],False,[],nonexistent_cve,False
CVE-2026-28360-REMOVED-Q1,CVE-2026-28360,vulnerability_summary,CVE-2026-28360는 어떤 취약점인가?,"NocoDB is software for building databases as spreadsheets. Prior to version 0.301.3, shared view passwords were stored in plaintext in the database and compared using direct string equality. This issue has been patched in version 0.301.3.",MEDIUM,5.3,NETWORK,LOW,NONE,NONE,"[""CWE-256""]","[{""vendor"": ""nocodb"", ""product"": ""nocodb"", ""version"": ""*"", ""criteria"": ""cpe:2.3:a:nocodb:nocodb:*:*:*:*:*:*:*:*"", ""vulnerable"": true, ""versionEndExcluding"": ""0.301.3""}]","[{""url"": ""https://github.com/nocodb/nocodb/releases/tag/0.301.3"", ""source"": ""security-advisories@github.com"", ""tags"": [""Product"", ""Release Notes""]}, {""url"": ""https://github.com/nocodb/nocodb/security/advisories/GHSA-mpp2-x7wv-38hv"", ""source"": ""security-advisories@github.com"", ""tags"": [""Vendor Advisory""]}]",False,"[""nvd""]",gold_evidence_removed,False
CVE-2026-28360-REMOVED-Q2,CVE-2026-28360,affected_product,CVE-2026-28360의 영향을 받는 제품이나 버전은 무엇인가?,"NocoDB is software for building databases as spreadsheets. Prior to version 0.301.3, shared view passwords were stored in plaintext in the database and compared using direct string equality. This issue has been patched in version 0.301.3.",MEDIUM,5.3,NETWORK,LOW,NONE,NONE,"[""CWE-256""]","[{""vendor"": ""nocodb"", ""product"": ""nocodb"", ""version"": ""*"", ""criteria"": ""cpe:2.3:a:nocodb:nocodb:*:*:*:*:*:*:*:*"", ""vulnerable"": true, ""versionEndExcluding"": ""0.301.3""}]","[{""url"": ""https://github.com/nocodb/nocodb/releases/tag/0.301.3"", ""source"": ""security-advisories@github.com"", ""tags"": [""Product"", ""Release Notes""]}, {""url"": ""https://github.com/nocodb/nocodb/security/advisories/GHSA-mpp2-x7wv-38hv"", ""source"": ""security-advisories@github.com"", ""tags"": [""Vendor Advisory""]}]",False,"[""nvd""]",gold_evidence_removed,False
CVE-2026-28360-REMOVED-Q3,CVE-2026-28360,attack_condition,CVE-2026-28360는 원격 공격이 가능한가? 인증이나 사용자 상호작용이 필요한가?,"NocoDB is software for building databases as spreadsheets. Prior to version 0.301.3, shared view passwords were stored in plaintext in the database and compared using direct string equality. This issue has been patched in version 0.301.3.",MEDIUM,5.3,NETWORK,LOW,NONE,NONE,"[""CWE-256""]","[{""vendor"": ""nocodb"", ""product"": ""nocodb"", ""version"": ""*"", ""criteria"": ""cpe:2.3:a:nocodb:nocodb:*:*:*:*:*:*:*:*"", ""vulnerable"": true, ""versionEndExcluding"": ""0.301.3""}]","[{""url"": ""https://github.com/nocodb/nocodb/releases/tag/0.301.3"", ""source"": ""security-advisories@github.com"", ""tags"": [""Product"", ""Release Notes""]}, {""url"": ""https://github.com/nocodb/nocodb/security/advisories/GHSA-mpp2-x7wv-38hv"", ""source"": ""security-advisories@github.com"", ""tags"": [""Vendor Advisory""]}]",False,"[""nvd""]",gold_evidence_removed,False
CVE-2026-28360-REMOVED-Q4,CVE-2026-28360,severity_reason,CVE-2026-28360의 위험도가 MEDIUM로 평가되는 이유는 무엇인가?,"NocoDB is software for building databases as spreadsheets. Prior to version 0.301.3, shared view passwords were stored in plaintext in the database and compared using direct string equality. This issue has been patched in version 0.301.3.",MEDIUM,5.3,NETWORK,LOW,NONE,NONE,"[""CWE-256""]","[{""vendor"": ""nocodb"", ""product"": ""nocodb"", ""version"": ""*"", ""criteria"": ""cpe:2.3:a:nocodb:nocodb:*:*:*:*:*:*:*:*"", ""vulnerable"": true, ""versionEndExcluding"": ""0.301.3""}]","[{""url"": ""https://github.com/nocodb/nocodb/releases/tag/0.301.3"", ""source"": ""security-advisories@github.com"", ""tags"": [""Product"", ""Release Notes""]}, {""url"": ""https://github.com/nocodb/nocodb/security/advisories/GHSA-mpp2-x7wv-38hv"", ""source"": ""security-advisories@github.com"", ""tags"": [""Vendor Advisory""]}]",False,"[""nvd""]",gold_evidence_removed,False
CVE-2026-28360-REMOVED-Q5,CVE-2026-28360,mitigation,CVE-2026-28360에 대한 대응 방법이나 완화 방안은 무엇인가?,"NocoDB is software for building databases as spreadsheets. Prior to version 0.301.3, shared view passwords were stored in plaintext in the database and compared using direct string equality. This issue has been patched in version 0.301.3.",MEDIUM,5.3,NETWORK,LOW,NONE,NONE,"[""CWE-256""]","[{""vendor"": ""nocodb"", ""product"": ""nocodb"", ""version"": ""*"", ""criteria"": ""cpe:2.3:a:nocodb:nocodb:*:*:*:*:*:*:*:*"", ""vulnerable"": true, ""versionEndExcluding"": ""0.301.3""}]","[{""url"": ""https://github.com/nocodb/nocodb/releases/tag/0.301.3"", ""source"": ""security-advisories@github.com"", ""tags"": [""Product"", ""Release Notes""]}, {""url"": ""https://github.com/nocodb/nocodb/security/advisories/GHSA-mpp2-x7wv-38hv"", ""source"": ""security-advisories@github.com"", ""tags"": [""Vendor Advisory""]}]",False,"[""nvd""]",gold_evidence_removed,False
CVE-2026-48172-REMOVED-Q1,CVE-2026-48172,vulnerability_summary,CVE-2026-48172는 어떤 취약점인가?,"LiteSpeed User-End cPanel Plugin before 2.4.5 allows privilege escalation (possibly to root), as exploited in the wild in May 2026. Detection is best done via a command line of grep -rE ""cpanel_jsonapi_func=redisAble"" /var/cpanel/logs /usr/local/cpanel/logs/ 2>/dev/null in Bash. If you get no output, you have not been hit with exploitation of the vulnerability. If there is output, we recommend you examine the IP addresses in the list, determine if they are valid IP addresses, and if not, block them. To determine damage done, examine the system logs for use by the detected IP addresses. The issue is related to mishandling of Redis enable/disable features. The recommended minimum version is 2.4.7.",CRITICAL,9.8,NETWORK,LOW,NONE,NONE,"[""CWE-266""]","[{""vendor"": ""litespeedtech"", ""product"": ""litespeed_cpanel_plugin"", ""version"": ""*"", ""criteria"": ""cpe:2.3:a:litespeedtech:litespeed_cpanel_plugin:*:*:*:*:*:*:*:*"", ""vulnerable"": true, ""versionEndExcluding"": ""2.4.7""}, {""vendor"": ""litespeedtech"", ""product"": ""litespeed_whm_plugin"", ""version"": ""*"", ""criteria"": ""cpe:2.3:a:litespeedtech:litespeed_whm_plugin:*:*:*:*:*:*:*:*"", ""vulnerable"": true, ""versionEndExcluding"": ""5.3.1.0""}]","[{""url"": ""https://blog.litespeedtech.com/2026/05/21/security-update-for-litespeed-cpanel-plugin/"", ""source"": ""cve@mitre.org"", ""tags"": [""Vendor Advisory""]}, {""url"": ""https://www.litespeedtech.com/products/litespeed-web-server/control-panel-support/cpanel"", ""source"": ""cve@mitre.org"", ""tags"": [""Product""]}, {""url"": ""https://www.litespeedtech.com/products/litespeed-web-server/control-panel-support/release-log"", ""source"": ""cve@mitre.org"", ""tags"": [""Release Notes""]}, {""url"": ""https://www.cisa.gov/known-exploited-vulnerabilities-catalog?field_cve=CVE-2026-48172"", ""source"": ""134c704f-9b21-4f2e-91b3-4a467353bcc0"", ""tags"": [""US Government Resource""]}]",True,"[""nvd"", ""cisa_kev""]",gold_evidence_removed,False
CVE-2026-48172-REMOVED-Q2,CVE-2026-48172,affected_product,CVE-2026-48172의 영향을 받는 제품이나 버전은 무엇인가?,"LiteSpeed User-End cPanel Plugin before 2.4.5 allows privilege escalation (possibly to root), as exploited in the wild in May 2026. Detection is best done via a command line of grep -rE ""cpanel_jsonapi_func=redisAble"" /var/cpanel/logs /usr/local/cpanel/logs/ 2>/dev/null in Bash. If you get no output, you have not been hit with exploitation of the vulnerability. If there is output, we recommend you examine the IP addresses in the list, determine if they are valid IP addresses, and if not, block them. To determine damage done, examine the system logs for use by the detected IP addresses. The issue is related to mishandling of Redis enable/disable features. The recommended minimum version is 2.4.7.",CRITICAL,9.8,NETWORK,LOW,NONE,NONE,"[""CWE-266""]","[{""vendor"": ""litespeedtech"", ""product"": ""litespeed_cpanel_plugin"", ""version"": ""*"", ""criteria"": ""cpe:2.3:a:litespeedtech:litespeed_cpanel_plugin:*:*:*:*:*:*:*:*"", ""vulnerable"": true, ""versionEndExcluding"": ""2.4.7""}, {""vendor"": ""litespeedtech"", ""product"": ""litespeed_whm_plugin"", ""version"": ""*"", ""criteria"": ""cpe:2.3:a:litespeedtech:litespeed_whm_plugin:*:*:*:*:*:*:*:*"", ""vulnerable"": true, ""versionEndExcluding"": ""5.3.1.0""}]","[{""url"": ""https://blog.litespeedtech.com/2026/05/21/security-update-for-litespeed-cpanel-plugin/"", ""source"": ""cve@mitre.org"", ""tags"": [""Vendor Advisory""]}, {""url"": ""https://www.litespeedtech.com/products/litespeed-web-server/control-panel-support/cpanel"", ""source"": ""cve@mitre.org"", ""tags"": [""Product""]}, {""url"": ""https://www.litespeedtech.com/products/litespeed-web-server/control-panel-support/release-log"", ""source"": ""cve@mitre.org"", ""tags"": [""Release Notes""]}, {""url"": ""https://www.cisa.gov/known-exploited-vulnerabilities-catalog?field_cve=CVE-2026-48172"", ""source"": ""134c704f-9b21-4f2e-91b3-4a467353bcc0"", ""tags"": [""US Government Resource""]}]",True,"[""nvd"", ""cisa_kev""]",gold_evidence_removed,False
CVE-2026-48172-REMOVED-Q3,CVE-2026-48172,attack_condition,CVE-2026-48172는 원격 공격이 가능한가? 인증이나 사용자 상호작용이 필요한가?,"LiteSpeed User-End cPanel Plugin before 2.4.5 allows privilege escalation (possibly to root), as exploited in the wild in May 2026. Detection is best done via a command line of grep -rE ""cpanel_jsonapi_func=redisAble"" /var/cpanel/logs /usr/local/cpanel/logs/ 2>/dev/null in Bash. If you get no output, you have not been hit with exploitation of the vulnerability. If there is output, we recommend you examine the IP addresses in the list, determine if they are valid IP addresses, and if not, block them. To determine damage done, examine the system logs for use by the detected IP addresses. The issue is related to mishandling of Redis enable/disable features. The recommended minimum version is 2.4.7.",CRITICAL,9.8,NETWORK,LOW,NONE,NONE,"[""CWE-266""]","[{""vendor"": ""litespeedtech"", ""product"": ""litespeed_cpanel_plugin"", ""version"": ""*"", ""criteria"": ""cpe:2.3:a:litespeedtech:litespeed_cpanel_plugin:*:*:*:*:*:*:*:*"", ""vulnerable"": true, ""versionEndExcluding"": ""2.4.7""}, {""vendor"": ""litespeedtech"", ""product"": ""litespeed_whm_plugin"", ""version"": ""*"", ""criteria"": ""cpe:2.3:a:litespeedtech:litespeed_whm_plugin:*:*:*:*:*:*:*:*"", ""vulnerable"": true, ""versionEndExcluding"": ""5.3.1.0""}]","[{""url"": ""https://blog.litespeedtech.com/2026/05/21/security-update-for-litespeed-cpanel-plugin/"", ""source"": ""cve@mitre.org"", ""tags"": [""Vendor Advisory""]}, {""url"": ""https://www.litespeedtech.com/products/litespeed-web-server/control-panel-support/cpanel"", ""source"": ""cve@mitre.org"", ""tags"": [""Product""]}, {""url"": ""https://www.litespeedtech.com/products/litespeed-web-server/control-panel-support/release-log"", ""source"": ""cve@mitre.org"", ""tags"": [""Release Notes""]}, {""url"": ""https://www.cisa.gov/known-exploited-vulnerabilities-catalog?field_cve=CVE-2026-48172"", ""source"": ""134c704f-9b21-4f2e-91b3-4a467353bcc0"", ""tags"": [""US Government Resource""]}]",True,"[""nvd"", ""cisa_kev""]",gold_evidence_removed,False
CVE-2026-48172-REMOVED-Q4,CVE-2026-48172,severity_reason,CVE-2026-48172의 위험도가 CRITICAL로 평가되는 이유는 무엇인가?,"LiteSpeed User-End cPanel Plugin before 2.4.5 allows privilege escalation (possibly to root), as exploited in the wild in May 2026. Detection is best done via a command line of grep -rE ""cpanel_jsonapi_func=redisAble"" /var/cpanel/logs /usr/local/cpanel/logs/ 2>/dev/null in Bash. If you get no output, you have not been hit with exploitation of the vulnerability. If there is output, we recommend you examine the IP addresses in the list, determine if they are valid IP addresses, and if not, block them. To determine damage done, examine the system logs for use by the detected IP addresses. The issue is related to mishandling of Redis enable/disable features. The recommended minimum version is 2.4.7.",CRITICAL,9.8,NETWORK,LOW,NONE,NONE,"[""CWE-266""]","[{""vendor"": ""litespeedtech"", ""product"": ""litespeed_cpanel_plugin"", ""version"": ""*"", ""criteria"": ""cpe:2.3:a:litespeedtech:litespeed_cpanel_plugin:*:*:*:*:*:*:*:*"", ""vulnerable"": true, ""versionEndExcluding"": ""2.4.7""}, {""vendor"": ""litespeedtech"", ""product"": ""litespeed_whm_plugin"", ""version"": ""*"", ""criteria"": ""cpe:2.3:a:litespeedtech:litespeed_whm_plugin:*:*:*:*:*:*:*:*"", ""vulnerable"": true, ""versionEndExcluding"": ""5.3.1.0""}]","[{""url"": ""https://blog.litespeedtech.com/2026/05/21/security-update-for-litespeed-cpanel-plugin/"", ""source"": ""cve@mitre.org"", ""tags"": [""Vendor Advisory""]}, {""url"": ""https://www.litespeedtech.com/products/litespeed-web-server/control-panel-support/cpanel"", ""source"": ""cve@mitre.org"", ""tags"": [""Product""]}, {""url"": ""https://www.litespeedtech.com/products/litespeed-web-server/control-panel-support/release-log"", ""source"": ""cve@mitre.org"", ""tags"": [""Release Notes""]}, {""url"": ""https://www.cisa.gov/known-exploited-vulnerabilities-catalog?field_cve=CVE-2026-48172"", ""source"": ""134c704f-9b21-4f2e-91b3-4a467353bcc0"", ""tags"": [""US Government Resource""]}]",True,"[""nvd"", ""cisa_kev""]",gold_evidence_removed,False
CVE-2026-48172-REMOVED-Q5,CVE-2026-48172,mitigation,CVE-2026-48172에 대한 대응 방법이나 완화 방안은 무엇인가?,"LiteSpeed User-End cPanel Plugin before 2.4.5 allows privilege escalation (possibly to root), as exploited in the wild in May 2026. Detection is best done via a command line of grep -rE ""cpanel_jsonapi_func=redisAble"" /var/cpanel/logs /usr/local/cpanel/logs/ 2>/dev/null in Bash. If you get no output, you have not been hit with exploitation of the vulnerability. If there is output, we recommend you examine the IP addresses in the list, determine if they are valid IP addresses, and if not, block them. To determine damage done, examine the system logs for use by the detected IP addresses. The issue is related to mishandling of Redis enable/disable features. The recommended minimum version is 2.4.7.",CRITICAL,9.8,NETWORK,LOW,NONE,NONE,"[""CWE-266""]","[{""vendor"": ""litespeedtech"", ""product"": ""litespeed_cpanel_plugin"", ""version"": ""*"", ""criteria"": ""cpe:2.3:a:litespeedtech:litespeed_cpanel_plugin:*:*:*:*:*:*:*:*"", ""vulnerable"": true, ""versionEndExcluding"": ""2.4.7""}, {""vendor"": ""litespeedtech"", ""product"": ""litespeed_whm_plugin"", ""version"": ""*"", ""criteria"": ""cpe:2.3:a:litespeedtech:litespeed_whm_plugin:*:*:*:*:*:*:*:*"", ""vulnerable"": true, ""versionEndExcluding"": ""5.3.1.0""}]","[{""url"": ""https://blog.litespeedtech.com/2026/05/21/security-update-for-litespeed-cpanel-plugin/"", ""source"": ""cve@mitre.org"", ""tags"": [""Vendor Advisory""]}, {""url"": ""https://www.litespeedtech.com/products/litespeed-web-server/control-panel-support/cpanel"", ""source"": ""cve@mitre.org"", ""tags"": [""Product""]}, {""url"": ""https://www.litespeedtech.com/products/litespeed-web-server/control-panel-support/release-log"", ""source"": ""cve@mitre.org"", ""tags"": [""Release Notes""]}, {""url"": ""https://www.cisa.gov/known-exploited-vulnerabilities-catalog?field_cve=CVE-2026-48172"", ""source"": ""134c704f-9b21-4f2e-91b3-4a467353bcc0"", ""tags"": [""US Government Resource""]}]",True,"[""nvd"", ""cisa_kev""]",gold_evidence_removed,False
CVE-2021-29482-REMOVED-Q1,CVE-2021-29482,vulnerability_summary,CVE-2021-29482는 어떤 취약점인가?,xz is a compression and decompression library focusing on the xz format completely written in Go. The function readUvarint used to read the xz container format may not terminate a loop provide malicous input. The problem has been fixed in release v0.5.8. As a workaround users can limit the size of the compressed file input to a reasonable size for their use case. The standard library had recently the same issue and got the CVE-2020-16845 allocated.,HIGH,7.5,NETWORK,LOW,NONE,NONE,"[""CWE-835""]","[{""vendor"": ""xz_project"", ""product"": ""xz"", ""version"": ""*"", ""criteria"": ""cpe:2.3:a:xz_project:xz:*:*:*:*:*:go:*:*"", ""vulnerable"": true, ""versionEndExcluding"": ""0.5.8""}]","[{""url"": ""https://github.com/ulikunitz/xz/commit/69c6093c7b2397b923acf82cb378f55ab2652b9b"", ""source"": ""security-advisories@github.com"", ""tags"": [""Patch"", ""Third Party Advisory""]}, {""url"": ""https://github.com/ulikunitz/xz/security/advisories/GHSA-25xm-hr59-7c27"", ""source"": ""security-advisories@github.com"", ""tags"": [""Third Party Advisory""]}, {""url"": ""https://github.com/ulikunitz/xz/commit/69c6093c7b2397b923acf82cb378f55ab2652b9b"", ""source"": ""af854a3a-2127-422b-91ae-364da2661108"", ""tags"": [""Patch"", ""Third Party Advisory""]}, {""url"": ""https://github.com/ulikunitz/xz/security/advisories/GHSA-25xm-hr59-7c27"", ""source"": ""af854a3a-2127-422b-91ae-364da2661108"", ""tags"": [""Third Party Advisory""]}]",False,"[""nvd""]",gold_evidence_removed,False
CVE-2021-29482-REMOVED-Q2,CVE-2021-29482,affected_product,CVE-2021-29482의 영향을 받는 제품이나 버전은 무엇인가?,xz is a compression and decompression library focusing on the xz format completely written in Go. The function readUvarint used to read the xz container format may not terminate a loop provide malicous input. The problem has been fixed in release v0.5.8. As a workaround users can limit the size of the compressed file input to a reasonable size for their use case. The standard library had recently the same issue and got the CVE-2020-16845 allocated.,HIGH,7.5,NETWORK,LOW,NONE,NONE,"[""CWE-835""]","[{""vendor"": ""xz_project"", ""product"": ""xz"", ""version"": ""*"", ""criteria"": ""cpe:2.3:a:xz_project:xz:*:*:*:*:*:go:*:*"", ""vulnerable"": true, ""versionEndExcluding"": ""0.5.8""}]","[{""url"": ""https://github.com/ulikunitz/xz/commit/69c6093c7b2397b923acf82cb378f55ab2652b9b"", ""source"": ""security-advisories@github.com"", ""tags"": [""Patch"", ""Third Party Advisory""]}, {""url"": ""https://github.com/ulikunitz/xz/security/advisories/GHSA-25xm-hr59-7c27"", ""source"": ""security-advisories@github.com"", ""tags"": [""Third Party Advisory""]}, {""url"": ""https://github.com/ulikunitz/xz/commit/69c6093c7b2397b923acf82cb378f55ab2652b9b"", ""source"": ""af854a3a-2127-422b-91ae-364da2661108"", ""tags"": [""Patch"", ""Third Party Advisory""]}, {""url"": ""https://github.com/ulikunitz/xz/security/advisories/GHSA-25xm-hr59-7c27"", ""source"": ""af854a3a-2127-422b-91ae-364da2661108"", ""tags"": [""Third Party Advisory""]}]",False,"[""nvd""]",gold_evidence_removed,False
CVE-2021-29482-REMOVED-Q3,CVE-2021-29482,attack_condition,CVE-2021-29482는 원격 공격이 가능한가? 인증이나 사용자 상호작용이 필요한가?,xz is a compression and decompression library focusing on the xz format completely written in Go. The function readUvarint used to read the xz container format may not terminate a loop provide malicous input. The problem has been fixed in release v0.5.8. As a workaround users can limit the size of the compressed file input to a reasonable size for their use case. The standard library had recently the same issue and got the CVE-2020-16845 allocated.,HIGH,7.5,NETWORK,LOW,NONE,NONE,"[""CWE-835""]","[{""vendor"": ""xz_project"", ""product"": ""xz"", ""version"": ""*"", ""criteria"": ""cpe:2.3:a:xz_project:xz:*:*:*:*:*:go:*:*"", ""vulnerable"": true, ""versionEndExcluding"": ""0.5.8""}]","[{""url"": ""https://github.com/ulikunitz/xz/commit/69c6093c7b2397b923acf82cb378f55ab2652b9b"", ""source"": ""security-advisories@github.com"", ""tags"": [""Patch"", ""Third Party Advisory""]}, {""url"": ""https://github.com/ulikunitz/xz/security/advisories/GHSA-25xm-hr59-7c27"", ""source"": ""security-advisories@github.com"", ""tags"": [""Third Party Advisory""]}, {""url"": ""https://github.com/ulikunitz/xz/commit/69c6093c7b2397b923acf82cb378f55ab2652b9b"", ""source"": ""af854a3a-2127-422b-91ae-364da2661108"", ""tags"": [""Patch"", ""Third Party Advisory""]}, {""url"": ""https://github.com/ulikunitz/xz/security/advisories/GHSA-25xm-hr59-7c27"", ""source"": ""af854a3a-2127-422b-91ae-364da2661108"", ""tags"": [""Third Party Advisory""]}]",False,"[""nvd""]",gold_evidence_removed,False
CVE-2021-29482-REMOVED-Q4,CVE-2021-29482,severity_reason,CVE-2021-29482의 위험도가 HIGH로 평가되는 이유는 무엇인가?,xz is a compression and decompression library focusing on the xz format completely written in Go. The function readUvarint used to read the xz container format may not terminate a loop provide malicous input. The problem has been fixed in release v0.5.8. As a workaround users can limit the size of the compressed file input to a reasonable size for their use case. The standard library had recently the same issue and got the CVE-2020-16845 allocated.,HIGH,7.5,NETWORK,LOW,NONE,NONE,"[""CWE-835""]","[{""vendor"": ""xz_project"", ""product"": ""xz"", ""version"": ""*"", ""criteria"": ""cpe:2.3:a:xz_project:xz:*:*:*:*:*:go:*:*"", ""vulnerable"": true, ""versionEndExcluding"": ""0.5.8""}]","[{""url"": ""https://github.com/ulikunitz/xz/commit/69c6093c7b2397b923acf82cb378f55ab2652b9b"", ""source"": ""security-advisories@github.com"", ""tags"": [""Patch"", ""Third Party Advisory""]}, {""url"": ""https://github.com/ulikunitz/xz/security/advisories/GHSA-25xm-hr59-7c27"", ""source"": ""security-advisories@github.com"", ""tags"": [""Third Party Advisory""]}, {""url"": ""https://github.com/ulikunitz/xz/commit/69c6093c7b2397b923acf82cb378f55ab2652b9b"", ""source"": ""af854a3a-2127-422b-91ae-364da2661108"", ""tags"": [""Patch"", ""Third Party Advisory""]}, {""url"": ""https://github.com/ulikunitz/xz/security/advisories/GHSA-25xm-hr59-7c27"", ""source"": ""af854a3a-2127-422b-91ae-364da2661108"", ""tags"": [""Third Party Advisory""]}]",False,"[""nvd""]",gold_evidence_removed,False
CVE-2021-29482-REMOVED-Q5,CVE-2021-29482,mitigation,CVE-2021-29482에 대한 대응 방법이나 완화 방안은 무엇인가?,xz is a compression and decompression library focusing on the xz format completely written in Go. The function readUvarint used to read the xz container format may not terminate a loop provide malicous input. The problem has been fixed in release v0.5.8. As a workaround users can limit the size of the compressed file input to a reasonable size for their use case. The standard library had recently the same issue and got the CVE-2020-16845 allocated.,HIGH,7.5,NETWORK,LOW,NONE,NONE,"[""CWE-835""]","[{""vendor"": ""xz_project"", ""product"": ""xz"", ""version"": ""*"", ""criteria"": ""cpe:2.3:a:xz_project:xz:*:*:*:*:*:go:*:*"", ""vulnerable"": true, ""versionEndExcluding"": ""0.5.8""}]","[{""url"": ""https://github.com/ulikunitz/xz/commit/69c6093c7b2397b923acf82cb378f55ab2652b9b"", ""source"": ""security-advisories@github.com"", ""tags"": [""Patch"", ""Third Party Advisory""]}, {""url"": ""https://github.com/ulikunitz/xz/security/advisories/GHSA-25xm-hr59-7c27"", ""source"": ""security-advisories@github.com"", ""tags"": [""Third Party Advisory""]}, {""url"": ""https://github.com/ulikunitz/xz/commit/69c6093c7b2397b923acf82cb378f55ab2652b9b"", ""source"": ""af854a3a-2127-422b-91ae-364da2661108"", ""tags"": [""Patch"", ""Third Party Advisory""]}, {""url"": ""https://github.com/ulikunitz/xz/security/advisories/GHSA-25xm-hr59-7c27"", ""source"": ""af854a3a-2127-422b-91ae-364da2661108"", ""tags"": [""Third Party Advisory""]}]",False,"[""nvd""]",gold_evidence_removed,False
CVE-2012-1710-REMOVED-Q1,CVE-2012-1710,vulnerability_summary,CVE-2012-1710는 어떤 취약점인가?,"Unspecified vulnerability in the Oracle WebCenter Forms Recognition component in Oracle Fusion Middleware 10.1.3.5 allows remote attackers to affect confidentiality, integrity, and availability via unknown vectors related to Designer, a different vulnerability than CVE-2012-1709.",CRITICAL,9.8,NETWORK,LOW,NONE,NONE,[],"[{""vendor"": ""oracle"", ""product"": ""fusion_middleware"", ""version"": ""10.1.3.5"", ""criteria"": ""cpe:2.3:a:oracle:fusion_middleware:10.1.3.5:*:*:*:*:*:*:*"", ""vulnerable"": true}]","[{""url"": ""http://www.mandriva.com/security/advisories?name=MDVSA-2013:150"", ""source"": ""secalert_us@oracle.com"", ""tags"": [""Broken Link""]}, {""url"": ""http://www.oracle.com/technetwork/topics/security/cpuapr2012-366314.html"", ""source"": ""secalert_us@oracle.com"", ""tags"": [""Patch"", ""Vendor Advisory""]}, {""url"": ""http://www.securitytracker.com/id?1026949"", ""source"": ""secalert_us@oracle.com"", ""tags"": [""Broken Link"", ""Third Party Advisory"", ""VDB Entry""]}, {""url"": ""http://www.mandriva.com/security/advisories?name=MDVSA-2013:150"", ""source"": ""af854a3a-2127-422b-91ae-364da2661108"", ""tags"": [""Broken Link""]}, {""url"": ""http://www.oracle.com/technetwork/topics/security/cpuapr2012-366314.html"", ""source"": ""af854a3a-2127-422b-91ae-364da2661108"", ""tags"": [""Patch"", ""Vendor Advisory""]}, {""url"": ""http://www.securitytracker.com/id?1026949"", ""source"": ""af854a3a-2127-422b-91ae-364da2661108"", ""tags"": [""Broken Link"", ""Third Party Advisory"", ""VDB Entry""]}, {""url"": ""https://www.cisa.gov/known-exploited-vulnerabilities-catalog?field_cve=CVE-2012-1710"", ""source"": ""134c704f-9b21-4f2e-91b3-4a467353bcc0"", ""tags"": [""US Government Resource""]}]",True,"[""nvd"", ""cisa_kev""]",gold_evidence_removed,False
CVE-2012-1710-REMOVED-Q2,CVE-2012-1710,affected_product,CVE-2012-1710의 영향을 받는 제품이나 버전은 무엇인가?,"Unspecified vulnerability in the Oracle WebCenter Forms Recognition component in Oracle Fusion Middleware 10.1.3.5 allows remote attackers to affect confidentiality, integrity, and availability via unknown vectors related to Designer, a different vulnerability than CVE-2012-1709.",CRITICAL,9.8,NETWORK,LOW,NONE,NONE,[],"[{""vendor"": ""oracle"", ""product"": ""fusion_middleware"", ""version"": ""10.1.3.5"", ""criteria"": ""cpe:2.3:a:oracle:fusion_middleware:10.1.3.5:*:*:*:*:*:*:*"", ""vulnerable"": true}]","[{""url"": ""http://www.mandriva.com/security/advisories?name=MDVSA-2013:150"", ""source"": ""secalert_us@oracle.com"", ""tags"": [""Broken Link""]}, {""url"": ""http://www.oracle.com/technetwork/topics/security/cpuapr2012-366314.html"", ""source"": ""secalert_us@oracle.com"", ""tags"": [""Patch"", ""Vendor Advisory""]}, {""url"": ""http://www.securitytracker.com/id?1026949"", ""source"": ""secalert_us@oracle.com"", ""tags"": [""Broken Link"", ""Third Party Advisory"", ""VDB Entry""]}, {""url"": ""http://www.mandriva.com/security/advisories?name=MDVSA-2013:150"", ""source"": ""af854a3a-2127-422b-91ae-364da2661108"", ""tags"": [""Broken Link""]}, {""url"": ""http://www.oracle.com/technetwork/topics/security/cpuapr2012-366314.html"", ""source"": ""af854a3a-2127-422b-91ae-364da2661108"", ""tags"": [""Patch"", ""Vendor Advisory""]}, {""url"": ""http://www.securitytracker.com/id?1026949"", ""source"": ""af854a3a-2127-422b-91ae-364da2661108"", ""tags"": [""Broken Link"", ""Third Party Advisory"", ""VDB Entry""]}, {""url"": ""https://www.cisa.gov/known-exploited-vulnerabilities-catalog?field_cve=CVE-2012-1710"", ""source"": ""134c704f-9b21-4f2e-91b3-4a467353bcc0"", ""tags"": [""US Government Resource""]}]",True,"[""nvd"", ""cisa_kev""]",gold_evidence_removed,False
CVE-2012-1710-REMOVED-Q3,CVE-2012-1710,attack_condition,CVE-2012-1710는 원격 공격이 가능한가? 인증이나 사용자 상호작용이 필요한가?,"Unspecified vulnerability in the Oracle WebCenter Forms Recognition component in Oracle Fusion Middleware 10.1.3.5 allows remote attackers to affect confidentiality, integrity, and availability via unknown vectors related to Designer, a different vulnerability than CVE-2012-1709.",CRITICAL,9.8,NETWORK,LOW,NONE,NONE,[],"[{""vendor"": ""oracle"", ""product"": ""fusion_middleware"", ""version"": ""10.1.3.5"", ""criteria"": ""cpe:2.3:a:oracle:fusion_middleware:10.1.3.5:*:*:*:*:*:*:*"", ""vulnerable"": true}]","[{""url"": ""http://www.mandriva.com/security/advisories?name=MDVSA-2013:150"", ""source"": ""secalert_us@oracle.com"", ""tags"": [""Broken Link""]}, {""url"": ""http://www.oracle.com/technetwork/topics/security/cpuapr2012-366314.html"", ""source"": ""secalert_us@oracle.com"", ""tags"": [""Patch"", ""Vendor Advisory""]}, {""url"": ""http://www.securitytracker.com/id?1026949"", ""source"": ""secalert_us@oracle.com"", ""tags"": [""Broken Link"", ""Third Party Advisory"", ""VDB Entry""]}, {""url"": ""http://www.mandriva.com/security/advisories?name=MDVSA-2013:150"", ""source"": ""af854a3a-2127-422b-91ae-364da2661108"", ""tags"": [""Broken Link""]}, {""url"": ""http://www.oracle.com/technetwork/topics/security/cpuapr2012-366314.html"", ""source"": ""af854a3a-2127-422b-91ae-364da2661108"", ""tags"": [""Patch"", ""Vendor Advisory""]}, {""url"": ""http://www.securitytracker.com/id?1026949"", ""source"": ""af854a3a-2127-422b-91ae-364da2661108"", ""tags"": [""Broken Link"", ""Third Party Advisory"", ""VDB Entry""]}, {""url"": ""https://www.cisa.gov/known-exploited-vulnerabilities-catalog?field_cve=CVE-2012-1710"", ""source"": ""134c704f-9b21-4f2e-91b3-4a467353bcc0"", ""tags"": [""US Government Resource""]}]",True,"[""nvd"", ""cisa_kev""]",gold_evidence_removed,False
CVE-2012-1710-REMOVED-Q4,CVE-2012-1710,severity_reason,CVE-2012-1710의 위험도가 CRITICAL로 평가되는 이유는 무엇인가?,"Unspecified vulnerability in the Oracle WebCenter Forms Recognition component in Oracle Fusion Middleware 10.1.3.5 allows remote attackers to affect confidentiality, integrity, and availability via unknown vectors related to Designer, a different vulnerability than CVE-2012-1709.",CRITICAL,9.8,NETWORK,LOW,NONE,NONE,[],"[{""vendor"": ""oracle"", ""product"": ""fusion_middleware"", ""version"": ""10.1.3.5"", ""criteria"": ""cpe:2.3:a:oracle:fusion_middleware:10.1.3.5:*:*:*:*:*:*:*"", ""vulnerable"": true}]","[{""url"": ""http://www.mandriva.com/security/advisories?name=MDVSA-2013:150"", ""source"": ""secalert_us@oracle.com"", ""tags"": [""Broken Link""]}, {""url"": ""http://www.oracle.com/technetwork/topics/security/cpuapr2012-366314.html"", ""source"": ""secalert_us@oracle.com"", ""tags"": [""Patch"", ""Vendor Advisory""]}, {""url"": ""http://www.securitytracker.com/id?1026949"", ""source"": ""secalert_us@oracle.com"", ""tags"": [""Broken Link"", ""Third Party Advisory"", ""VDB Entry""]}, {""url"": ""http://www.mandriva.com/security/advisories?name=MDVSA-2013:150"", ""source"": ""af854a3a-2127-422b-91ae-364da2661108"", ""tags"": [""Broken Link""]}, {""url"": ""http://www.oracle.com/technetwork/topics/security/cpuapr2012-366314.html"", ""source"": ""af854a3a-2127-422b-91ae-364da2661108"", ""tags"": [""Patch"", ""Vendor Advisory""]}, {""url"": ""http://www.securitytracker.com/id?1026949"", ""source"": ""af854a3a-2127-422b-91ae-364da2661108"", ""tags"": [""Broken Link"", ""Third Party Advisory"", ""VDB Entry""]}, {""url"": ""https://www.cisa.gov/known-exploited-vulnerabilities-catalog?field_cve=CVE-2012-1710"", ""source"": ""134c704f-9b21-4f2e-91b3-4a467353bcc0"", ""tags"": [""US Government Resource""]}]",True,"[""nvd"", ""cisa_kev""]",gold_evidence_removed,False
CVE-2012-1710-REMOVED-Q5,CVE-2012-1710,mitigation,CVE-2012-1710에 대한 대응 방법이나 완화 방안은 무엇인가?,"Unspecified vulnerability in the Oracle WebCenter Forms Recognition component in Oracle Fusion Middleware 10.1.3.5 allows remote attackers to affect confidentiality, integrity, and availability via unknown vectors related to Designer, a different vulnerability than CVE-2012-1709.",CRITICAL,9.8,NETWORK,LOW,NONE,NONE,[],"[{""vendor"": ""oracle"", ""product"": ""fusion_middleware"", ""version"": ""10.1.3.5"", ""criteria"": ""cpe:2.3:a:oracle:fusion_middleware:10.1.3.5:*:*:*:*:*:*:*"", ""vulnerable"": true}]","[{""url"": ""http://www.mandriva.com/security/advisories?name=MDVSA-2013:150"", ""source"": ""secalert_us@oracle.com"", ""tags"": [""Broken Link""]}, {""url"": ""http://www.oracle.com/technetwork/topics/security/cpuapr2012-366314.html"", ""source"": ""secalert_us@oracle.com"", ""tags"": [""Patch"", ""Vendor Advisory""]}, {""url"": ""http://www.securitytracker.com/id?1026949"", ""source"": ""secalert_us@oracle.com"", ""tags"": [""Broken Link"", ""Third Party Advisory"", ""VDB Entry""]}, {""url"": ""http://www.mandriva.com/security/advisories?name=MDVSA-2013:150"", ""source"": ""af854a3a-2127-422b-91ae-364da2661108"", ""tags"": [""Broken Link""]}, {""url"": ""http://www.oracle.com/technetwork/topics/security/cpuapr2012-366314.html"", ""source"": ""af854a3a-2127-422b-91ae-364da2661108"", ""tags"": [""Patch"", ""Vendor Advisory""]}, {""url"": ""http://www.securitytracker.com/id?1026949"", ""source"": ""af854a3a-2127-422b-91ae-364da2661108"", ""tags"": [""Broken Link"", ""Third Party Advisory"", ""VDB Entry""]}, {""url"": ""https://www.cisa.gov/known-exploited-vulnerabilities-catalog?field_cve=CVE-2012-1710"", ""source"": ""134c704f-9b21-4f2e-91b3-4a467353bcc0"", ""tags"": [""US Government Resource""]}]",True,"[""nvd"", ""cisa_kev""]",gold_evidence_removed,False
CVE-2023-6448-REMOVED-Q1,CVE-2023-6448,vulnerability_summary,CVE-2023-6448는 어떤 취약점인가?,"Unitronics VisiLogic before version 9.9.00, used in Vision and Samba PLCs and HMIs, uses a default administrative password. An unauthenticated attacker with network access can take administrative control of a vulnerable system.",CRITICAL,9.8,NETWORK,LOW,NONE,NONE,"[""CWE-1188"", ""CWE-798""]","[{""vendor"": ""unitronics"", ""product"": ""vision1210_firmware"", ""version"": ""*"", ""criteria"": ""cpe:2.3:o:unitronics:vision1210_firmware:*:*:*:*:*:*:*:*"", ""vulnerable"": true, ""versionEndExcluding"": ""12.38""}, {""vendor"": ""unitronics"", ""product"": ""vision1210"", ""version"": ""-"", ""criteria"": ""cpe:2.3:h:unitronics:vision1210:-:*:*:*:*:*:*:*"", ""vulnerable"": false}, {""vendor"": ""unitronics"", ""product"": ""vision1040_firmware"", ""version"": ""*"", ""criteria"": ""cpe:2.3:o:unitronics:vision1040_firmware:*:*:*:*:*:*:*:*"", ""vulnerable"": true, ""versionEndExcluding"": ""12.38""}, {""vendor"": ""unitronics"", ""product"": ""vision1040"", ""version"": ""-"", ""criteria"": ""cpe:2.3:h:unitronics:vision1040:-:*:*:*:*:*:*:*"", ""vulnerable"": false}, {""vendor"": ""unitronics"", ""product"": ""vision700_firmware"", ""version"": ""*"", ""criteria"": ""cpe:2.3:o:unitronics:vision700_firmware:*:*:*:*:*:*:*:*"", ""vulnerable"": true, ""versionEndExcluding"": ""12.38""}, {""vendor"": ""unitronics"", ""product"": ""vision700"", ""version"": ""-"", ""criteria"": ""cpe:2.3:h:unitronics:vision700:-:*:*:*:*:*:*:*"", ""vulnerable"": false}, {""vendor"": ""unitronics"", ""product"": ""vision570_firmware"", ""version"": ""*"", ""criteria"": ""cpe:2.3:o:unitronics:vision570_firmware:*:*:*:*:*:*:*:*"", ""vulnerable"": true, ""versionEndExcluding"": ""12.38""}, {""vendor"": ""unitronics"", ""product"": ""vision570"", ""version"": ""-"", ""criteria"": ""cpe:2.3:h:unitronics:vision570:-:*:*:*:*:*:*:*"", ""vulnerable"": false}, {""vendor"": ""unitronics"", ""product"": ""vision560_firmware"", ""version"": ""*"", ""criteria"": ""cpe:2.3:o:unitronics:vision560_firmware:*:*:*:*:*:*:*:*"", ""vulnerable"": true, ""versionEndExcluding"": ""12.38""}, {""vendor"": ""unitronics"", ""product"": ""vision560"", ""version"": ""-"", ""criteria"": ""cpe:2.3:h:unitronics:vision560:-:*:*:*:*:*:*:*"", ""vulnerable"": false}, {""vendor"": ""unitronics"", ""product"": ""vision430_firmware"", ""version"": ""*"", ""criteria"": ""cpe:2.3:o:unitronics:vision430_firmware:*:*:*:*:*:*:*:*"", ""vulnerable"": true, ""versionEndExcluding"": ""12.38""}, {""vendor"": ""unitronics"", ""product"": ""vision430"", ""version"": ""-"", ""criteria"": ""cpe:2.3:h:unitronics:vision430:-:*:*:*:*:*:*:*"", ""vulnerable"": false}, {""vendor"": ""unitronics"", ""product"": ""vision350_firmware"", ""version"": ""*"", ""criteria"": ""cpe:2.3:o:unitronics:vision350_firmware:*:*:*:*:*:*:*:*"", ""vulnerable"": true, ""versionEndExcluding"": ""12.38""}, {""vendor"": ""unitronics"", ""product"": ""vision350"", ""version"": ""-"", ""criteria"": ""cpe:2.3:h:unitronics:vision350:-:*:*:*:*:*:*:*"", ""vulnerable"": false}, {""vendor"": ""unitronics"", ""product"": ""vision130_firmware"", ""version"": ""*"", ""criteria"": ""cpe:2.3:o:unitronics:vision130_firmware:*:*:*:*:*:*:*:*"", ""vulnerable"": true, ""versionEndExcluding"": ""12.38""}, {""vendor"": ""unitronics"", ""product"": ""vision130"", ""version"": ""-"", ""criteria"": ""cpe:2.3:h:unitronics:vision130:-:*:*:*:*:*:*:*"", ""vulnerable"": false}, {""vendor"": ""unitronics"", ""product"": ""vision230_firmware"", ""version"": ""*"", ""criteria"": ""cpe:2.3:o:unitronics:vision230_firmware:*:*:*:*:*:*:*:*"", ""vulnerable"": true, ""versionEndExcluding"": ""12.38""}, {""vendor"": ""unitronics"", ""product"": ""vision230"", ""version"": ""-"", ""criteria"": ""cpe:2.3:h:unitronics:vision230:-:*:*:*:*:*:*:*"", ""vulnerable"": false}, {""vendor"": ""unitronics"", ""product"": ""vision280_firmware"", ""version"": ""*"", ""criteria"": ""cpe:2.3:o:unitronics:vision280_firmware:*:*:*:*:*:*:*:*"", ""vulnerable"": true, ""versionEndExcluding"": ""12.38""}, {""vendor"": ""unitronics"", ""product"": ""vision280"", ""version"": ""-"", ""criteria"": ""cpe:2.3:h:unitronics:vision280:-:*:*:*:*:*:*:*"", ""vulnerable"": false}, {""vendor"": ""unitronics"", ""product"": ""vision290_firmware"", ""version"": ""*"", ""criteria"": ""cpe:2.3:o:unitronics:vision290_firmware:*:*:*:*:*:*:*:*"", ""vulnerable"": true, ""versionEndExcluding"": ""12.38""}, {""vendor"": ""unitronics"", ""product"": ""vision290"", ""version"": ""-"", ""criteria"": ""cpe:2.3:h:unitronics:vision290:-:*:*:*:*:*:*:*"", ""vulnerable"": false}, {""vendor"": ""unitronics"", ""product"": ""vision530_firmware"", ""version"": ""*"", ""criteria"": ""cpe:2.3:o:unitronics:vision530_firmware:*:*:*:*:*:*:*:*"", ""vulnerable"": true, ""versionEndExcluding"": ""12.38""}, {""vendor"": ""unitronics"", ""product"": ""vision530"", ""version"": ""-"", ""criteria"": ""cpe:2.3:h:unitronics:vision530:-:*:*:*:*:*:*:*"", ""vulnerable"": false}, {""vendor"": ""unitronics"", ""product"": ""vision120_firmware"", ""version"": ""*"", ""criteria"": ""cpe:2.3:o:unitronics:vision120_firmware:*:*:*:*:*:*:*:*"", ""vulnerable"": true, ""versionEndExcluding"": ""12.38""}, {""vendor"": ""unitronics"", ""product"": ""vision120"", ""version"": ""-"", ""criteria"": ""cpe:2.3:h:unitronics:vision120:-:*:*:*:*:*:*:*"", ""vulnerable"": false}, {""vendor"": ""unitronics"", ""product"": ""visilogic"", ""version"": ""*"", ""criteria"": ""cpe:2.3:a:unitronics:visilogic:*:*:*:*:*:*:*:*"", ""vulnerable"": true, ""versionEndExcluding"": ""9.9.00""}, {""vendor"": ""unitronics"", ""product"": ""samba_3.5_firmware"", ""version"": ""*"", ""criteria"": ""cpe:2.3:o:unitronics:samba_3.5_firmware:*:*:*:*:*:*:*:*"", ""vulnerable"": true, ""versionEndExcluding"": ""12.38""}, {""vendor"": ""unitronics"", ""product"": ""samba_3.5"", ""version"": ""-"", ""criteria"": ""cpe:2.3:h:unitronics:samba_3.5:-:*:*:*:*:*:*:*"", ""vulnerable"": false}, {""vendor"": ""unitronics"", ""product"": ""samba_4.3_firmware"", ""version"": ""*"", ""criteria"": ""cpe:2.3:o:unitronics:samba_4.3_firmware:*:*:*:*:*:*:*:*"", ""vulnerable"": true, ""versionEndExcluding"": ""12.38""}, {""vendor"": ""unitronics"", ""product"": ""samba_4.3"", ""version"": ""-"", ""criteria"": ""cpe:2.3:h:unitronics:samba_4.3:-:*:*:*:*:*:*:*"", ""vulnerable"": false}, {""vendor"": ""unitronics"", ""product"": ""samba_7_firmware"", ""version"": ""*"", ""criteria"": ""cpe:2.3:o:unitronics:samba_7_firmware:*:*:*:*:*:*:*:*"", ""vulnerable"": true, ""versionEndExcluding"": ""12.38""}, {""vendor"": ""unitronics"", ""product"": ""samba_7"", ""version"": ""-"", ""criteria"": ""cpe:2.3:h:unitronics:samba_7:-:*:*:*:*:*:*:*"", ""vulnerable"": false}]","[{""url"": ""https://downloads.unitronicsplc.com/Sites/plc/Technical_Library/Unitronics-Cybersecurity-Advisory-2023-001-CVE-2023-6448.pdf"", ""source"": ""9119a7d8-5eab-497f-8521-727c672e3725"", ""tags"": [""Vendor Advisory""]}, {""url"": ""https://downloads.unitronicsplc.com/Sites/plc/Visilogic/Version_Changes-Bug_Reports/VisiLogic%209.9.00%20Version%20changes.pdf"", ""source"": ""9119a7d8-5eab-497f-8521-727c672e3725"", ""tags"": [""Release Notes""]}, {""url"": ""https://www.cisa.gov/news-events/alerts/2023/11/28/exploitation-unitronics-plcs-used-water-and-wastewater-systems"", ""source"": ""9119a7d8-5eab-497f-8521-727c672e3725"", ""tags"": [""Third Party Advisory"", ""US Government Resource""]}, {""url"": ""https://www.unitronicsplc.com/cyber_security_vision-samba/"", ""source"": ""9119a7d8-5eab-497f-8521-727c672e3725"", ""tags"": [""Product""]}, {""url"": ""https://downloads.unitronicsplc.com/Sites/plc/Technical_Library/Unitronics-Cybersecurity-Advisory-2023-001-CVE-2023-6448.pdf"", ""source"": ""af854a3a-2127-422b-91ae-364da2661108"", ""tags"": [""Vendor Advisory""]}, {""url"": ""https://downloads.unitronicsplc.com/Sites/plc/Visilogic/Version_Changes-Bug_Reports/VisiLogic%209.9.00%20Version%20changes.pdf"", ""source"": ""af854a3a-2127-422b-91ae-364da2661108"", ""tags"": [""Release Notes""]}, {""url"": ""https://www.cisa.gov/news-events/alerts/2023/11/28/exploitation-unitronics-plcs-used-water-and-wastewater-systems"", ""source"": ""af854a3a-2127-422b-91ae-364da2661108"", ""tags"": [""Third Party Advisory"", ""US Government Resource""]}, {""url"": ""https://www.unitronicsplc.com/cyber_security_vision-samba/"", ""source"": ""af854a3a-2127-422b-91ae-364da2661108"", ""tags"": [""Product""]}, {""url"": ""https://www.cisa.gov/known-exploited-vulnerabilities-catalog?field_cve=CVE-2023-6448"", ""source"": ""134c704f-9b21-4f2e-91b3-4a467353bcc0"", ""tags"": [""US Government Resource""]}]",True,"[""nvd"", ""cisa_kev""]",gold_evidence_removed,False
CVE-2023-6448-REMOVED-Q2,CVE-2023-6448,affected_product,CVE-2023-6448의 영향을 받는 제품이나 버전은 무엇인가?,"Unitronics VisiLogic before version 9.9.00, used in Vision and Samba PLCs and HMIs, uses a default administrative password. An unauthenticated attacker with network access can take administrative control of a vulnerable system.",CRITICAL,9.8,NETWORK,LOW,NONE,NONE,"[""CWE-1188"", ""CWE-798""]","[{""vendor"": ""unitronics"", ""product"": ""vision1210_firmware"", ""version"": ""*"", ""criteria"": ""cpe:2.3:o:unitronics:vision1210_firmware:*:*:*:*:*:*:*:*"", ""vulnerable"": true, ""versionEndExcluding"": ""12.38""}, {""vendor"": ""unitronics"", ""product"": ""vision1210"", ""version"": ""-"", ""criteria"": ""cpe:2.3:h:unitronics:vision1210:-:*:*:*:*:*:*:*"", ""vulnerable"": false}, {""vendor"": ""unitronics"", ""product"": ""vision1040_firmware"", ""version"": ""*"", ""criteria"": ""cpe:2.3:o:unitronics:vision1040_firmware:*:*:*:*:*:*:*:*"", ""vulnerable"": true, ""versionEndExcluding"": ""12.38""}, {""vendor"": ""unitronics"", ""product"": ""vision1040"", ""version"": ""-"", ""criteria"": ""cpe:2.3:h:unitronics:vision1040:-:*:*:*:*:*:*:*"", ""vulnerable"": false}, {""vendor"": ""unitronics"", ""product"": ""vision700_firmware"", ""version"": ""*"", ""criteria"": ""cpe:2.3:o:unitronics:vision700_firmware:*:*:*:*:*:*:*:*"", ""vulnerable"": true, ""versionEndExcluding"": ""12.38""}, {""vendor"": ""unitronics"", ""product"": ""vision700"", ""version"": ""-"", ""criteria"": ""cpe:2.3:h:unitronics:vision700:-:*:*:*:*:*:*:*"", ""vulnerable"": false}, {""vendor"": ""unitronics"", ""product"": ""vision570_firmware"", ""version"": ""*"", ""criteria"": ""cpe:2.3:o:unitronics:vision570_firmware:*:*:*:*:*:*:*:*"", ""vulnerable"": true, ""versionEndExcluding"": ""12.38""}, {""vendor"": ""unitronics"", ""product"": ""vision570"", ""version"": ""-"", ""criteria"": ""cpe:2.3:h:unitronics:vision570:-:*:*:*:*:*:*:*"", ""vulnerable"": false}, {""vendor"": ""unitronics"", ""product"": ""vision560_firmware"", ""version"": ""*"", ""criteria"": ""cpe:2.3:o:unitronics:vision560_firmware:*:*:*:*:*:*:*:*"", ""vulnerable"": true, ""versionEndExcluding"": ""12.38""}, {""vendor"": ""unitronics"", ""product"": ""vision560"", ""version"": ""-"", ""criteria"": ""cpe:2.3:h:unitronics:vision560:-:*:*:*:*:*:*:*"", ""vulnerable"": false}, {""vendor"": ""unitronics"", ""product"": ""vision430_firmware"", ""version"": ""*"", ""criteria"": ""cpe:2.3:o:unitronics:vision430_firmware:*:*:*:*:*:*:*:*"", ""vulnerable"": true, ""versionEndExcluding"": ""12.38""}, {""vendor"": ""unitronics"", ""product"": ""vision430"", ""version"": ""-"", ""criteria"": ""cpe:2.3:h:unitronics:vision430:-:*:*:*:*:*:*:*"", ""vulnerable"": false}, {""vendor"": ""unitronics"", ""product"": ""vision350_firmware"", ""version"": ""*"", ""criteria"": ""cpe:2.3:o:unitronics:vision350_firmware:*:*:*:*:*:*:*:*"", ""vulnerable"": true, ""versionEndExcluding"": ""12.38""}, {""vendor"": ""unitronics"", ""product"": ""vision350"", ""version"": ""-"", ""criteria"": ""cpe:2.3:h:unitronics:vision350:-:*:*:*:*:*:*:*"", ""vulnerable"": false}, {""vendor"": ""unitronics"", ""product"": ""vision130_firmware"", ""version"": ""*"", ""criteria"": ""cpe:2.3:o:unitronics:vision130_firmware:*:*:*:*:*:*:*:*"", ""vulnerable"": true, ""versionEndExcluding"": ""12.38""}, {""vendor"": ""unitronics"", ""product"": ""vision130"", ""version"": ""-"", ""criteria"": ""cpe:2.3:h:unitronics:vision130:-:*:*:*:*:*:*:*"", ""vulnerable"": false}, {""vendor"": ""unitronics"", ""product"": ""vision230_firmware"", ""version"": ""*"", ""criteria"": ""cpe:2.3:o:unitronics:vision230_firmware:*:*:*:*:*:*:*:*"", ""vulnerable"": true, ""versionEndExcluding"": ""12.38""}, {""vendor"": ""unitronics"", ""product"": ""vision230"", ""version"": ""-"", ""criteria"": ""cpe:2.3:h:unitronics:vision230:-:*:*:*:*:*:*:*"", ""vulnerable"": false}, {""vendor"": ""unitronics"", ""product"": ""vision280_firmware"", ""version"": ""*"", ""criteria"": ""cpe:2.3:o:unitronics:vision280_firmware:*:*:*:*:*:*:*:*"", ""vulnerable"": true, ""versionEndExcluding"": ""12.38""}, {""vendor"": ""unitronics"", ""product"": ""vision280"", ""version"": ""-"", ""criteria"": ""cpe:2.3:h:unitronics:vision280:-:*:*:*:*:*:*:*"", ""vulnerable"": false}, {""vendor"": ""unitronics"", ""product"": ""vision290_firmware"", ""version"": ""*"", ""criteria"": ""cpe:2.3:o:unitronics:vision290_firmware:*:*:*:*:*:*:*:*"", ""vulnerable"": true, ""versionEndExcluding"": ""12.38""}, {""vendor"": ""unitronics"", ""product"": ""vision290"", ""version"": ""-"", ""criteria"": ""cpe:2.3:h:unitronics:vision290:-:*:*:*:*:*:*:*"", ""vulnerable"": false}, {""vendor"": ""unitronics"", ""product"": ""vision530_firmware"", ""version"": ""*"", ""criteria"": ""cpe:2.3:o:unitronics:vision530_firmware:*:*:*:*:*:*:*:*"", ""vulnerable"": true, ""versionEndExcluding"": ""12.38""}, {""vendor"": ""unitronics"", ""product"": ""vision530"", ""version"": ""-"", ""criteria"": ""cpe:2.3:h:unitronics:vision530:-:*:*:*:*:*:*:*"", ""vulnerable"": false}, {""vendor"": ""unitronics"", ""product"": ""vision120_firmware"", ""version"": ""*"", ""criteria"": ""cpe:2.3:o:unitronics:vision120_firmware:*:*:*:*:*:*:*:*"", ""vulnerable"": true, ""versionEndExcluding"": ""12.38""}, {""vendor"": ""unitronics"", ""product"": ""vision120"", ""version"": ""-"", ""criteria"": ""cpe:2.3:h:unitronics:vision120:-:*:*:*:*:*:*:*"", ""vulnerable"": false}, {""vendor"": ""unitronics"", ""product"": ""visilogic"", ""version"": ""*"", ""criteria"": ""cpe:2.3:a:unitronics:visilogic:*:*:*:*:*:*:*:*"", ""vulnerable"": true, ""versionEndExcluding"": ""9.9.00""}, {""vendor"": ""unitronics"", ""product"": ""samba_3.5_firmware"", ""version"": ""*"", ""criteria"": ""cpe:2.3:o:unitronics:samba_3.5_firmware:*:*:*:*:*:*:*:*"", ""vulnerable"": true, ""versionEndExcluding"": ""12.38""}, {""vendor"": ""unitronics"", ""product"": ""samba_3.5"", ""version"": ""-"", ""criteria"": ""cpe:2.3:h:unitronics:samba_3.5:-:*:*:*:*:*:*:*"", ""vulnerable"": false}, {""vendor"": ""unitronics"", ""product"": ""samba_4.3_firmware"", ""version"": ""*"", ""criteria"": ""cpe:2.3:o:unitronics:samba_4.3_firmware:*:*:*:*:*:*:*:*"", ""vulnerable"": true, ""versionEndExcluding"": ""12.38""}, {""vendor"": ""unitronics"", ""product"": ""samba_4.3"", ""version"": ""-"", ""criteria"": ""cpe:2.3:h:unitronics:samba_4.3:-:*:*:*:*:*:*:*"", ""vulnerable"": false}, {""vendor"": ""unitronics"", ""product"": ""samba_7_firmware"", ""version"": ""*"", ""criteria"": ""cpe:2.3:o:unitronics:samba_7_firmware:*:*:*:*:*:*:*:*"", ""vulnerable"": true, ""versionEndExcluding"": ""12.38""}, {""vendor"": ""unitronics"", ""product"": ""samba_7"", ""version"": ""-"", ""criteria"": ""cpe:2.3:h:unitronics:samba_7:-:*:*:*:*:*:*:*"", ""vulnerable"": false}]","[{""url"": ""https://downloads.unitronicsplc.com/Sites/plc/Technical_Library/Unitronics-Cybersecurity-Advisory-2023-001-CVE-2023-6448.pdf"", ""source"": ""9119a7d8-5eab-497f-8521-727c672e3725"", ""tags"": [""Vendor Advisory""]}, {""url"": ""https://downloads.unitronicsplc.com/Sites/plc/Visilogic/Version_Changes-Bug_Reports/VisiLogic%209.9.00%20Version%20changes.pdf"", ""source"": ""9119a7d8-5eab-497f-8521-727c672e3725"", ""tags"": [""Release Notes""]}, {""url"": ""https://www.cisa.gov/news-events/alerts/2023/11/28/exploitation-unitronics-plcs-used-water-and-wastewater-systems"", ""source"": ""9119a7d8-5eab-497f-8521-727c672e3725"", ""tags"": [""Third Party Advisory"", ""US Government Resource""]}, {""url"": ""https://www.unitronicsplc.com/cyber_security_vision-samba/"", ""source"": ""9119a7d8-5eab-497f-8521-727c672e3725"", ""tags"": [""Product""]}, {""url"": ""https://downloads.unitronicsplc.com/Sites/plc/Technical_Library/Unitronics-Cybersecurity-Advisory-2023-001-CVE-2023-6448.pdf"", ""source"": ""af854a3a-2127-422b-91ae-364da2661108"", ""tags"": [""Vendor Advisory""]}, {""url"": ""https://downloads.unitronicsplc.com/Sites/plc/Visilogic/Version_Changes-Bug_Reports/VisiLogic%209.9.00%20Version%20changes.pdf"", ""source"": ""af854a3a-2127-422b-91ae-364da2661108"", ""tags"": [""Release Notes""]}, {""url"": ""https://www.cisa.gov/news-events/alerts/2023/11/28/exploitation-unitronics-plcs-used-water-and-wastewater-systems"", ""source"": ""af854a3a-2127-422b-91ae-364da2661108"", ""tags"": [""Third Party Advisory"", ""US Government Resource""]}, {""url"": ""https://www.unitronicsplc.com/cyber_security_vision-samba/"", ""source"": ""af854a3a-2127-422b-91ae-364da2661108"", ""tags"": [""Product""]}, {""url"": ""https://www.cisa.gov/known-exploited-vulnerabilities-catalog?field_cve=CVE-2023-6448"", ""source"": ""134c704f-9b21-4f2e-91b3-4a467353bcc0"", ""tags"": [""US Government Resource""]}]",True,"[""nvd"", ""cisa_kev""]",gold_evidence_removed,False
CVE-2023-6448-REMOVED-Q3,CVE-2023-6448,attack_condition,CVE-2023-6448는 원격 공격이 가능한가? 인증이나 사용자 상호작용이 필요한가?,"Unitronics VisiLogic before version 9.9.00, used in Vision and Samba PLCs and HMIs, uses a default administrative password. An unauthenticated attacker with network access can take administrative control of a vulnerable system.",CRITICAL,9.8,NETWORK,LOW,NONE,NONE,"[""CWE-1188"", ""CWE-798""]","[{""vendor"": ""unitronics"", ""product"": ""vision1210_firmware"", ""version"": ""*"", ""criteria"": ""cpe:2.3:o:unitronics:vision1210_firmware:*:*:*:*:*:*:*:*"", ""vulnerable"": true, ""versionEndExcluding"": ""12.38""}, {""vendor"": ""unitronics"", ""product"": ""vision1210"", ""version"": ""-"", ""criteria"": ""cpe:2.3:h:unitronics:vision1210:-:*:*:*:*:*:*:*"", ""vulnerable"": false}, {""vendor"": ""unitronics"", ""product"": ""vision1040_firmware"", ""version"": ""*"", ""criteria"": ""cpe:2.3:o:unitronics:vision1040_firmware:*:*:*:*:*:*:*:*"", ""vulnerable"": true, ""versionEndExcluding"": ""12.38""}, {""vendor"": ""unitronics"", ""product"": ""vision1040"", ""version"": ""-"", ""criteria"": ""cpe:2.3:h:unitronics:vision1040:-:*:*:*:*:*:*:*"", ""vulnerable"": false}, {""vendor"": ""unitronics"", ""product"": ""vision700_firmware"", ""version"": ""*"", ""criteria"": ""cpe:2.3:o:unitronics:vision700_firmware:*:*:*:*:*:*:*:*"", ""vulnerable"": true, ""versionEndExcluding"": ""12.38""}, {""vendor"": ""unitronics"", ""product"": ""vision700"", ""version"": ""-"", ""criteria"": ""cpe:2.3:h:unitronics:vision700:-:*:*:*:*:*:*:*"", ""vulnerable"": false}, {""vendor"": ""unitronics"", ""product"": ""vision570_firmware"", ""version"": ""*"", ""criteria"": ""cpe:2.3:o:unitronics:vision570_firmware:*:*:*:*:*:*:*:*"", ""vulnerable"": true, ""versionEndExcluding"": ""12.38""}, {""vendor"": ""unitronics"", ""product"": ""vision570"", ""version"": ""-"", ""criteria"": ""cpe:2.3:h:unitronics:vision570:-:*:*:*:*:*:*:*"", ""vulnerable"": false}, {""vendor"": ""unitronics"", ""product"": ""vision560_firmware"", ""version"": ""*"", ""criteria"": ""cpe:2.3:o:unitronics:vision560_firmware:*:*:*:*:*:*:*:*"", ""vulnerable"": true, ""versionEndExcluding"": ""12.38""}, {""vendor"": ""unitronics"", ""product"": ""vision560"", ""version"": ""-"", ""criteria"": ""cpe:2.3:h:unitronics:vision560:-:*:*:*:*:*:*:*"", ""vulnerable"": false}, {""vendor"": ""unitronics"", ""product"": ""vision430_firmware"", ""version"": ""*"", ""criteria"": ""cpe:2.3:o:unitronics:vision430_firmware:*:*:*:*:*:*:*:*"", ""vulnerable"": true, ""versionEndExcluding"": ""12.38""}, {""vendor"": ""unitronics"", ""product"": ""vision430"", ""version"": ""-"", ""criteria"": ""cpe:2.3:h:unitronics:vision430:-:*:*:*:*:*:*:*"", ""vulnerable"": false}, {""vendor"": ""unitronics"", ""product"": ""vision350_firmware"", ""version"": ""*"", ""criteria"": ""cpe:2.3:o:unitronics:vision350_firmware:*:*:*:*:*:*:*:*"", ""vulnerable"": true, ""versionEndExcluding"": ""12.38""}, {""vendor"": ""unitronics"", ""product"": ""vision350"", ""version"": ""-"", ""criteria"": ""cpe:2.3:h:unitronics:vision350:-:*:*:*:*:*:*:*"", ""vulnerable"": false}, {""vendor"": ""unitronics"", ""product"": ""vision130_firmware"", ""version"": ""*"", ""criteria"": ""cpe:2.3:o:unitronics:vision130_firmware:*:*:*:*:*:*:*:*"", ""vulnerable"": true, ""versionEndExcluding"": ""12.38""}, {""vendor"": ""unitronics"", ""product"": ""vision130"", ""version"": ""-"", ""criteria"": ""cpe:2.3:h:unitronics:vision130:-:*:*:*:*:*:*:*"", ""vulnerable"": false}, {""vendor"": ""unitronics"", ""product"": ""vision230_firmware"", ""version"": ""*"", ""criteria"": ""cpe:2.3:o:unitronics:vision230_firmware:*:*:*:*:*:*:*:*"", ""vulnerable"": true, ""versionEndExcluding"": ""12.38""}, {""vendor"": ""unitronics"", ""product"": ""vision230"", ""version"": ""-"", ""criteria"": ""cpe:2.3:h:unitronics:vision230:-:*:*:*:*:*:*:*"", ""vulnerable"": false}, {""vendor"": ""unitronics"", ""product"": ""vision280_firmware"", ""version"": ""*"", ""criteria"": ""cpe:2.3:o:unitronics:vision280_firmware:*:*:*:*:*:*:*:*"", ""vulnerable"": true, ""versionEndExcluding"": ""12.38""}, {""vendor"": ""unitronics"", ""product"": ""vision280"", ""version"": ""-"", ""criteria"": ""cpe:2.3:h:unitronics:vision280:-:*:*:*:*:*:*:*"", ""vulnerable"": false}, {""vendor"": ""unitronics"", ""product"": ""vision290_firmware"", ""version"": ""*"", ""criteria"": ""cpe:2.3:o:unitronics:vision290_firmware:*:*:*:*:*:*:*:*"", ""vulnerable"": true, ""versionEndExcluding"": ""12.38""}, {""vendor"": ""unitronics"", ""product"": ""vision290"", ""version"": ""-"", ""criteria"": ""cpe:2.3:h:unitronics:vision290:-:*:*:*:*:*:*:*"", ""vulnerable"": false}, {""vendor"": ""unitronics"", ""product"": ""vision530_firmware"", ""version"": ""*"", ""criteria"": ""cpe:2.3:o:unitronics:vision530_firmware:*:*:*:*:*:*:*:*"", ""vulnerable"": true, ""versionEndExcluding"": ""12.38""}, {""vendor"": ""unitronics"", ""product"": ""vision530"", ""version"": ""-"", ""criteria"": ""cpe:2.3:h:unitronics:vision530:-:*:*:*:*:*:*:*"", ""vulnerable"": false}, {""vendor"": ""unitronics"", ""product"": ""vision120_firmware"", ""version"": ""*"", ""criteria"": ""cpe:2.3:o:unitronics:vision120_firmware:*:*:*:*:*:*:*:*"", ""vulnerable"": true, ""versionEndExcluding"": ""12.38""}, {""vendor"": ""unitronics"", ""product"": ""vision120"", ""version"": ""-"", ""criteria"": ""cpe:2.3:h:unitronics:vision120:-:*:*:*:*:*:*:*"", ""vulnerable"": false}, {""vendor"": ""unitronics"", ""product"": ""visilogic"", ""version"": ""*"", ""criteria"": ""cpe:2.3:a:unitronics:visilogic:*:*:*:*:*:*:*:*"", ""vulnerable"": true, ""versionEndExcluding"": ""9.9.00""}, {""vendor"": ""unitronics"", ""product"": ""samba_3.5_firmware"", ""version"": ""*"", ""criteria"": ""cpe:2.3:o:unitronics:samba_3.5_firmware:*:*:*:*:*:*:*:*"", ""vulnerable"": true, ""versionEndExcluding"": ""12.38""}, {""vendor"": ""unitronics"", ""product"": ""samba_3.5"", ""version"": ""-"", ""criteria"": ""cpe:2.3:h:unitronics:samba_3.5:-:*:*:*:*:*:*:*"", ""vulnerable"": false}, {""vendor"": ""unitronics"", ""product"": ""samba_4.3_firmware"", ""version"": ""*"", ""criteria"": ""cpe:2.3:o:unitronics:samba_4.3_firmware:*:*:*:*:*:*:*:*"", ""vulnerable"": true, ""versionEndExcluding"": ""12.38""}, {""vendor"": ""unitronics"", ""product"": ""samba_4.3"", ""version"": ""-"", ""criteria"": ""cpe:2.3:h:unitronics:samba_4.3:-:*:*:*:*:*:*:*"", ""vulnerable"": false}, {""vendor"": ""unitronics"", ""product"": ""samba_7_firmware"", ""version"": ""*"", ""criteria"": ""cpe:2.3:o:unitronics:samba_7_firmware:*:*:*:*:*:*:*:*"", ""vulnerable"": true, ""versionEndExcluding"": ""12.38""}, {""vendor"": ""unitronics"", ""product"": ""samba_7"", ""version"": ""-"", ""criteria"": ""cpe:2.3:h:unitronics:samba_7:-:*:*:*:*:*:*:*"", ""vulnerable"": false}]","[{""url"": ""https://downloads.unitronicsplc.com/Sites/plc/Technical_Library/Unitronics-Cybersecurity-Advisory-2023-001-CVE-2023-6448.pdf"", ""source"": ""9119a7d8-5eab-497f-8521-727c672e3725"", ""tags"": [""Vendor Advisory""]}, {""url"": ""https://downloads.unitronicsplc.com/Sites/plc/Visilogic/Version_Changes-Bug_Reports/VisiLogic%209.9.00%20Version%20changes.pdf"", ""source"": ""9119a7d8-5eab-497f-8521-727c672e3725"", ""tags"": [""Release Notes""]}, {""url"": ""https://www.cisa.gov/news-events/alerts/2023/11/28/exploitation-unitronics-plcs-used-water-and-wastewater-systems"", ""source"": ""9119a7d8-5eab-497f-8521-727c672e3725"", ""tags"": [""Third Party Advisory"", ""US Government Resource""]}, {""url"": ""https://www.unitronicsplc.com/cyber_security_vision-samba/"", ""source"": ""9119a7d8-5eab-497f-8521-727c672e3725"", ""tags"": [""Product""]}, {""url"": ""https://downloads.unitronicsplc.com/Sites/plc/Technical_Library/Unitronics-Cybersecurity-Advisory-2023-001-CVE-2023-6448.pdf"", ""source"": ""af854a3a-2127-422b-91ae-364da2661108"", ""tags"": [""Vendor Advisory""]}, {""url"": ""https://downloads.unitronicsplc.com/Sites/plc/Visilogic/Version_Changes-Bug_Reports/VisiLogic%209.9.00%20Version%20changes.pdf"", ""source"": ""af854a3a-2127-422b-91ae-364da2661108"", ""tags"": [""Release Notes""]}, {""url"": ""https://www.cisa.gov/news-events/alerts/2023/11/28/exploitation-unitronics-plcs-used-water-and-wastewater-systems"", ""source"": ""af854a3a-2127-422b-91ae-364da2661108"", ""tags"": [""Third Party Advisory"", ""US Government Resource""]}, {""url"": ""https://www.unitronicsplc.com/cyber_security_vision-samba/"", ""source"": ""af854a3a-2127-422b-91ae-364da2661108"", ""tags"": [""Product""]}, {""url"": ""https://www.cisa.gov/known-exploited-vulnerabilities-catalog?field_cve=CVE-2023-6448"", ""source"": ""134c704f-9b21-4f2e-91b3-4a467353bcc0"", ""tags"": [""US Government Resource""]}]",True,"[""nvd"", ""cisa_kev""]",gold_evidence_removed,False
CVE-2023-6448-REMOVED-Q4,CVE-2023-6448,severity_reason,CVE-2023-6448의 위험도가 CRITICAL로 평가되는 이유는 무엇인가?,"Unitronics VisiLogic before version 9.9.00, used in Vision and Samba PLCs and HMIs, uses a default administrative password. An unauthenticated attacker with network access can take administrative control of a vulnerable system.",CRITICAL,9.8,NETWORK,LOW,NONE,NONE,"[""CWE-1188"", ""CWE-798""]","[{""vendor"": ""unitronics"", ""product"": ""vision1210_firmware"", ""version"": ""*"", ""criteria"": ""cpe:2.3:o:unitronics:vision1210_firmware:*:*:*:*:*:*:*:*"", ""vulnerable"": true, ""versionEndExcluding"": ""12.38""}, {""vendor"": ""unitronics"", ""product"": ""vision1210"", ""version"": ""-"", ""criteria"": ""cpe:2.3:h:unitronics:vision1210:-:*:*:*:*:*:*:*"", ""vulnerable"": false}, {""vendor"": ""unitronics"", ""product"": ""vision1040_firmware"", ""version"": ""*"", ""criteria"": ""cpe:2.3:o:unitronics:vision1040_firmware:*:*:*:*:*:*:*:*"", ""vulnerable"": true, ""versionEndExcluding"": ""12.38""}, {""vendor"": ""unitronics"", ""product"": ""vision1040"", ""version"": ""-"", ""criteria"": ""cpe:2.3:h:unitronics:vision1040:-:*:*:*:*:*:*:*"", ""vulnerable"": false}, {""vendor"": ""unitronics"", ""product"": ""vision700_firmware"", ""version"": ""*"", ""criteria"": ""cpe:2.3:o:unitronics:vision700_firmware:*:*:*:*:*:*:*:*"", ""vulnerable"": true, ""versionEndExcluding"": ""12.38""}, {""vendor"": ""unitronics"", ""product"": ""vision700"", ""version"": ""-"", ""criteria"": ""cpe:2.3:h:unitronics:vision700:-:*:*:*:*:*:*:*"", ""vulnerable"": false}, {""vendor"": ""unitronics"", ""product"": ""vision570_firmware"", ""version"": ""*"", ""criteria"": ""cpe:2.3:o:unitronics:vision570_firmware:*:*:*:*:*:*:*:*"", ""vulnerable"": true, ""versionEndExcluding"": ""12.38""}, {""vendor"": ""unitronics"", ""product"": ""vision570"", ""version"": ""-"", ""criteria"": ""cpe:2.3:h:unitronics:vision570:-:*:*:*:*:*:*:*"", ""vulnerable"": false}, {""vendor"": ""unitronics"", ""product"": ""vision560_firmware"", ""version"": ""*"", ""criteria"": ""cpe:2.3:o:unitronics:vision560_firmware:*:*:*:*:*:*:*:*"", ""vulnerable"": true, ""versionEndExcluding"": ""12.38""}, {""vendor"": ""unitronics"", ""product"": ""vision560"", ""version"": ""-"", ""criteria"": ""cpe:2.3:h:unitronics:vision560:-:*:*:*:*:*:*:*"", ""vulnerable"": false}, {""vendor"": ""unitronics"", ""product"": ""vision430_firmware"", ""version"": ""*"", ""criteria"": ""cpe:2.3:o:unitronics:vision430_firmware:*:*:*:*:*:*:*:*"", ""vulnerable"": true, ""versionEndExcluding"": ""12.38""}, {""vendor"": ""unitronics"", ""product"": ""vision430"", ""version"": ""-"", ""criteria"": ""cpe:2.3:h:unitronics:vision430:-:*:*:*:*:*:*:*"", ""vulnerable"": false}, {""vendor"": ""unitronics"", ""product"": ""vision350_firmware"", ""version"": ""*"", ""criteria"": ""cpe:2.3:o:unitronics:vision350_firmware:*:*:*:*:*:*:*:*"", ""vulnerable"": true, ""versionEndExcluding"": ""12.38""}, {""vendor"": ""unitronics"", ""product"": ""vision350"", ""version"": ""-"", ""criteria"": ""cpe:2.3:h:unitronics:vision350:-:*:*:*:*:*:*:*"", ""vulnerable"": false}, {""vendor"": ""unitronics"", ""product"": ""vision130_firmware"", ""version"": ""*"", ""criteria"": ""cpe:2.3:o:unitronics:vision130_firmware:*:*:*:*:*:*:*:*"", ""vulnerable"": true, ""versionEndExcluding"": ""12.38""}, {""vendor"": ""unitronics"", ""product"": ""vision130"", ""version"": ""-"", ""criteria"": ""cpe:2.3:h:unitronics:vision130:-:*:*:*:*:*:*:*"", ""vulnerable"": false}, {""vendor"": ""unitronics"", ""product"": ""vision230_firmware"", ""version"": ""*"", ""criteria"": ""cpe:2.3:o:unitronics:vision230_firmware:*:*:*:*:*:*:*:*"", ""vulnerable"": true, ""versionEndExcluding"": ""12.38""}, {""vendor"": ""unitronics"", ""product"": ""vision230"", ""version"": ""-"", ""criteria"": ""cpe:2.3:h:unitronics:vision230:-:*:*:*:*:*:*:*"", ""vulnerable"": false}, {""vendor"": ""unitronics"", ""product"": ""vision280_firmware"", ""version"": ""*"", ""criteria"": ""cpe:2.3:o:unitronics:vision280_firmware:*:*:*:*:*:*:*:*"", ""vulnerable"": true, ""versionEndExcluding"": ""12.38""}, {""vendor"": ""unitronics"", ""product"": ""vision280"", ""version"": ""-"", ""criteria"": ""cpe:2.3:h:unitronics:vision280:-:*:*:*:*:*:*:*"", ""vulnerable"": false}, {""vendor"": ""unitronics"", ""product"": ""vision290_firmware"", ""version"": ""*"", ""criteria"": ""cpe:2.3:o:unitronics:vision290_firmware:*:*:*:*:*:*:*:*"", ""vulnerable"": true, ""versionEndExcluding"": ""12.38""}, {""vendor"": ""unitronics"", ""product"": ""vision290"", ""version"": ""-"", ""criteria"": ""cpe:2.3:h:unitronics:vision290:-:*:*:*:*:*:*:*"", ""vulnerable"": false}, {""vendor"": ""unitronics"", ""product"": ""vision530_firmware"", ""version"": ""*"", ""criteria"": ""cpe:2.3:o:unitronics:vision530_firmware:*:*:*:*:*:*:*:*"", ""vulnerable"": true, ""versionEndExcluding"": ""12.38""}, {""vendor"": ""unitronics"", ""product"": ""vision530"", ""version"": ""-"", ""criteria"": ""cpe:2.3:h:unitronics:vision530:-:*:*:*:*:*:*:*"", ""vulnerable"": false}, {""vendor"": ""unitronics"", ""product"": ""vision120_firmware"", ""version"": ""*"", ""criteria"": ""cpe:2.3:o:unitronics:vision120_firmware:*:*:*:*:*:*:*:*"", ""vulnerable"": true, ""versionEndExcluding"": ""12.38""}, {""vendor"": ""unitronics"", ""product"": ""vision120"", ""version"": ""-"", ""criteria"": ""cpe:2.3:h:unitronics:vision120:-:*:*:*:*:*:*:*"", ""vulnerable"": false}, {""vendor"": ""unitronics"", ""product"": ""visilogic"", ""version"": ""*"", ""criteria"": ""cpe:2.3:a:unitronics:visilogic:*:*:*:*:*:*:*:*"", ""vulnerable"": true, ""versionEndExcluding"": ""9.9.00""}, {""vendor"": ""unitronics"", ""product"": ""samba_3.5_firmware"", ""version"": ""*"", ""criteria"": ""cpe:2.3:o:unitronics:samba_3.5_firmware:*:*:*:*:*:*:*:*"", ""vulnerable"": true, ""versionEndExcluding"": ""12.38""}, {""vendor"": ""unitronics"", ""product"": ""samba_3.5"", ""version"": ""-"", ""criteria"": ""cpe:2.3:h:unitronics:samba_3.5:-:*:*:*:*:*:*:*"", ""vulnerable"": false}, {""vendor"": ""unitronics"", ""product"": ""samba_4.3_firmware"", ""version"": ""*"", ""criteria"": ""cpe:2.3:o:unitronics:samba_4.3_firmware:*:*:*:*:*:*:*:*"", ""vulnerable"": true, ""versionEndExcluding"": ""12.38""}, {""vendor"": ""unitronics"", ""product"": ""samba_4.3"", ""version"": ""-"", ""criteria"": ""cpe:2.3:h:unitronics:samba_4.3:-:*:*:*:*:*:*:*"", ""vulnerable"": false}, {""vendor"": ""unitronics"", ""product"": ""samba_7_firmware"", ""version"": ""*"", ""criteria"": ""cpe:2.3:o:unitronics:samba_7_firmware:*:*:*:*:*:*:*:*"", ""vulnerable"": true, ""versionEndExcluding"": ""12.38""}, {""vendor"": ""unitronics"", ""product"": ""samba_7"", ""version"": ""-"", ""criteria"": ""cpe:2.3:h:unitronics:samba_7:-:*:*:*:*:*:*:*"", ""vulnerable"": false}]","[{""url"": ""https://downloads.unitronicsplc.com/Sites/plc/Technical_Library/Unitronics-Cybersecurity-Advisory-2023-001-CVE-2023-6448.pdf"", ""source"": ""9119a7d8-5eab-497f-8521-727c672e3725"", ""tags"": [""Vendor Advisory""]}, {""url"": ""https://downloads.unitronicsplc.com/Sites/plc/Visilogic/Version_Changes-Bug_Reports/VisiLogic%209.9.00%20Version%20changes.pdf"", ""source"": ""9119a7d8-5eab-497f-8521-727c672e3725"", ""tags"": [""Release Notes""]}, {""url"": ""https://www.cisa.gov/news-events/alerts/2023/11/28/exploitation-unitronics-plcs-used-water-and-wastewater-systems"", ""source"": ""9119a7d8-5eab-497f-8521-727c672e3725"", ""tags"": [""Third Party Advisory"", ""US Government Resource""]}, {""url"": ""https://www.unitronicsplc.com/cyber_security_vision-samba/"", ""source"": ""9119a7d8-5eab-497f-8521-727c672e3725"", ""tags"": [""Product""]}, {""url"": ""https://downloads.unitronicsplc.com/Sites/plc/Technical_Library/Unitronics-Cybersecurity-Advisory-2023-001-CVE-2023-6448.pdf"", ""source"": ""af854a3a-2127-422b-91ae-364da2661108"", ""tags"": [""Vendor Advisory""]}, {""url"": ""https://downloads.unitronicsplc.com/Sites/plc/Visilogic/Version_Changes-Bug_Reports/VisiLogic%209.9.00%20Version%20changes.pdf"", ""source"": ""af854a3a-2127-422b-91ae-364da2661108"", ""tags"": [""Release Notes""]}, {""url"": ""https://www.cisa.gov/news-events/alerts/2023/11/28/exploitation-unitronics-plcs-used-water-and-wastewater-systems"", ""source"": ""af854a3a-2127-422b-91ae-364da2661108"", ""tags"": [""Third Party Advisory"", ""US Government Resource""]}, {""url"": ""https://www.unitronicsplc.com/cyber_security_vision-samba/"", ""source"": ""af854a3a-2127-422b-91ae-364da2661108"", ""tags"": [""Product""]}, {""url"": ""https://www.cisa.gov/known-exploited-vulnerabilities-catalog?field_cve=CVE-2023-6448"", ""source"": ""134c704f-9b21-4f2e-91b3-4a467353bcc0"", ""tags"": [""US Government Resource""]}]",True,"[""nvd"", ""cisa_kev""]",gold_evidence_removed,False
CVE-2023-6448-REMOVED-Q5,CVE-2023-6448,mitigation,CVE-2023-6448에 대한 대응 방법이나 완화 방안은 무엇인가?,"Unitronics VisiLogic before version 9.9.00, used in Vision and Samba PLCs and HMIs, uses a default administrative password. An unauthenticated attacker with network access can take administrative control of a vulnerable system.",CRITICAL,9.8,NETWORK,LOW,NONE,NONE,"[""CWE-1188"", ""CWE-798""]","[{""vendor"": ""unitronics"", ""product"": ""vision1210_firmware"", ""version"": ""*"", ""criteria"": ""cpe:2.3:o:unitronics:vision1210_firmware:*:*:*:*:*:*:*:*"", ""vulnerable"": true, ""versionEndExcluding"": ""12.38""}, {""vendor"": ""unitronics"", ""product"": ""vision1210"", ""version"": ""-"", ""criteria"": ""cpe:2.3:h:unitronics:vision1210:-:*:*:*:*:*:*:*"", ""vulnerable"": false}, {""vendor"": ""unitronics"", ""product"": ""vision1040_firmware"", ""version"": ""*"", ""criteria"": ""cpe:2.3:o:unitronics:vision1040_firmware:*:*:*:*:*:*:*:*"", ""vulnerable"": true, ""versionEndExcluding"": ""12.38""}, {""vendor"": ""unitronics"", ""product"": ""vision1040"", ""version"": ""-"", ""criteria"": ""cpe:2.3:h:unitronics:vision1040:-:*:*:*:*:*:*:*"", ""vulnerable"": false}, {""vendor"": ""unitronics"", ""product"": ""vision700_firmware"", ""version"": ""*"", ""criteria"": ""cpe:2.3:o:unitronics:vision700_firmware:*:*:*:*:*:*:*:*"", ""vulnerable"": true, ""versionEndExcluding"": ""12.38""}, {""vendor"": ""unitronics"", ""product"": ""vision700"", ""version"": ""-"", ""criteria"": ""cpe:2.3:h:unitronics:vision700:-:*:*:*:*:*:*:*"", ""vulnerable"": false}, {""vendor"": ""unitronics"", ""product"": ""vision570_firmware"", ""version"": ""*"", ""criteria"": ""cpe:2.3:o:unitronics:vision570_firmware:*:*:*:*:*:*:*:*"", ""vulnerable"": true, ""versionEndExcluding"": ""12.38""}, {""vendor"": ""unitronics"", ""product"": ""vision570"", ""version"": ""-"", ""criteria"": ""cpe:2.3:h:unitronics:vision570:-:*:*:*:*:*:*:*"", ""vulnerable"": false}, {""vendor"": ""unitronics"", ""product"": ""vision560_firmware"", ""version"": ""*"", ""criteria"": ""cpe:2.3:o:unitronics:vision560_firmware:*:*:*:*:*:*:*:*"", ""vulnerable"": true, ""versionEndExcluding"": ""12.38""}, {""vendor"": ""unitronics"", ""product"": ""vision560"", ""version"": ""-"", ""criteria"": ""cpe:2.3:h:unitronics:vision560:-:*:*:*:*:*:*:*"", ""vulnerable"": false}, {""vendor"": ""unitronics"", ""product"": ""vision430_firmware"", ""version"": ""*"", ""criteria"": ""cpe:2.3:o:unitronics:vision430_firmware:*:*:*:*:*:*:*:*"", ""vulnerable"": true, ""versionEndExcluding"": ""12.38""}, {""vendor"": ""unitronics"", ""product"": ""vision430"", ""version"": ""-"", ""criteria"": ""cpe:2.3:h:unitronics:vision430:-:*:*:*:*:*:*:*"", ""vulnerable"": false}, {""vendor"": ""unitronics"", ""product"": ""vision350_firmware"", ""version"": ""*"", ""criteria"": ""cpe:2.3:o:unitronics:vision350_firmware:*:*:*:*:*:*:*:*"", ""vulnerable"": true, ""versionEndExcluding"": ""12.38""}, {""vendor"": ""unitronics"", ""product"": ""vision350"", ""version"": ""-"", ""criteria"": ""cpe:2.3:h:unitronics:vision350:-:*:*:*:*:*:*:*"", ""vulnerable"": false}, {""vendor"": ""unitronics"", ""product"": ""vision130_firmware"", ""version"": ""*"", ""criteria"": ""cpe:2.3:o:unitronics:vision130_firmware:*:*:*:*:*:*:*:*"", ""vulnerable"": true, ""versionEndExcluding"": ""12.38""}, {""vendor"": ""unitronics"", ""product"": ""vision130"", ""version"": ""-"", ""criteria"": ""cpe:2.3:h:unitronics:vision130:-:*:*:*:*:*:*:*"", ""vulnerable"": false}, {""vendor"": ""unitronics"", ""product"": ""vision230_firmware"", ""version"": ""*"", ""criteria"": ""cpe:2.3:o:unitronics:vision230_firmware:*:*:*:*:*:*:*:*"", ""vulnerable"": true, ""versionEndExcluding"": ""12.38""}, {""vendor"": ""unitronics"", ""product"": ""vision230"", ""version"": ""-"", ""criteria"": ""cpe:2.3:h:unitronics:vision230:-:*:*:*:*:*:*:*"", ""vulnerable"": false}, {""vendor"": ""unitronics"", ""product"": ""vision280_firmware"", ""version"": ""*"", ""criteria"": ""cpe:2.3:o:unitronics:vision280_firmware:*:*:*:*:*:*:*:*"", ""vulnerable"": true, ""versionEndExcluding"": ""12.38""}, {""vendor"": ""unitronics"", ""product"": ""vision280"", ""version"": ""-"", ""criteria"": ""cpe:2.3:h:unitronics:vision280:-:*:*:*:*:*:*:*"", ""vulnerable"": false}, {""vendor"": ""unitronics"", ""product"": ""vision290_firmware"", ""version"": ""*"", ""criteria"": ""cpe:2.3:o:unitronics:vision290_firmware:*:*:*:*:*:*:*:*"", ""vulnerable"": true, ""versionEndExcluding"": ""12.38""}, {""vendor"": ""unitronics"", ""product"": ""vision290"", ""version"": ""-"", ""criteria"": ""cpe:2.3:h:unitronics:vision290:-:*:*:*:*:*:*:*"", ""vulnerable"": false}, {""vendor"": ""unitronics"", ""product"": ""vision530_firmware"", ""version"": ""*"", ""criteria"": ""cpe:2.3:o:unitronics:vision530_firmware:*:*:*:*:*:*:*:*"", ""vulnerable"": true, ""versionEndExcluding"": ""12.38""}, {""vendor"": ""unitronics"", ""product"": ""vision530"", ""version"": ""-"", ""criteria"": ""cpe:2.3:h:unitronics:vision530:-:*:*:*:*:*:*:*"", ""vulnerable"": false}, {""vendor"": ""unitronics"", ""product"": ""vision120_firmware"", ""version"": ""*"", ""criteria"": ""cpe:2.3:o:unitronics:vision120_firmware:*:*:*:*:*:*:*:*"", ""vulnerable"": true, ""versionEndExcluding"": ""12.38""}, {""vendor"": ""unitronics"", ""product"": ""vision120"", ""version"": ""-"", ""criteria"": ""cpe:2.3:h:unitronics:vision120:-:*:*:*:*:*:*:*"", ""vulnerable"": false}, {""vendor"": ""unitronics"", ""product"": ""visilogic"", ""version"": ""*"", ""criteria"": ""cpe:2.3:a:unitronics:visilogic:*:*:*:*:*:*:*:*"", ""vulnerable"": true, ""versionEndExcluding"": ""9.9.00""}, {""vendor"": ""unitronics"", ""product"": ""samba_3.5_firmware"", ""version"": ""*"", ""criteria"": ""cpe:2.3:o:unitronics:samba_3.5_firmware:*:*:*:*:*:*:*:*"", ""vulnerable"": true, ""versionEndExcluding"": ""12.38""}, {""vendor"": ""unitronics"", ""product"": ""samba_3.5"", ""version"": ""-"", ""criteria"": ""cpe:2.3:h:unitronics:samba_3.5:-:*:*:*:*:*:*:*"", ""vulnerable"": false}, {""vendor"": ""unitronics"", ""product"": ""samba_4.3_firmware"", ""version"": ""*"", ""criteria"": ""cpe:2.3:o:unitronics:samba_4.3_firmware:*:*:*:*:*:*:*:*"", ""vulnerable"": true, ""versionEndExcluding"": ""12.38""}, {""vendor"": ""unitronics"", ""product"": ""samba_4.3"", ""version"": ""-"", ""criteria"": ""cpe:2.3:h:unitronics:samba_4.3:-:*:*:*:*:*:*:*"", ""vulnerable"": false}, {""vendor"": ""unitronics"", ""product"": ""samba_7_firmware"", ""version"": ""*"", ""criteria"": ""cpe:2.3:o:unitronics:samba_7_firmware:*:*:*:*:*:*:*:*"", ""vulnerable"": true, ""versionEndExcluding"": ""12.38""}, {""vendor"": ""unitronics"", ""product"": ""samba_7"", ""version"": ""-"", ""criteria"": ""cpe:2.3:h:unitronics:samba_7:-:*:*:*:*:*:*:*"", ""vulnerable"": false}]","[{""url"": ""https://downloads.unitronicsplc.com/Sites/plc/Technical_Library/Unitronics-Cybersecurity-Advisory-2023-001-CVE-2023-6448.pdf"", ""source"": ""9119a7d8-5eab-497f-8521-727c672e3725"", ""tags"": [""Vendor Advisory""]}, {""url"": ""https://downloads.unitronicsplc.com/Sites/plc/Visilogic/Version_Changes-Bug_Reports/VisiLogic%209.9.00%20Version%20changes.pdf"", ""source"": ""9119a7d8-5eab-497f-8521-727c672e3725"", ""tags"": [""Release Notes""]}, {""url"": ""https://www.cisa.gov/news-events/alerts/2023/11/28/exploitation-unitronics-plcs-used-water-and-wastewater-systems"", ""source"": ""9119a7d8-5eab-497f-8521-727c672e3725"", ""tags"": [""Third Party Advisory"", ""US Government Resource""]}, {""url"": ""https://www.unitronicsplc.com/cyber_security_vision-samba/"", ""source"": ""9119a7d8-5eab-497f-8521-727c672e3725"", ""tags"": [""Product""]}, {""url"": ""https://downloads.unitronicsplc.com/Sites/plc/Technical_Library/Unitronics-Cybersecurity-Advisory-2023-001-CVE-2023-6448.pdf"", ""source"": ""af854a3a-2127-422b-91ae-364da2661108"", ""tags"": [""Vendor Advisory""]}, {""url"": ""https://downloads.unitronicsplc.com/Sites/plc/Visilogic/Version_Changes-Bug_Reports/VisiLogic%209.9.00%20Version%20changes.pdf"", ""source"": ""af854a3a-2127-422b-91ae-364da2661108"", ""tags"": [""Release Notes""]}, {""url"": ""https://www.cisa.gov/news-events/alerts/2023/11/28/exploitation-unitronics-plcs-used-water-and-wastewater-systems"", ""source"": ""af854a3a-2127-422b-91ae-364da2661108"", ""tags"": [""Third Party Advisory"", ""US Government Resource""]}, {""url"": ""https://www.unitronicsplc.com/cyber_security_vision-samba/"", ""source"": ""af854a3a-2127-422b-91ae-364da2661108"", ""tags"": [""Product""]}, {""url"": ""https://www.cisa.gov/known-exploited-vulnerabilities-catalog?field_cve=CVE-2023-6448"", ""source"": ""134c704f-9b21-4f2e-91b3-4a467353bcc0"", ""tags"": [""US Government Resource""]}]",True,"[""nvd"", ""cisa_kev""]",gold_evidence_removed,False
CVE-2017-6744-REMOVED-Q1,CVE-2017-6744,vulnerability_summary,CVE-2017-6744는 어떤 취약점인가?,"The Simple Network Management Protocol (SNMP) subsystem of Cisco IOS and IOS XE Software contains multiple vulnerabilities that could allow an authenticated, remote attacker to remotely execute code on an affected system or cause an affected system to reload. An attacker could exploit these vulnerabilities by sending a crafted SNMP packet to an affected system via IPv4 or IPv6. Only traffic directed to an affected system can be used to exploit these vulnerabilities. The vulnerabilities are due to a buffer overflow condition in the SNMP subsystem of the affected software. The vulnerabilities affect all versions of SNMP - Versions 1, 2c, and 3. To exploit these vulnerabilities via SNMP Version 2c or earlier, the attacker must know the SNMP read-only community string for the affected system. To exploit these vulnerabilities via SNMP Version 3, the attacker must have user credentials for the affected system. A successful exploit could allow the attacker to execute arbitrary code and obtain full control of the affected system or cause the affected system to reload. Customers are advised to apply the workaround as contained in the Workarounds section below. Fixed software information is available via the Cisco IOS Software Checker. All devices that have enabled SNMP and have not explicitly excluded the affected MIBs or OIDs should be considered vulnerable. There are workarounds that address these vulnerabilities.",HIGH,8.8,NETWORK,LOW,LOW,NONE,"[""CWE-119""]","[{""vendor"": ""cisco"", ""product"": ""ios"", ""version"": ""12.2\\(33\\)sxi"", ""criteria"": ""cpe:2.3:o:cisco:ios:12.2\\(33\\)sxi:*:*:*:*:*:*:*"", ""vulnerable"": true}, {""vendor"": ""cisco"", ""product"": ""ios"", ""version"": ""12.2\\(33\\)sxi1"", ""criteria"": ""cpe:2.3:o:cisco:ios:12.2\\(33\\)sxi1:*:*:*:*:*:*:*"", ""vulnerable"": true}, {""vendor"": ""cisco"", ""product"": ""ios"", ""version"": ""12.2\\(50\\)se"", ""criteria"": ""cpe:2.3:o:cisco:ios:12.2\\(50\\)se:*:*:*:*:*:*:*"", ""vulnerable"": true}, {""vendor"": ""cisco"", ""product"": ""ios"", ""version"": ""12.2\\(50\\)se1"", ""criteria"": ""cpe:2.3:o:cisco:ios:12.2\\(50\\)se1:*:*:*:*:*:*:*"", ""vulnerable"": true}, {""vendor"": ""cisco"", ""product"": ""ios"", ""version"": ""12.2\\(50\\)se2"", ""criteria"": ""cpe:2.3:o:cisco:ios:12.2\\(50\\)se2:*:*:*:*:*:*:*"", ""vulnerable"": true}, {""vendor"": ""cisco"", ""product"": ""ios"", ""version"": ""12.2\\(50\\)se3"", ""criteria"": ""cpe:2.3:o:cisco:ios:12.2\\(50\\)se3:*:*:*:*:*:*:*"", ""vulnerable"": true}, {""vendor"": ""cisco"", ""product"": ""ios"", ""version"": ""12.2\\(50\\)se4"", ""criteria"": ""cpe:2.3:o:cisco:ios:12.2\\(50\\)se4:*:*:*:*:*:*:*"", ""vulnerable"": true}, {""vendor"": ""cisco"", ""product"": ""ios"", ""version"": ""12.2\\(50\\)se5"", ""criteria"": ""cpe:2.3:o:cisco:ios:12.2\\(50\\)se5:*:*:*:*:*:*:*"", ""vulnerable"": true}, {""vendor"": ""cisco"", ""product"": ""ios"", ""version"": ""12.2\\(50\\)sg"", ""criteria"": ""cpe:2.3:o:cisco:ios:12.2\\(50\\)sg:*:*:*:*:*:*:*"", ""vulnerable"": true}, {""vendor"": ""cisco"", ""product"": ""ios"", ""version"": ""12.2\\(50\\)sg1"", ""criteria"": ""cpe:2.3:o:cisco:ios:12.2\\(50\\)sg1:*:*:*:*:*:*:*"", ""vulnerable"": true}, {""vendor"": ""cisco"", ""product"": ""ios"", ""version"": ""12.2\\(50\\)sg2"", ""criteria"": ""cpe:2.3:o:cisco:ios:12.2\\(50\\)sg2:*:*:*:*:*:*:*"", ""vulnerable"": true}, {""vendor"": ""cisco"", ""product"": ""ios"", ""version"": ""12.2\\(50\\)sg3"", ""criteria"": ""cpe:2.3:o:cisco:ios:12.2\\(50\\)sg3:*:*:*:*:*:*:*"", ""vulnerable"": true}, {""vendor"": ""cisco"", ""product"": ""ios"", ""version"": ""12.2\\(50\\)sg4"", ""criteria"": ""cpe:2.3:o:cisco:ios:12.2\\(50\\)sg4:*:*:*:*:*:*:*"", ""vulnerable"": true}, {""vendor"": ""cisco"", ""product"": ""ios"", ""version"": ""12.2\\(50\\)sg5"", ""criteria"": ""cpe:2.3:o:cisco:ios:12.2\\(50\\)sg5:*:*:*:*:*:*:*"", ""vulnerable"": true}, {""vendor"": ""cisco"", ""product"": ""ios"", ""version"": ""12.2\\(50\\)sg6"", ""criteria"": ""cpe:2.3:o:cisco:ios:12.2\\(50\\)sg6:*:*:*:*:*:*:*"", ""vulnerable"": true}, {""vendor"": ""cisco"", ""product"": ""ios"", ""version"": ""12.2\\(50\\)sg7"", ""criteria"": ""cpe:2.3:o:cisco:ios:12.2\\(50\\)sg7:*:*:*:*:*:*:*"", ""vulnerable"": true}, {""vendor"": ""cisco"", ""product"": ""ios"", ""version"": ""12.2\\(50\\)sg8"", ""criteria"": ""cpe:2.3:o:cisco:ios:12.2\\(50\\)sg8:*:*:*:*:*:*:*"", ""vulnerable"": true}, {""vendor"": ""cisco"", ""product"": ""ios"", ""version"": ""12.2\\(50\\)sq"", ""criteria"": ""cpe:2.3:o:cisco:ios:12.2\\(50\\)sq:*:*:*:*:*:*:*"", ""vulnerable"": true}, {""vendor"": ""cisco"", ""product"": ""ios"", ""version"": ""12.2\\(50\\)sq1"", ""criteria"": ""cpe:2.3:o:cisco:ios:12.2\\(50\\)sq1:*:*:*:*:*:*:*"", ""vulnerable"": true}, {""vendor"": ""cisco"", ""product"": ""ios"", ""version"": ""12.2\\(50\\)sq2"", ""criteria"": ""cpe:2.3:o:cisco:ios:12.2\\(50\\)sq2:*:*:*:*:*:*:*"", ""vulnerable"": true}, {""vendor"": ""cisco"", ""product"": ""ios"", ""version"": ""12.2\\(50\\)sq3"", ""criteria"": ""cpe:2.3:o:cisco:ios:12.2\\(50\\)sq3:*:*:*:*:*:*:*"", ""vulnerable"": true}, {""vendor"": ""cisco"", ""product"": ""ios"", ""version"": ""12.2\\(50\\)sq4"", ""criteria"": ""cpe:2.3:o:cisco:ios:12.2\\(50\\)sq4:*:*:*:*:*:*:*"", ""vulnerable"": true}, {""vendor"": ""cisco"", ""product"": ""ios"", ""version"": ""12.2\\(50\\)sq5"", ""criteria"": ""cpe:2.3:o:cisco:ios:12.2\\(50\\)sq5:*:*:*:*:*:*:*"", ""vulnerable"": true}, {""vendor"": ""cisco"", ""product"": ""ios"", ""version"": ""12.2\\(50\\)sq6"", ""criteria"": ""cpe:2.3:o:cisco:ios:12.2\\(50\\)sq6:*:*:*:*:*:*:*"", ""vulnerable"": true}, {""vendor"": ""cisco"", ""product"": ""ios"", ""version"": ""12.2\\(50\\)sq7"", ""criteria"": ""cpe:2.3:o:cisco:ios:12.2\\(50\\)sq7:*:*:*:*:*:*:*"", ""vulnerable"": true}, {""vendor"": ""cisco"", ""product"": ""ios"", ""version"": ""12.2\\(52\\)ex"", ""criteria"": ""cpe:2.3:o:cisco:ios:12.2\\(52\\)ex:*:*:*:*:*:*:*"", ""vulnerable"": true}, {""vendor"": ""cisco"", ""product"": ""ios"", ""version"": ""12.2\\(52\\)ex1"", ""criteria"": ""cpe:2.3:o:cisco:ios:12.2\\(52\\)ex1:*:*:*:*:*:*:*"", ""vulnerable"": true}, {""vendor"": ""cisco"", ""product"": ""ios"", ""version"": ""12.2\\(52\\)ey"", ""criteria"": ""cpe:2.3:o:cisco:ios:12.2\\(52\\)ey:*:*:*:*:*:*:*"", ""vulnerable"": true}, {""vendor"": ""cisco"", ""product"": ""ios"", ""version"": ""12.2\\(52\\)ey1"", ""criteria"": ""cpe:2.3:o:cisco:ios:12.2\\(52\\)ey1:*:*:*:*:*:*:*"", ""vulnerable"": true}, {""vendor"": ""cisco"", ""product"": ""ios"", ""version"": ""12.2\\(52\\)ey1b"", ""criteria"": ""cpe:2.3:o:cisco:ios:12.2\\(52\\)ey1b:*:*:*:*:*:*:*"", ""vulnerable"": true}, {""vendor"": ""cisco"", ""product"": ""ios"", ""version"": ""12.2\\(52\\)ey1c"", ""criteria"": ""cpe:2.3:o:cisco:ios:12.2\\(52\\)ey1c:*:*:*:*:*:*:*"", ""vulnerable"": true}, {""vendor"": ""cisco"", ""product"": ""ios"", ""version"": ""12.2\\(52\\)ey2"", ""criteria"": ""cpe:2.3:o:cisco:ios:12.2\\(52\\)ey2:*:*:*:*:*:*:*"", ""vulnerable"": true}, {""vendor"": ""cisco"", ""product"": ""ios"", ""version"": ""12.2\\(52\\)ey2a"", ""criteria"": ""cpe:2.3:o:cisco:ios:12.2\\(52\\)ey2a:*:*:*:*:*:*:*"", ""vulnerable"": true}, {""vendor"": ""cisco"", ""product"": ""ios"", ""version"": ""12.2\\(52\\)ey3"", ""criteria"": ""cpe:2.3:o:cisco:ios:12.2\\(52\\)ey3:*:*:*:*:*:*:*"", ""vulnerable"": true}, {""vendor"": ""cisco"", ""product"": ""ios"", ""version"": ""12.2\\(52\\)ey3a"", ""criteria"": ""cpe:2.3:o:cisco:ios:12.2\\(52\\)ey3a:*:*:*:*:*:*:*"", ""vulnerable"": true}, {""vendor"": ""cisco"", ""product"": ""ios"", ""version"": ""12.2\\(52\\)ey4"", ""criteria"": ""cpe:2.3:o:cisco:ios:12.2\\(52\\)ey4:*:*:*:*:*:*:*"", ""vulnerable"": true}, {""vendor"": ""cisco"", ""product"": ""ios"", ""version"": ""12.2\\(52\\)se"", ""criteria"": ""cpe:2.3:o:cisco:ios:12.2\\(52\\)se:*:*:*:*:*:*:*"", ""vulnerable"": true}, {""vendor"": ""cisco"", ""product"": ""ios"", ""version"": ""12.2\\(52\\)se1"", ""criteria"": ""cpe:2.3:o:cisco:ios:12.2\\(52\\)se1:*:*:*:*:*:*:*"", ""vulnerable"": true}, {""vendor"": ""cisco"", ""product"": ""ios"", ""version"": ""12.2\\(52\\)sg"", ""criteria"": ""cpe:2.3:o:cisco:ios:12.2\\(52\\)sg:*:*:*:*:*:*:*"", ""vulnerable"": true}, {""vendor"": ""cisco"", ""product"": ""ios"", ""version"": ""12.2\\(52\\)xo"", ""criteria"": ""cpe:2.3:o:cisco:ios:12.2\\(52\\)xo:*:*:*:*:*:*:*"", ""vulnerable"": true}, {""vendor"": ""cisco"", ""product"": ""ios"", ""version"": ""12.2\\(53\\)ex"", ""criteria"": ""cpe:2.3:o:cisco:ios:12.2\\(53\\)ex:*:*:*:*:*:*:*"", ""vulnerable"": true}, {""vendor"": ""cisco"", ""product"": ""ios"", ""version"": ""12.2\\(53\\)ey"", ""criteria"": ""cpe:2.3:o:cisco:ios:12.2\\(53\\)ey:*:*:*:*:*:*:*"", ""vulnerable"": true}, {""vendor"": ""cisco"", ""product"": ""ios"", ""version"": ""12.2\\(53\\)ez"", ""criteria"": ""cpe:2.3:o:cisco:ios:12.2\\(53\\)ez:*:*:*:*:*:*:*"", ""vulnerable"": true}, {""vendor"": ""cisco"", ""product"": ""ios"", ""version"": ""12.2\\(53\\)se"", ""criteria"": ""cpe:2.3:o:cisco:ios:12.2\\(53\\)se:*:*:*:*:*:*:*"", ""vulnerable"": true}, {""vendor"": ""cisco"", ""product"": ""ios"", ""version"": ""12.2\\(53\\)se1"", ""criteria"": ""cpe:2.3:o:cisco:ios:12.2\\(53\\)se1:*:*:*:*:*:*:*"", ""vulnerable"": true}, {""vendor"": ""cisco"", ""product"": ""ios"", ""version"": ""12.2\\(53\\)se2"", ""criteria"": ""cpe:2.3:o:cisco:ios:12.2\\(53\\)se2:*:*:*:*:*:*:*"", ""vulnerable"": true}, {""vendor"": ""cisco"", ""product"": ""ios"", ""version"": ""12.2\\(53\\)sg"", ""criteria"": ""cpe:2.3:o:cisco:ios:12.2\\(53\\)sg:*:*:*:*:*:*:*"", ""vulnerable"": true}, {""vendor"": ""cisco"", ""product"": ""ios"", ""version"": ""12.2\\(53\\)sg1"", ""criteria"": ""cpe:2.3:o:cisco:ios:12.2\\(53\\)sg1:*:*:*:*:*:*:*"", ""vulnerable"": true}, {""vendor"": ""cisco"", ""product"": ""ios"", ""version"": ""12.2\\(53\\)sg2"", ""criteria"": ""cpe:2.3:o:cisco:ios:12.2\\(53\\)sg2:*:*:*:*:*:*:*"", ""vulnerable"": true}, {""vendor"": ""cisco"", ""product"": ""ios"", ""version"": ""12.2\\(53\\)sg3"", ""criteria"": ""cpe:2.3:o:cisco:ios:12.2\\(53\\)sg3:*:*:*:*:*:*:*"", ""vulnerable"": true}, {""vendor"": ""cisco"", ""product"": ""ios"", ""version"": ""12.2\\(53\\)sg4"", ""criteria"": ""cpe:2.3:o:cisco:ios:12.2\\(53\\)sg4:*:*:*:*:*:*:*"", ""vulnerable"": true}, {""vendor"": ""cisco"", ""product"": ""ios"", ""version"": ""12.2\\(53\\)sg5"", ""criteria"": ""cpe:2.3:o:cisco:ios:12.2\\(53\\)sg5:*:*:*:*:*:*:*"", ""vulnerable"": true}, {""vendor"": ""cisco"", ""product"": ""ios"", ""version"": ""12.2\\(53\\)sg6"", ""criteria"": ""cpe:2.3:o:cisco:ios:12.2\\(53\\)sg6:*:*:*:*:*:*:*"", ""vulnerable"": true}, {""vendor"": ""cisco"", ""product"": ""ios"", ""version"": ""12.2\\(53\\)sg7"", ""criteria"": ""cpe:2.3:o:cisco:ios:12.2\\(53\\)sg7:*:*:*:*:*:*:*"", ""vulnerable"": true}, {""vendor"": ""cisco"", ""product"": ""ios"", ""version"": ""12.2\\(53\\)sg8"", ""criteria"": ""cpe:2.3:o:cisco:ios:12.2\\(53\\)sg8:*:*:*:*:*:*:*"", ""vulnerable"": true}, {""vendor"": ""cisco"", ""product"": ""ios"", ""version"": ""12.2\\(53\\)sg9"", ""criteria"": ""cpe:2.3:o:cisco:ios:12.2\\(53\\)sg9:*:*:*:*:*:*:*"", ""vulnerable"": true}, {""vendor"": ""cisco"", ""product"": ""ios"", ""version"": ""12.2\\(53\\)sg10"", ""criteria"": ""cpe:2.3:o:cisco:ios:12.2\\(53\\)sg10:*:*:*:*:*:*:*"", ""vulnerable"": true}, {""vendor"": ""cisco"", ""product"": ""ios"", ""version"": ""12.2\\(53\\)sg11"", ""criteria"": ""cpe:2.3:o:cisco:ios:12.2\\(53\\)sg11:*:*:*:*:*:*:*"", ""vulnerable"": true}, {""vendor"": ""cisco"", ""product"": ""ios"", ""version"": ""12.2\\(54\\)se"", ""criteria"": ""cpe:2.3:o:cisco:ios:12.2\\(54\\)se:*:*:*:*:*:*:*"", ""vulnerable"": true}, {""vendor"": ""cisco"", ""product"": ""ios"", ""version"": ""12.2\\(54\\)sg"", ""criteria"": ""cpe:2.3:o:cisco:ios:12.2\\(54\\)sg:*:*:*:*:*:*:*"", ""vulnerable"": true}, {""vendor"": ""cisco"", ""product"": ""ios"", ""version"": ""12.2\\(54\\)sg1"", ""criteria"": ""cpe:2.3:o:cisco:ios:12.2\\(54\\)sg1:*:*:*:*:*:*:*"", ""vulnerable"": true}, {""vendor"": ""cisco"", ""product"": ""ios"", ""version"": ""12.2\\(54\\)wo"", ""criteria"": ""cpe:2.3:o:cisco:ios:12.2\\(54\\)wo:*:*:*:*:*:*:*"", ""vulnerable"": true}, {""vendor"": ""cisco"", ""product"": ""ios"", ""version"": ""12.2\\(54\\)xo"", ""criteria"": ""cpe:2.3:o:cisco:ios:12.2\\(54\\)xo:*:*:*:*:*:*:*"", ""vulnerable"": true}, {""vendor"": ""cisco"", ""product"": ""ios"", ""version"": ""12.2\\(55\\)ex"", ""criteria"": ""cpe:2.3:o:cisco:ios:12.2\\(55\\)ex:*:*:*:*:*:*:*"", ""vulnerable"": true}, {""vendor"": ""cisco"", ""product"": ""ios"", ""version"": ""12.2\\(55\\)ex1"", ""criteria"": ""cpe:2.3:o:cisco:ios:12.2\\(55\\)ex1:*:*:*:*:*:*:*"", ""vulnerable"": true}, {""vendor"": ""cisco"", ""product"": ""ios"", ""version"": ""12.2\\(55\\)ex2"", ""criteria"": ""cpe:2.3:o:cisco:ios:12.2\\(55\\)ex2:*:*:*:*:*:*:*"", ""vulnerable"": true}, {""vendor"": ""cisco"", ""product"": ""ios"", ""version"": ""12.2\\(55\\)ex3"", ""criteria"": ""cpe:2.3:o:cisco:ios:12.2\\(55\\)ex3:*:*:*:*:*:*:*"", ""vulnerable"": true}, {""vendor"": ""cisco"", ""product"": ""ios"", ""version"": ""12.2\\(55\\)ey"", ""criteria"": ""cpe:2.3:o:cisco:ios:12.2\\(55\\)ey:*:*:*:*:*:*:*"", ""vulnerable"": true}, {""vendor"": ""cisco"", ""product"": ""ios"", ""version"": ""12.2\\(55\\)ez"", ""criteria"": ""cpe:2.3:o:cisco:ios:12.2\\(55\\)ez:*:*:*:*:*:*:*"", ""vulnerable"": true}, {""vendor"": ""cisco"", ""product"": ""ios"", ""version"": ""12.2\\(55\\)se"", ""criteria"": ""cpe:2.3:o:cisco:ios:12.2\\(55\\)se:*:*:*:*:*:*:*"", ""vulnerable"": true}, {""vendor"": ""cisco"", ""product"": ""ios"", ""version"": ""12.2\\(55\\)se1"", ""criteria"": ""cpe:2.3:o:cisco:ios:12.2\\(55\\)se1:*:*:*:*:*:*:*"", ""vulnerable"": true}, {""vendor"": ""cisco"", ""product"": ""ios"", ""version"": ""12.2\\(55\\)se2"", ""criteria"": ""cpe:2.3:o:cisco:ios:12.2\\(55\\)se2:*:*:*:*:*:*:*"", ""vulnerable"": true}, {""vendor"": ""cisco"", ""product"": ""ios"", ""version"": ""12.2\\(55\\)se3"", ""criteria"": ""cpe:2.3:o:cisco:ios:12.2\\(55\\)se3:*:*:*:*:*:*:*"", ""vulnerable"": true}, {""vendor"": ""cisco"", ""product"": ""ios"", ""version"": ""12.2\\(55\\)se4"", ""criteria"": ""cpe:2.3:o:cisco:ios:12.2\\(55\\)se4:*:*:*:*:*:*:*"", ""vulnerable"": true}, {""vendor"": ""cisco"", ""product"": ""ios"", ""version"": ""12.2\\(55\\)se5"", ""criteria"": ""cpe:2.3:o:cisco:ios:12.2\\(55\\)se5:*:*:*:*:*:*:*"", ""vulnerable"": true}, {""vendor"": ""cisco"", ""product"": ""ios"", ""version"": ""12.2\\(55\\)se6"", ""criteria"": ""cpe:2.3:o:cisco:ios:12.2\\(55\\)se6:*:*:*:*:*:*:*"", ""vulnerable"": true}, {""vendor"": ""cisco"", ""product"": ""ios"", ""version"": ""12.2\\(55\\)se7"", ""criteria"": ""cpe:2.3:o:cisco:ios:12.2\\(55\\)se7:*:*:*:*:*:*:*"", ""vulnerable"": true}, {""vendor"": ""cisco"", ""product"": ""ios"", ""version"": ""12.2\\(55\\)se8"", ""criteria"": ""cpe:2.3:o:cisco:ios:12.2\\(55\\)se8:*:*:*:*:*:*:*"", ""vulnerable"": true}, {""vendor"": ""cisco"", ""product"": ""ios"", ""version"": ""12.2\\(55\\)se9"", ""criteria"": ""cpe:2.3:o:cisco:ios:12.2\\(55\\)se9:*:*:*:*:*:*:*"", ""vulnerable"": true}, {""vendor"": ""cisco"", ""product"": ""ios"", ""version"": ""12.2\\(55\\)se10"", ""criteria"": ""cpe:2.3:o:cisco:ios:12.2\\(55\\)se10:*:*:*:*:*:*:*"", ""vulnerable"": true}, {""vendor"": ""cisco"", ""product"": ""ios"", ""version"": ""12.2\\(55\\)se11"", ""criteria"": ""cpe:2.3:o:cisco:ios:12.2\\(55\\)se11:*:*:*:*:*:*:*"", ""vulnerable"": true}, {""vendor"": ""cisco"", ""product"": ""ios"", ""version"": ""12.2\\(58\\)ex"", ""criteria"": ""cpe:2.3:o:cisco:ios:12.2\\(58\\)ex:*:*:*:*:*:*:*"", ""vulnerable"": true}, {""vendor"": ""cisco"", ""product"": ""ios"", ""version"": ""12.2\\(58\\)ey"", ""criteria"": ""cpe:2.3:o:cisco:ios:12.2\\(58\\)ey:*:*:*:*:*:*:*"", ""vulnerable"": true}, {""vendor"": ""cisco"", ""product"": ""ios"", ""version"": ""12.2\\(58\\)ey1"", ""criteria"": ""cpe:2.3:o:cisco:ios:12.2\\(58\\)ey1:*:*:*:*:*:*:*"", ""vulnerable"": true}, {""vendor"": ""cisco"", ""product"": ""ios"", ""version"": ""12.2\\(58\\)ey2"", ""criteria"": ""cpe:2.3:o:cisco:ios:12.2\\(58\\)ey2:*:*:*:*:*:*:*"", ""vulnerable"": true}, {""vendor"": ""cisco"", ""product"": ""ios"", ""version"": ""12.2\\(58\\)ez"", ""criteria"": ""cpe:2.3:o:cisco:ios:12.2\\(58\\)ez:*:*:*:*:*:*:*"", ""vulnerable"": true}, {""vendor"": ""cisco"", ""product"": ""ios"", ""version"": ""12.2\\(58\\)se"", ""criteria"": ""cpe:2.3:o:cisco:ios:12.2\\(58\\)se:*:*:*:*:*:*:*"", ""vulnerable"": true}, {""vendor"": ""cisco"", ""product"": ""ios"", ""version"": ""12.2\\(58\\)se1"", ""criteria"": ""cpe:2.3:o:cisco:ios:12.2\\(58\\)se1:*:*:*:*:*:*:*"", ""vulnerable"": true}, {""vendor"": ""cisco"", ""product"": ""ios"", ""version"": ""12.2\\(58\\)se2"", ""criteria"": ""cpe:2.3:o:cisco:ios:12.2\\(58\\)se2:*:*:*:*:*:*:*"", ""vulnerable"": true}, {""vendor"": ""cisco"", ""product"": ""ios"", ""version"": ""12.2\\(60\\)ez"", ""criteria"": ""cpe:2.3:o:cisco:ios:12.2\\(60\\)ez:*:*:*:*:*:*:*"", ""vulnerable"": true}, {""vendor"": ""cisco"", ""product"": ""ios"", ""version"": ""12.2\\(60\\)ez1"", ""criteria"": ""cpe:2.3:o:cisco:ios:12.2\\(60\\)ez1:*:*:*:*:*:*:*"", ""vulnerable"": true}, {""vendor"": ""cisco"", ""product"": ""ios"", ""version"": ""12.2\\(60\\)ez2"", ""criteria"": ""cpe:2.3:o:cisco:ios:12.2\\(60\\)ez2:*:*:*:*:*:*:*"", ""vulnerable"": true}, {""vendor"": ""cisco"", ""product"": ""ios"", ""version"": ""12.2\\(60\\)ez3"", ""criteria"": ""cpe:2.3:o:cisco:ios:12.2\\(60\\)ez3:*:*:*:*:*:*:*"", ""vulnerable"": true}, {""vendor"": ""cisco"", ""product"": ""ios"", ""version"": ""12.2\\(60\\)ez4"", ""criteria"": ""cpe:2.3:o:cisco:ios:12.2\\(60\\)ez4:*:*:*:*:*:*:*"", ""vulnerable"": true}, {""vendor"": ""cisco"", ""product"": ""ios"", ""version"": ""12.2\\(60\\)ez5"", ""criteria"": ""cpe:2.3:o:cisco:ios:12.2\\(60\\)ez5:*:*:*:*:*:*:*"", ""vulnerable"": true}, {""vendor"": ""cisco"", ""product"": ""ios"", ""version"": ""12.2\\(60\\)ez6"", ""criteria"": ""cpe:2.3:o:cisco:ios:12.2\\(60\\)ez6:*:*:*:*:*:*:*"", ""vulnerable"": true}, {""vendor"": ""cisco"", ""product"": ""ios"", ""version"": ""12.2\\(60\\)ez7"", ""criteria"": ""cpe:2.3:o:cisco:ios:12.2\\(60\\)ez7:*:*:*:*:*:*:*"", ""vulnerable"": true}, {""vendor"": ""cisco"", ""product"": ""ios"", ""version"": ""12.2\\(60\\)ez8"", ""criteria"": ""cpe:2.3:o:cisco:ios:12.2\\(60\\)ez8:*:*:*:*:*:*:*"", ""vulnerable"": true}, {""vendor"": ""cisco"", ""product"": ""ios"", ""version"": ""12.2\\(60\\)ez9"", ""criteria"": ""cpe:2.3:o:cisco:ios:12.2\\(60\\)ez9:*:*:*:*:*:*:*"", ""vulnerable"": true}, {""vendor"": ""cisco"", ""product"": ""ios"", ""version"": ""12.2\\(60\\)ez10"", ""criteria"": ""cpe:2.3:o:cisco:ios:12.2\\(60\\)ez10:*:*:*:*:*:*:*"", ""vulnerable"": true}, {""vendor"": ""cisco"", ""product"": ""ios"", ""version"": ""12.2\\(60\\)ez11"", ""criteria"": ""cpe:2.3:o:cisco:ios:12.2\\(60\\)ez11:*:*:*:*:*:*:*"", ""vulnerable"": true}, {""vendor"": ""cisco"", ""product"": ""ios"", ""version"": ""15.0\\(1\\)ex"", ""criteria"": ""cpe:2.3:o:cisco:ios:15.0\\(1\\)ex:*:*:*:*:*:*:*"", ""vulnerable"": true}, {""vendor"": ""cisco"", ""product"": ""ios"", ""version"": ""15.0\\(1\\)ey"", ""criteria"": ""cpe:2.3:o:cisco:ios:15.0\\(1\\)ey:*:*:*:*:*:*:*"", ""vulnerable"": true}, {""vendor"": ""cisco"", ""product"": ""ios"", ""version"": ""15.0\\(1\\)ey1"", ""criteria"": ""cpe:2.3:o:cisco:ios:15.0\\(1\\)ey1:*:*:*:*:*:*:*"", ""vulnerable"": true}, {""vendor"": ""cisco"", ""product"": ""ios"", ""version"": ""15.0\\(1\\)ey2"", ""criteria"": ""cpe:2.3:o:cisco:ios:15.0\\(1\\)ey2:*:*:*:*:*:*:*"", ""vulnerable"": true}, {""vendor"": ""cisco"", ""product"": ""ios"", ""version"": ""15.0\\(1\\)se"", ""criteria"": ""cpe:2.3:o:cisco:ios:15.0\\(1\\)se:*:*:*:*:*:*:*"", ""vulnerable"": true}, {""vendor"": ""cisco"", ""product"": ""ios"", ""version"": ""15.0\\(1\\)se1"", ""criteria"": ""cpe:2.3:o:cisco:ios:15.0\\(1\\)se1:*:*:*:*:*:*:*"", ""vulnerable"": true}, {""vendor"": ""cisco"", ""product"": ""ios"", ""version"": ""15.0\\(1\\)se2"", ""criteria"": ""cpe:2.3:o:cisco:ios:15.0\\(1\\)se2:*:*:*:*:*:*:*"", ""vulnerable"": true}, {""vendor"": ""cisco"", ""product"": ""ios"", ""version"": ""15.0\\(1\\)se3"", ""criteria"": ""cpe:2.3:o:cisco:ios:15.0\\(1\\)se3:*:*:*:*:*:*:*"", ""vulnerable"": true}, {""vendor"": ""cisco"", ""product"": ""ios"", ""version"": ""15.0\\(1\\)xo"", ""criteria"": ""cpe:2.3:o:cisco:ios:15.0\\(1\\)xo:*:*:*:*:*:*:*"", ""vulnerable"": true}, {""vendor"": ""cisco"", ""product"": ""ios"", ""version"": ""15.0\\(1\\)xo1"", ""criteria"": ""cpe:2.3:o:cisco:ios:15.0\\(1\\)xo1:*:*:*:*:*:*:*"", ""vulnerable"": true}, {""vendor"": ""cisco"", ""product"": ""ios"", ""version"": ""15.0\\(2\\)ea1"", ""criteria"": ""cpe:2.3:o:cisco:ios:15.0\\(2\\)ea1:*:*:*:*:*:*:*"", ""vulnerable"": true}, {""vendor"": ""cisco"", ""product"": ""ios"", ""version"": ""15.0\\(2\\)eb"", ""criteria"": ""cpe:2.3:o:cisco:ios:15.0\\(2\\)eb:*:*:*:*:*:*:*"", ""vulnerable"": true}, {""vendor"": ""cisco"", ""product"": ""ios"", ""version"": ""15.0\\(2\\)ec"", ""criteria"": ""cpe:2.3:o:cisco:ios:15.0\\(2\\)ec:*:*:*:*:*:*:*"", ""vulnerable"": true}, {""vendor"": ""cisco"", ""product"": ""ios"", ""version"": ""15.0\\(2\\)ed"", ""criteria"": ""cpe:2.3:o:cisco:ios:15.0\\(2\\)ed:*:*:*:*:*:*:*"", ""vulnerable"": true}, {""vendor"": ""cisco"", ""product"": ""ios"", ""version"": ""15.0\\(2\\)ed1"", ""criteria"": ""cpe:2.3:o:cisco:ios:15.0\\(2\\)ed1:*:*:*:*:*:*:*"", ""vulnerable"": true}, {""vendor"": ""cisco"", ""product"": ""ios"", ""version"": ""15.0\\(2\\)eh"", ""criteria"": ""cpe:2.3:o:cisco:ios:15.0\\(2\\)eh:*:*:*:*:*:*:*"", ""vulnerable"": true}, {""vendor"": ""cisco"", ""product"": ""ios"", ""version"": ""15.0\\(2\\)ej"", ""criteria"": ""cpe:2.3:o:cisco:ios:15.0\\(2\\)ej:*:*:*:*:*:*:*"", ""vulnerable"": true}, {""vendor"": ""cisco"", ""product"": ""ios"", ""version"": ""15.0\\(2\\)ej1"", ""criteria"": ""cpe:2.3:o:cisco:ios:15.0\\(2\\)ej1:*:*:*:*:*:*:*"", ""vulnerable"": true}, {""vendor"": ""cisco"", ""product"": ""ios"", ""version"": ""15.0\\(2\\)ek"", ""criteria"": ""cpe:2.3:o:cisco:ios:15.0\\(2\\)ek:*:*:*:*:*:*:*"", ""vulnerable"": true}, {""vendor"": ""cisco"", ""product"": ""ios"", ""version"": ""15.0\\(2\\)ek1"", ""criteria"": ""cpe:2.3:o:cisco:ios:15.0\\(2\\)ek1:*:*:*:*:*:*:*"", ""vulnerable"": true}, {""vendor"": ""cisco"", ""product"": ""ios"", ""version"": ""15.0\\(2\\)ex"", ""criteria"": ""cpe:2.3:o:cisco:ios:15.0\\(2\\)ex:*:*:*:*:*:*:*"", ""vulnerable"": true}, {""vendor"": ""cisco"", ""product"": ""ios"", ""version"": ""15.0\\(2\\)ex1"", ""criteria"": ""cpe:2.3:o:cisco:ios:15.0\\(2\\)ex1:*:*:*:*:*:*:*"", ""vulnerable"": true}, {""vendor"": ""cisco"", ""product"": ""ios"", ""version"": ""15.0\\(2\\)ex2"", ""criteria"": ""cpe:2.3:o:cisco:ios:15.0\\(2\\)ex2:*:*:*:*:*:*:*"", ""vulnerable"": true}, {""vendor"": ""cisco"", ""product"": ""ios"", ""version"": ""15.0\\(2\\)ex3"", ""criteria"": ""cpe:2.3:o:cisco:ios:15.0\\(2\\)ex3:*:*:*:*:*:*:*"", ""vulnerable"": true}, {""vendor"": ""cisco"", ""product"": ""ios"", ""version"": ""15.0\\(2\\)ex4"", ""criteria"": ""cpe:2.3:o:cisco:ios:15.0\\(2\\)ex4:*:*:*:*:*:*:*"", ""vulnerable"": true}, {""vendor"": ""cisco"", ""product"": ""ios"", ""version"": ""15.0\\(2\\)ex5"", ""criteria"": ""cpe:2.3:o:cisco:ios:15.0\\(2\\)ex5:*:*:*:*:*:*:*"", ""vulnerable"": true}, {""vendor"": ""cisco"", ""product"": ""ios"", ""version"": ""15.0\\(2\\)ex8"", ""criteria"": ""cpe:2.3:o:cisco:ios:15.0\\(2\\)ex8:*:*:*:*:*:*:*"", ""vulnerable"": true}, {""vendor"": ""cisco"", ""product"": ""ios"", ""version"": ""15.0\\(2\\)ex10"", ""criteria"": ""cpe:2.3:o:cisco:ios:15.0\\(2\\)ex10:*:*:*:*:*:*:*"", ""vulnerable"": true}, {""vendor"": ""cisco"", ""product"": ""ios"", ""version"": ""15.0\\(2\\)ey"", ""criteria"": ""cpe:2.3:o:cisco:ios:15.0\\(2\\)ey:*:*:*:*:*:*:*"", ""vulnerable"": true}, {""vendor"": ""cisco"", ""product"": ""ios"", ""version"": ""15.0\\(2\\)ey1"", ""criteria"": ""cpe:2.3:o:cisco:ios:15.0\\(2\\)ey1:*:*:*:*:*:*:*"", ""vulnerable"": true}, {""vendor"": ""cisco"", ""product"": ""ios"", ""version"": ""15.0\\(2\\)ey2"", ""criteria"": ""cpe:2.3:o:cisco:ios:15.0\\(2\\)ey2:*:*:*:*:*:*:*"", ""vulnerable"": true}, {""vendor"": ""cisco"", ""product"": ""ios"", ""version"": ""15.0\\(2\\)ey3"", ""criteria"": ""cpe:2.3:o:cisco:ios:15.0\\(2\\)ey3:*:*:*:*:*:*:*"", ""vulnerable"": true}, {""vendor"": ""cisco"", ""product"": ""ios"", ""version"": ""15.0\\(2\\)ez"", ""criteria"": ""cpe:2.3:o:cisco:ios:15.0\\(2\\)ez:*:*:*:*:*:*:*"", ""vulnerable"": true}, {""vendor"": ""cisco"", ""product"": ""ios"", ""version"": ""15.0\\(2\\)se"", ""criteria"": ""cpe:2.3:o:cisco:ios:15.0\\(2\\)se:*:*:*:*:*:*:*"", ""vulnerable"": true}, {""vendor"": ""cisco"", ""product"": ""ios"", ""version"": ""15.0\\(2\\)se1"", ""criteria"": ""cpe:2.3:o:cisco:ios:15.0\\(2\\)se1:*:*:*:*:*:*:*"", ""vulnerable"": true}, {""vendor"": ""cisco"", ""product"": ""ios"", ""version"": ""15.0\\(2\\)se2"", ""criteria"": ""cpe:2.3:o:cisco:ios:15.0\\(2\\)se2:*:*:*:*:*:*:*"", ""vulnerable"": true}, {""vendor"": ""cisco"", ""product"": ""ios"", ""version"": ""15.0\\(2\\)se3"", ""criteria"": ""cpe:2.3:o:cisco:ios:15.0\\(2\\)se3:*:*:*:*:*:*:*"", ""vulnerable"": true}, {""vendor"": ""cisco"", ""product"": ""ios"", ""version"": ""15.0\\(2\\)se4"", ""criteria"": ""cpe:2.3:o:cisco:ios:15.0\\(2\\)se4:*:*:*:*:*:*:*"", ""vulnerable"": true}, {""vendor"": ""cisco"", ""product"": ""ios"", ""version"": ""15.0\\(2\\)se5"", ""criteria"": ""cpe:2.3:o:cisco:ios:15.0\\(2\\)se5:*:*:*:*:*:*:*"", ""vulnerable"": true}, {""vendor"": ""cisco"", ""product"": ""ios"", ""version"": ""15.0\\(2\\)se6"", ""criteria"": ""cpe:2.3:o:cisco:ios:15.0\\(2\\)se6:*:*:*:*:*:*:*"", ""vulnerable"": true}, {""vendor"": ""cisco"", ""product"": ""ios"", ""version"": ""15.0\\(2\\)se7"", ""criteria"": ""cpe:2.3:o:cisco:ios:15.0\\(2\\)se7:*:*:*:*:*:*:*"", ""vulnerable"": true}, {""vendor"": ""cisco"", ""product"": ""ios"", ""version"": ""15.0\\(2\\)se9"", ""criteria"": ""cpe:2.3:o:cisco:ios:15.0\\(2\\)se9:*:*:*:*:*:*:*"", ""vulnerable"": true}, {""vendor"": ""cisco"", ""product"": ""ios"", ""version"": ""15.0\\(2\\)se10"", ""criteria"": ""cpe:2.3:o:cisco:ios:15.0\\(2\\)se10:*:*:*:*:*:*:*"", ""vulnerable"": true}, {""vendor"": ""cisco"", ""product"": ""ios"", ""version"": ""15.0\\(2\\)se10a"", ""criteria"": ""cpe:2.3:o:cisco:ios:15.0\\(2\\)se10a:*:*:*:*:*:*:*"", ""vulnerable"": true}, {""vendor"": ""cisco"", ""product"": ""ios"", ""version"": ""15.0\\(2\\)sg"", ""criteria"": ""cpe:2.3:o:cisco:ios:15.0\\(2\\)sg:*:*:*:*:*:*:*"", ""vulnerable"": true}, {""vendor"": ""cisco"", ""product"": ""ios"", ""version"": ""15.0\\(2\\)sg1"", ""criteria"": ""cpe:2.3:o:cisco:ios:15.0\\(2\\)sg1:*:*:*:*:*:*:*"", ""vulnerable"": true}, {""vendor"": ""cisco"", ""product"": ""ios"", ""version"": ""15.0\\(2\\)sg2"", ""criteria"": ""cpe:2.3:o:cisco:ios:15.0\\(2\\)sg2:*:*:*:*:*:*:*"", ""vulnerable"": true}, {""vendor"": ""cisco"", ""product"": ""ios"", ""version"": ""15.0\\(2\\)sg3"", ""criteria"": ""cpe:2.3:o:cisco:ios:15.0\\(2\\)sg3:*:*:*:*:*:*:*"", ""vulnerable"": true}, {""vendor"": ""cisco"", ""product"": ""ios"", ""version"": ""15.0\\(2\\)sg4"", ""criteria"": ""cpe:2.3:o:cisco:ios:15.0\\(2\\)sg4:*:*:*:*:*:*:*"", ""vulnerable"": true}, {""vendor"": ""cisco"", ""product"": ""ios"", ""version"": ""15.0\\(2\\)sg5"", ""criteria"": ""cpe:2.3:o:cisco:ios:15.0\\(2\\)sg5:*:*:*:*:*:*:*"", ""vulnerable"": true}, {""vendor"": ""cisco"", ""product"": ""ios"", ""version"": ""15.0\\(2\\)sg6"", ""criteria"": ""cpe:2.3:o:cisco:ios:15.0\\(2\\)sg6:*:*:*:*:*:*:*"", ""vulnerable"": true}, {""vendor"": ""cisco"", ""product"": ""ios"", ""version"": ""15.0\\(2\\)sg7"", ""criteria"": ""cpe:2.3:o:cisco:ios:15.0\\(2\\)sg7:*:*:*:*:*:*:*"", ""vulnerable"": true}, {""vendor"": ""cisco"", ""product"": ""ios"", ""version"": ""15.0\\(2\\)sg8"", ""criteria"": ""cpe:2.3:o:cisco:ios:15.0\\(2\\)sg8:*:*:*:*:*:*:*"", ""vulnerable"": true}, {""vendor"": ""cisco"", ""product"": ""ios"", ""version"": ""15.0\\(2\\)sg9"", ""criteria"": ""cpe:2.3:o:cisco:ios:15.0\\(2\\)sg9:*:*:*:*:*:*:*"", ""vulnerable"": true}, {""vendor"": ""cisco"", ""product"": ""ios"", ""version"": ""15.0\\(2\\)sg10"", ""criteria"": ""cpe:2.3:o:cisco:ios:15.0\\(2\\)sg10:*:*:*:*:*:*:*"", ""vulnerable"": true}, {""vendor"": ""cisco"", ""product"": ""ios"", ""version"": ""15.0\\(2\\)sg11"", ""criteria"": ""cpe:2.3:o:cisco:ios:15.0\\(2\\)sg11:*:*:*:*:*:*:*"", ""vulnerable"": true}, {""vendor"": ""cisco"", ""product"": ""ios"", ""version"": ""15.0\\(2\\)sqd"", ""criteria"": ""cpe:2.3:o:cisco:ios:15.0\\(2\\)sqd:*:*:*:*:*:*:*"", ""vulnerable"": true}, {""vendor"": ""cisco"", ""product"": ""ios"", ""version"": ""15.0\\(2\\)sqd1"", ""criteria"": ""cpe:2.3:o:cisco:ios:15.0\\(2\\)sqd1:*:*:*:*:*:*:*"", ""vulnerable"": true}, {""vendor"": ""cisco"", ""product"": ""ios"", ""version"": ""15.0\\(2\\)sqd2"", ""criteria"": ""cpe:2.3:o:cisco:ios:15.0\\(2\\)sqd2:*:*:*:*:*:*:*"", ""vulnerable"": true}, {""vendor"": ""cisco"", ""product"": ""ios"", ""version"": ""15.0\\(2\\)sqd3"", ""criteria"": ""cpe:2.3:o:cisco:ios:15.0\\(2\\)sqd3:*:*:*:*:*:*:*"", ""vulnerable"": true}, {""vendor"": ""cisco"", ""product"": ""ios"", ""version"": ""15.0\\(2\\)sqd5"", ""criteria"": ""cpe:2.3:o:cisco:ios:15.0\\(2\\)sqd5:*:*:*:*:*:*:*"", ""vulnerable"": true}, {""vendor"": ""cisco"", ""product"": ""ios"", ""version"": ""15.0\\(2\\)sqd6"", ""criteria"": ""cpe:2.3:o:cisco:ios:15.0\\(2\\)sqd6:*:*:*:*:*:*:*"", ""vulnerable"": true}, {""vendor"": ""cisco"", ""product"": ""ios"", ""version"": ""15.0\\(2\\)xo"", ""criteria"": ""cpe:2.3:o:cisco:ios:15.0\\(2\\)xo:*:*:*:*:*:*:*"", ""vulnerable"": true}, {""vendor"": ""cisco"", ""product"": ""ios"", ""version"": ""15.0\\(2a\\)ex5"", ""criteria"": ""cpe:2.3:o:cisco:ios:15.0\\(2a\\)ex5:*:*:*:*:*:*:*"", ""vulnerable"": true}, {""vendor"": ""cisco"", ""product"": ""ios"", ""version"": ""15.0\\(2a\\)se9"", ""criteria"": ""cpe:2.3:o:cisco:ios:15.0\\(2a\\)se9:*:*:*:*:*:*:*"", ""vulnerable"": true}, {""vendor"": ""cisco"", ""product"": ""ios"", ""version"": ""15.1\\(1\\)sg"", ""criteria"": ""cpe:2.3:o:cisco:ios:15.1\\(1\\)sg:*:*:*:*:*:*:*"", ""vulnerable"": true}, {""vendor"": ""cisco"", ""product"": ""ios"", ""version"": ""15.1\\(1\\)sg1"", ""criteria"": ""cpe:2.3:o:cisco:ios:15.1\\(1\\)sg1:*:*:*:*:*:*:*"", ""vulnerable"": true}, {""vendor"": ""cisco"", ""product"": ""ios"", ""version"": ""15.1\\(1\\)sg2"", ""criteria"": ""cpe:2.3:o:cisco:ios:15.1\\(1\\)sg2:*:*:*:*:*:*:*"", ""vulnerable"": true}, {""vendor"": ""cisco"", ""product"": ""ios"", ""version"": ""15.1\\(2\\)sg"", ""criteria"": ""cpe:2.3:o:cisco:ios:15.1\\(2\\)sg:*:*:*:*:*:*:*"", ""vulnerable"": true}, {""vendor"": ""cisco"", ""product"": ""ios"", ""version"": ""15.1\\(2\\)sg1"", ""criteria"": ""cpe:2.3:o:cisco:ios:15.1\\(2\\)sg1:*:*:*:*:*:*:*"", ""vulnerable"": true}, {""vendor"": ""cisco"", ""product"": ""ios"", ""version"": ""15.1\\(2\\)sg2"", ""criteria"": ""cpe:2.3:o:cisco:ios:15.1\\(2\\)sg2:*:*:*:*:*:*:*"", ""vulnerable"": true}, {""vendor"": ""cisco"", ""product"": ""ios"", ""version"": ""15.1\\(2\\)sg3"", ""criteria"": ""cpe:2.3:o:cisco:ios:15.1\\(2\\)sg3:*:*:*:*:*:*:*"", ""vulnerable"": true}, {""vendor"": ""cisco"", ""product"": ""ios"", ""version"": ""15.1\\(2\\)sg4"", ""criteria"": ""cpe:2.3:o:cisco:ios:15.1\\(2\\)sg4:*:*:*:*:*:*:*"", ""vulnerable"": true}, {""vendor"": ""cisco"", ""product"": ""ios"", ""version"": ""15.1\\(2\\)sg5"", ""criteria"": ""cpe:2.3:o:cisco:ios:15.1\\(2\\)sg5:*:*:*:*:*:*:*"", ""vulnerable"": true}, {""vendor"": ""cisco"", ""product"": ""ios"", ""version"": ""15.1\\(2\\)sg6"", ""criteria"": ""cpe:2.3:o:cisco:ios:15.1\\(2\\)sg6:*:*:*:*:*:*:*"", ""vulnerable"": true}, {""vendor"": ""cisco"", ""product"": ""ios"", ""version"": ""15.1\\(2\\)sg7"", ""criteria"": ""cpe:2.3:o:cisco:ios:15.1\\(2\\)sg7:*:*:*:*:*:*:*"", ""vulnerable"": true}, {""vendor"": ""cisco"", ""product"": ""ios"", ""version"": ""15.1\\(2\\)sg8"", ""criteria"": ""cpe:2.3:o:cisco:ios:15.1\\(2\\)sg8:*:*:*:*:*:*:*"", ""vulnerable"": true}, {""vendor"": ""cisco"", ""product"": ""ios"", ""version"": ""15.2\\(1\\)e"", ""criteria"": ""cpe:2.3:o:cisco:ios:15.2\\(1\\)e:*:*:*:*:*:*:*"", ""vulnerable"": true}, {""vendor"": ""cisco"", ""product"": ""ios"", ""version"": ""15.2\\(1\\)e1"", ""criteria"": ""cpe:2.3:o:cisco:ios:15.2\\(1\\)e1:*:*:*:*:*:*:*"", ""vulnerable"": true}, {""vendor"": ""cisco"", ""product"": ""ios"", ""version"": ""15.2\\(1\\)e2"", ""criteria"": ""cpe:2.3:o:cisco:ios:15.2\\(1\\)e2:*:*:*:*:*:*:*"", ""vulnerable"": true}, {""vendor"": ""cisco"", ""product"": ""ios"", ""version"": ""15.2\\(1\\)e3"", ""criteria"": ""cpe:2.3:o:cisco:ios:15.2\\(1\\)e3:*:*:*:*:*:*:*"", ""vulnerable"": true}, {""vendor"": ""cisco"", ""product"": ""ios"", ""version"": ""15.2\\(1\\)ey"", ""criteria"": ""cpe:2.3:o:cisco:ios:15.2\\(1\\)ey:*:*:*:*:*:*:*"", ""vulnerable"": true}, {""vendor"": ""cisco"", ""product"": ""ios"", ""version"": ""15.2\\(1\\)sy"", ""criteria"": ""cpe:2.3:o:cisco:ios:15.2\\(1\\)sy:*:*:*:*:*:*:*"", ""vulnerable"": true}, {""vendor"": ""cisco"", ""product"": ""ios"", ""version"": ""15.2\\(1\\)sy0a"", ""criteria"": ""cpe:2.3:o:cisco:ios:15.2\\(1\\)sy0a:*:*:*:*:*:*:*"", ""vulnerable"": true}, {""vendor"": ""cisco"", ""product"": ""ios"", ""version"": ""15.2\\(1\\)sy1"", ""criteria"": ""cpe:2.3:o:cisco:ios:15.2\\(1\\)sy1:*:*:*:*:*:*:*"", ""vulnerable"": true}, {""vendor"": ""cisco"", ""product"": ""ios"", ""version"": ""15.2\\(1\\)sy1a"", ""criteria"": ""cpe:2.3:o:cisco:ios:15.2\\(1\\)sy1a:*:*:*:*:*:*:*"", ""vulnerable"": true}, {""vendor"": ""cisco"", ""product"": ""ios"", ""version"": ""15.2\\(1\\)sy2"", ""criteria"": ""cpe:2.3:o:cisco:ios:15.2\\(1\\)sy2:*:*:*:*:*:*:*"", ""vulnerable"": true}, {""vendor"": ""cisco"", ""product"": ""ios"", ""version"": ""15.2\\(1\\)sy3"", ""criteria"": ""cpe:2.3:o:cisco:ios:15.2\\(1\\)sy3:*:*:*:*:*:*:*"", ""vulnerable"": true}, {""vendor"": ""cisco"", ""product"": ""ios"", ""version"": ""15.2\\(1\\)sy4"", ""criteria"": ""cpe:2.3:o:cisco:ios:15.2\\(1\\)sy4:*:*:*:*:*:*:*"", ""vulnerable"": true}, {""vendor"": ""cisco"", ""product"": ""ios"", ""version"": ""15.2\\(2\\)e"", ""criteria"": ""cpe:2.3:o:cisco:ios:15.2\\(2\\)e:*:*:*:*:*:*:*"", ""vulnerable"": true}, {""vendor"": ""cisco"", ""product"": ""ios"", ""version"": ""15.2\\(2\\)e1"", ""criteria"": ""cpe:2.3:o:cisco:ios:15.2\\(2\\)e1:*:*:*:*:*:*:*"", ""vulnerable"": true}, {""vendor"": ""cisco"", ""product"": ""ios"", ""version"": ""15.2\\(2\\)e2"", ""criteria"": ""cpe:2.3:o:cisco:ios:15.2\\(2\\)e2:*:*:*:*:*:*:*"", ""vulnerable"": true}, {""vendor"": ""cisco"", ""product"": ""ios"", ""version"": ""15.2\\(2\\)e3"", ""criteria"": ""cpe:2.3:o:cisco:ios:15.2\\(2\\)e3:*:*:*:*:*:*:*"", ""vulnerable"": true}, {""vendor"": ""cisco"", ""product"": ""ios"", ""version"": ""15.2\\(2\\)e4"", ""criteria"": ""cpe:2.3:o:cisco:ios:15.2\\(2\\)e4:*:*:*:*:*:*:*"", ""vulnerable"": true}, {""vendor"": ""cisco"", ""product"": ""ios"", ""version"": ""15.2\\(2\\)e5"", ""criteria"": ""cpe:2.3:o:cisco:ios:15.2\\(2\\)e5:*:*:*:*:*:*:*"", ""vulnerable"": true}, {""vendor"": ""cisco"", ""product"": ""ios"", ""version"": ""15.2\\(2\\)e5a"", ""criteria"": ""cpe:2.3:o:cisco:ios:15.2\\(2\\)e5a:*:*:*:*:*:*:*"", ""vulnerable"": true}, {""vendor"": ""cisco"", ""product"": ""ios"", ""version"": ""15.2\\(2\\)ea1"", ""criteria"": ""cpe:2.3:o:cisco:ios:15.2\\(2\\)ea1:*:*:*:*:*:*:*"", ""vulnerable"": true}, {""vendor"": ""cisco"", ""product"": ""ios"", ""version"": ""15.2\\(2\\)ea2"", ""criteria"": ""cpe:2.3:o:cisco:ios:15.2\\(2\\)ea2:*:*:*:*:*:*:*"", ""vulnerable"": true}, {""vendor"": ""cisco"", ""product"": ""ios"", ""version"": ""15.2\\(2\\)ea3"", ""criteria"": ""cpe:2.3:o:cisco:ios:15.2\\(2\\)ea3:*:*:*:*:*:*:*"", ""vulnerable"": true}, {""vendor"": ""cisco"", ""product"": ""ios"", ""version"": ""15.2\\(2\\)eb"", ""criteria"": ""cpe:2.3:o:cisco:ios:15.2\\(2\\)eb:*:*:*:*:*:*:*"", ""vulnerable"": true}, {""vendor"": ""cisco"", ""product"": ""ios"", ""version"": ""15.2\\(2\\)eb1"", ""criteria"": ""cpe:2.3:o:cisco:ios:15.2\\(2\\)eb1:*:*:*:*:*:*:*"", ""vulnerable"": true}, {""vendor"": ""cisco"", ""product"": ""ios"", ""version"": ""15.2\\(2\\)eb2"", ""criteria"": ""cpe:2.3:o:cisco:ios:15.2\\(2\\)eb2:*:*:*:*:*:*:*"", ""vulnerable"": true}, {""vendor"": ""cisco"", ""product"": ""ios"", ""version"": ""15.2\\(2\\)gc"", ""criteria"": ""cpe:2.3:o:cisco:ios:15.2\\(2\\)gc:*:*:*:*:*:*:*"", ""vulnerable"": true}, {""vendor"": ""cisco"", ""product"": ""ios"", ""version"": ""15.2\\(2\\)sy"", ""criteria"": ""cpe:2.3:o:cisco:ios:15.2\\(2\\)sy:*:*:*:*:*:*:*"", ""vulnerable"": true}, {""vendor"": ""cisco"", ""product"": ""ios"", ""version"": ""15.2\\(2\\)sy1"", ""criteria"": ""cpe:2.3:o:cisco:ios:15.2\\(2\\)sy1:*:*:*:*:*:*:*"", ""vulnerable"": true}, {""vendor"": ""cisco"", ""product"": ""ios"", ""version"": ""15.2\\(2\\)sy2"", ""criteria"": ""cpe:2.3:o:cisco:ios:15.2\\(2\\)sy2:*:*:*:*:*:*:*"", ""vulnerable"": true}, {""vendor"": ""cisco"", ""product"": ""ios"", ""version"": ""15.2\\(2\\)t"", ""criteria"": ""cpe:2.3:o:cisco:ios:15.2\\(2\\)t:*:*:*:*:*:*:*"", ""vulnerable"": true}, {""vendor"": ""cisco"", ""product"": ""ios"", ""version"": ""15.2\\(2\\)t1"", ""criteria"": ""cpe:2.3:o:cisco:ios:15.2\\(2\\)t1:*:*:*:*:*:*:*"", ""vulnerable"": true}, {""vendor"": ""cisco"", ""product"": ""ios"", ""version"": ""15.2\\(2\\)t2"", ""criteria"": ""cpe:2.3:o:cisco:ios:15.2\\(2\\)t2:*:*:*:*:*:*:*"", ""vulnerable"": true}, {""vendor"": ""cisco"", ""product"": ""ios"", ""version"": ""15.2\\(2\\)t3"", ""criteria"": ""cpe:2.3:o:cisco:ios:15.2\\(2\\)t3:*:*:*:*:*:*:*"", ""vulnerable"": true}, {""vendor"": ""cisco"", ""product"": ""ios"", ""version"": ""15.2\\(2\\)t4"", ""criteria"": ""cpe:2.3:o:cisco:ios:15.2\\(2\\)t4:*:*:*:*:*:*:*"", ""vulnerable"": true}, {""vendor"": ""cisco"", ""product"": ""ios"", ""version"": ""15.2\\(2a\\)e1"", ""criteria"": ""cpe:2.3:o:cisco:ios:15.2\\(2a\\)e1:*:*:*:*:*:*:*"", ""vulnerable"": true}, {""vendor"": ""cisco"", ""product"": ""ios"", ""version"": ""15.2\\(3\\)e"", ""criteria"": ""cpe:2.3:o:cisco:ios:15.2\\(3\\)e:*:*:*:*:*:*:*"", ""vulnerable"": true}, {""vendor"": ""cisco"", ""product"": ""ios"", ""version"": ""15.2\\(3\\)e1"", ""criteria"": ""cpe:2.3:o:cisco:ios:15.2\\(3\\)e1:*:*:*:*:*:*:*"", ""vulnerable"": true}, {""vendor"": ""cisco"", ""product"": ""ios"", ""version"": ""15.2\\(3\\)e2"", ""criteria"": ""cpe:2.3:o:cisco:ios:15.2\\(3\\)e2:*:*:*:*:*:*:*"", ""vulnerable"": true}, {""vendor"": ""cisco"", ""product"": ""ios"", ""version"": ""15.2\\(3\\)e3"", ""criteria"": ""cpe:2.3:o:cisco:ios:15.2\\(3\\)e3:*:*:*:*:*:*:*"", ""vulnerable"": true}, {""vendor"": ""cisco"", ""product"": ""ios"", ""version"": ""15.2\\(3\\)ea"", ""criteria"": ""cpe:2.3:o:cisco:ios:15.2\\(3\\)ea:*:*:*:*:*:*:*"", ""vulnerable"": true}, {""vendor"": ""cisco"", ""product"": ""ios"", ""version"": ""15.2\\(3\\)gc"", ""criteria"": ""cpe:2.3:o:cisco:ios:15.2\\(3\\)gc:*:*:*:*:*:*:*"", ""vulnerable"": true}, {""vendor"": ""cisco"", ""product"": ""ios"", ""version"": ""15.2\\(3\\)gc1"", ""criteria"": ""cpe:2.3:o:cisco:ios:15.2\\(3\\)gc1:*:*:*:*:*:*:*"", ""vulnerable"": true}, {""vendor"": ""cisco"", ""product"": ""ios"", ""version"": ""15.2\\(3\\)t"", ""criteria"": ""cpe:2.3:o:cisco:ios:15.2\\(3\\)t:*:*:*:*:*:*:*"", ""vulnerable"": true}, {""vendor"": ""cisco"", ""product"": ""ios"", ""version"": ""15.2\\(3\\)t1"", ""criteria"": ""cpe:2.3:o:cisco:ios:15.2\\(3\\)t1:*:*:*:*:*:*:*"", ""vulnerable"": true}, {""vendor"": ""cisco"", ""product"": ""ios"", ""version"": ""15.2\\(3\\)t2"", ""criteria"": ""cpe:2.3:o:cisco:ios:15.2\\(3\\)t2:*:*:*:*:*:*:*"", ""vulnerable"": true}, {""vendor"": ""cisco"", ""product"": ""ios"", ""version"": ""15.2\\(3\\)t3"", ""criteria"": ""cpe:2.3:o:cisco:ios:15.2\\(3\\)t3:*:*:*:*:*:*:*"", ""vulnerable"": true}, {""vendor"": ""cisco"", ""product"": ""ios"", ""version"": ""15.2\\(3\\)t4"", ""criteria"": ""cpe:2.3:o:cisco:ios:15.2\\(3\\)t4:*:*:*:*:*:*:*"", ""vulnerable"": true}, {""vendor"": ""cisco"", ""product"": ""ios"", ""version"": ""15.2\\(3a\\)e"", ""criteria"": ""cpe:2.3:o:cisco:ios:15.2\\(3a\\)e:*:*:*:*:*:*:*"", ""vulnerable"": true}, {""vendor"": ""cisco"", ""product"": ""ios"", ""version"": ""15.2\\(3m\\)e2"", ""criteria"": ""cpe:2.3:o:cisco:ios:15.2\\(3m\\)e2:*:*:*:*:*:*:*"", ""vulnerable"": true}, {""vendor"": ""cisco"", ""product"": ""ios"", ""version"": ""15.2\\(3m\\)e3"", ""criteria"": ""cpe:2.3:o:cisco:ios:15.2\\(3m\\)e3:*:*:*:*:*:*:*"", ""vulnerable"": true}, {""vendor"": ""cisco"", ""product"": ""ios"", ""version"": ""15.2\\(4\\)e"", ""criteria"": ""cpe:2.3:o:cisco:ios:15.2\\(4\\)e:*:*:*:*:*:*:*"", ""vulnerable"": true}, {""vendor"": ""cisco"", ""product"": ""ios"", ""version"": ""15.2\\(4\\)e1"", ""criteria"": ""cpe:2.3:o:cisco:ios:15.2\\(4\\)e1:*:*:*:*:*:*:*"", ""vulnerable"": true}, {""vendor"": ""cisco"", ""product"": ""ios"", ""version"": ""15.2\\(4\\)e2"", ""criteria"": ""cpe:2.3:o:cisco:ios:15.2\\(4\\)e2:*:*:*:*:*:*:*"", ""vulnerable"": true}, {""vendor"": ""cisco"", ""product"": ""ios"", ""version"": ""15.2\\(4\\)e3"", ""criteria"": ""cpe:2.3:o:cisco:ios:15.2\\(4\\)e3:*:*:*:*:*:*:*"", ""vulnerable"": true}, {""vendor"": ""cisco"", ""product"": ""ios"", ""version"": ""15.2\\(4\\)e4"", ""criteria"": ""cpe:2.3:o:cisco:ios:15.2\\(4\\)e4:*:*:*:*:*:*:*"", ""vulnerable"": true}, {""vendor"": ""cisco"", ""product"": ""ios"", ""version"": ""15.2\\(4\\)ea"", ""criteria"": ""cpe:2.3:o:cisco:ios:15.2\\(4\\)ea:*:*:*:*:*:*:*"", ""vulnerable"": true}, {""vendor"": ""cisco"", ""product"": ""ios"", ""version"": ""15.2\\(4\\)ea1"", ""criteria"": ""cpe:2.3:o:cisco:ios:15.2\\(4\\)ea1:*:*:*:*:*:*:*"", ""vulnerable"": true}, {""vendor"": ""cisco"", ""product"": ""ios"", ""version"": ""15.2\\(4\\)ea3"", ""criteria"": ""cpe:2.3:o:cisco:ios:15.2\\(4\\)ea3:*:*:*:*:*:*:*"", ""vulnerable"": true}, {""vendor"": ""cisco"", ""product"": ""ios"", ""version"": ""15.2\\(4\\)ea4"", ""criteria"": ""cpe:2.3:o:cisco:ios:15.2\\(4\\)ea4:*:*:*:*:*:*:*"", ""vulnerable"": true}, {""vendor"": ""cisco"", ""product"": ""ios"", ""version"": ""15.2\\(4\\)ec1"", ""criteria"": ""cpe:2.3:o:cisco:ios:15.2\\(4\\)ec1:*:*:*:*:*:*:*"", ""vulnerable"": true}, {""vendor"": ""cisco"", ""product"": ""ios"", ""version"": ""15.2\\(4\\)gc"", ""criteria"": ""cpe:2.3:o:cisco:ios:15.2\\(4\\)gc:*:*:*:*:*:*:*"", ""vulnerable"": true}, {""vendor"": ""cisco"", ""product"": ""ios"", ""version"": ""15.2\\(4\\)gc1"", ""criteria"": ""cpe:2.3:o:cisco:ios:15.2\\(4\\)gc1:*:*:*:*:*:*:*"", ""vulnerable"": true}, {""vendor"": ""cisco"", ""product"": ""ios"", ""version"": ""15.2\\(4\\)gc2"", ""criteria"": ""cpe:2.3:o:cisco:ios:15.2\\(4\\)gc2:*:*:*:*:*:*:*"", ""vulnerable"": true}, {""vendor"": ""cisco"", ""product"": ""ios"", ""version"": ""15.2\\(4\\)gc3"", ""criteria"": ""cpe:2.3:o:cisco:ios:15.2\\(4\\)gc3:*:*:*:*:*:*:*"", ""vulnerable"": true}, {""vendor"": ""cisco"", ""product"": ""ios"", ""version"": ""15.2\\(4\\)m"", ""criteria"": ""cpe:2.3:o:cisco:ios:15.2\\(4\\)m:*:*:*:*:*:*:*"", ""vulnerable"": true}, {""vendor"": ""cisco"", ""product"": ""ios"", ""version"": ""15.2\\(4\\)m1"", ""criteria"": ""cpe:2.3:o:cisco:ios:15.2\\(4\\)m1:*:*:*:*:*:*:*"", ""vulnerable"": true}, {""vendor"": ""cisco"", ""product"": ""ios"", ""version"": ""15.2\\(4\\)m2"", ""criteria"": ""cpe:2.3:o:cisco:ios:15.2\\(4\\)m2:*:*:*:*:*:*:*"", ""vulnerable"": true}, {""vendor"": ""cisco"", ""product"": ""ios"", ""version"": ""15.2\\(4\\)m3"", ""criteria"": ""cpe:2.3:o:cisco:ios:15.2\\(4\\)m3:*:*:*:*:*:*:*"", ""vulnerable"": true}, {""vendor"": ""cisco"", ""product"": ""ios"", ""version"": ""15.2\\(4\\)m4"", ""criteria"": ""cpe:2.3:o:cisco:ios:15.2\\(4\\)m4:*:*:*:*:*:*:*"", ""vulnerable"": true}, {""vendor"": ""cisco"", ""product"": ""ios"", ""version"": ""15.2\\(4\\)m5"", ""criteria"": ""cpe:2.3:o:cisco:ios:15.2\\(4\\)m5:*:*:*:*:*:*:*"", ""vulnerable"": true}, {""vendor"": ""cisco"", ""product"": ""ios"", ""version"": ""15.2\\(4\\)m6"", ""criteria"": ""cpe:2.3:o:cisco:ios:15.2\\(4\\)m6:*:*:*:*:*:*:*"", ""vulnerable"": true}, {""vendor"": ""cisco"", ""product"": ""ios"", ""version"": ""15.2\\(4\\)m6a"", ""criteria"": ""cpe:2.3:o:cisco:ios:15.2\\(4\\)m6a:*:*:*:*:*:*:*"", ""vulnerable"": true}, {""vendor"": ""cisco"", ""product"": ""ios"", ""version"": ""15.2\\(4\\)m7"", ""criteria"": ""cpe:2.3:o:cisco:ios:15.2\\(4\\)m7:*:*:*:*:*:*:*"", ""vulnerable"": true}, {""vendor"": ""cisco"", ""product"": ""ios"", ""version"": ""15.2\\(4\\)m8"", ""criteria"": ""cpe:2.3:o:cisco:ios:15.2\\(4\\)m8:*:*:*:*:*:*:*"", ""vulnerable"": true}, {""vendor"": ""cisco"", ""product"": ""ios"", ""version"": ""15.2\\(4\\)m9"", ""criteria"": ""cpe:2.3:o:cisco:ios:15.2\\(4\\)m9:*:*:*:*:*:*:*"", ""vulnerable"": true}, {""vendor"": ""cisco"", ""product"": ""ios"", ""version"": ""15.2\\(4\\)m10"", ""criteria"": ""cpe:2.3:o:cisco:ios:15.2\\(4\\)m10:*:*:*:*:*:*:*"", ""vulnerable"": true}, {""vendor"": ""cisco"", ""product"": ""ios"", ""version"": ""15.2\\(4\\)m11"", ""criteria"": ""cpe:2.3:o:cisco:ios:15.2\\(4\\)m11:*:*:*:*:*:*:*"", ""vulnerable"": true}, {""vendor"": ""cisco"", ""product"": ""ios"", ""version"": ""15.2\\(4m\\)e1"", ""criteria"": ""cpe:2.3:o:cisco:ios:15.2\\(4m\\)e1:*:*:*:*:*:*:*"", ""vulnerable"": true}, {""vendor"": ""cisco"", ""product"": ""ios"", ""version"": ""15.2\\(4m\\)e3"", ""criteria"": ""cpe:2.3:o:cisco:ios:15.2\\(4m\\)e3:*:*:*:*:*:*:*"", ""vulnerable"": true}, {""vendor"": ""cisco"", ""product"": ""ios"", ""version"": ""15.2\\(4p\\)e1"", ""criteria"": ""cpe:2.3:o:cisco:ios:15.2\\(4p\\)e1:*:*:*:*:*:*:*"", ""vulnerable"": true}, {""vendor"": ""cisco"", ""product"": ""ios"", ""version"": ""15.2\\(5\\)e"", ""criteria"": ""cpe:2.3:o:cisco:ios:15.2\\(5\\)e:*:*:*:*:*:*:*"", ""vulnerable"": true}, {""vendor"": ""cisco"", ""product"": ""ios"", ""version"": ""15.2\\(5\\)e1"", ""criteria"": ""cpe:2.3:o:cisco:ios:15.2\\(5\\)e1:*:*:*:*:*:*:*"", ""vulnerable"": true}, {""vendor"": ""cisco"", ""product"": ""ios"", ""version"": ""15.2\\(5\\)e2"", ""criteria"": ""cpe:2.3:o:cisco:ios:15.2\\(5\\)e2:*:*:*:*:*:*:*"", ""vulnerable"": true}, {""vendor"": ""cisco"", ""product"": ""ios"", ""version"": ""15.2\\(5\\)e2a"", ""criteria"": ""cpe:2.3:o:cisco:ios:15.2\\(5\\)e2a:*:*:*:*:*:*:*"", ""vulnerable"": true}, {""vendor"": ""cisco"", ""product"": ""ios"", ""version"": ""15.2\\(5\\)ea"", ""criteria"": ""cpe:2.3:o:cisco:ios:15.2\\(5\\)ea:*:*:*:*:*:*:*"", ""vulnerable"": true}, {""vendor"": ""cisco"", ""product"": ""ios"", ""version"": ""15.2\\(5\\)ex"", ""criteria"": ""cpe:2.3:o:cisco:ios:15.2\\(5\\)ex:*:*:*:*:*:*:*"", ""vulnerable"": true}, {""vendor"": ""cisco"", ""product"": ""ios"", ""version"": ""15.2\\(5a\\)e"", ""criteria"": ""cpe:2.3:o:cisco:ios:15.2\\(5a\\)e:*:*:*:*:*:*:*"", ""vulnerable"": true}, {""vendor"": ""cisco"", ""product"": ""ios"", ""version"": ""15.2\\(5a\\)e1"", ""criteria"": ""cpe:2.3:o:cisco:ios:15.2\\(5a\\)e1:*:*:*:*:*:*:*"", ""vulnerable"": true}, {""vendor"": ""cisco"", ""product"": ""ios"", ""version"": ""15.2\\(5b\\)e"", ""criteria"": ""cpe:2.3:o:cisco:ios:15.2\\(5b\\)e:*:*:*:*:*:*:*"", ""vulnerable"": true}, {""vendor"": ""cisco"", ""product"": ""ios"", ""version"": ""15.2\\(5c\\)e"", ""criteria"": ""cpe:2.3:o:cisco:ios:15.2\\(5c\\)e:*:*:*:*:*:*:*"", ""vulnerable"": true}, {""vendor"": ""cisco"", ""product"": ""ios"", ""version"": ""15.3\\(1\\)sy"", ""criteria"": ""cpe:2.3:o:cisco:ios:15.3\\(1\\)sy:*:*:*:*:*:*:*"", ""vulnerable"": true}, {""vendor"": ""cisco"", ""product"": ""ios"", ""version"": ""15.3\\(1\\)sy2"", ""criteria"": ""cpe:2.3:o:cisco:ios:15.3\\(1\\)sy2:*:*:*:*:*:*:*"", ""vulnerable"": true}, {""vendor"": ""cisco"", ""product"": ""ios"", ""version"": ""15.3\\(1\\)t"", ""criteria"": ""cpe:2.3:o:cisco:ios:15.3\\(1\\)t:*:*:*:*:*:*:*"", ""vulnerable"": true}, {""vendor"": ""cisco"", ""product"": ""ios"", ""version"": ""15.3\\(1\\)t1"", ""criteria"": ""cpe:2.3:o:cisco:ios:15.3\\(1\\)t1:*:*:*:*:*:*:*"", ""vulnerable"": true}, {""vendor"": ""cisco"", ""product"": ""ios"", ""version"": ""15.3\\(1\\)t2"", ""criteria"": ""cpe:2.3:o:cisco:ios:15.3\\(1\\)t2:*:*:*:*:*:*:*"", ""vulnerable"": true}, {""vendor"": ""cisco"", ""product"": ""ios"", ""version"": ""15.3\\(1\\)t3"", ""criteria"": ""cpe:2.3:o:cisco:ios:15.3\\(1\\)t3:*:*:*:*:*:*:*"", ""vulnerable"": true}, {""vendor"": ""cisco"", ""product"": ""ios"", ""version"": ""15.3\\(1\\)t4"", ""criteria"": ""cpe:2.3:o:cisco:ios:15.3\\(1\\)t4:*:*:*:*:*:*:*"", ""vulnerable"": true}, {""vendor"": ""cisco"", ""product"": ""ios"", ""version"": ""15.3\\(2\\)t"", ""criteria"": ""cpe:2.3:o:cisco:ios:15.3\\(2\\)t:*:*:*:*:*:*:*"", ""vulnerable"": true}, {""vendor"": ""cisco"", ""product"": ""ios"", ""version"": ""15.3\\(2\\)t1"", ""criteria"": ""cpe:2.3:o:cisco:ios:15.3\\(2\\)t1:*:*:*:*:*:*:*"", ""vulnerable"": true}, {""vendor"": ""cisco"", ""product"": ""ios"", ""version"": ""15.3\\(2\\)t2"", ""criteria"": ""cpe:2.3:o:cisco:ios:15.3\\(2\\)t2:*:*:*:*:*:*:*"", ""vulnerable"": true}, {""vendor"": ""cisco"", ""product"": ""ios"", ""version"": ""15.3\\(2\\)t3"", ""criteria"": ""cpe:2.3:o:cisco:ios:15.3\\(2\\)t3:*:*:*:*:*:*:*"", ""vulnerable"": true}, {""vendor"": ""cisco"", ""product"": ""ios"", ""version"": ""15.3\\(2\\)t4"", ""criteria"": ""cpe:2.3:o:cisco:ios:15.3\\(2\\)t4:*:*:*:*:*:*:*"", ""vulnerable"": true}, {""vendor"": ""cisco"", ""product"": ""ios"", ""version"": ""15.3\\(3\\)m"", ""criteria"": ""cpe:2.3:o:cisco:ios:15.3\\(3\\)m:*:*:*:*:*:*:*"", ""vulnerable"": true}, {""vendor"": ""cisco"", ""product"": ""ios"", ""version"": ""15.3\\(3\\)m1"", ""criteria"": ""cpe:2.3:o:cisco:ios:15.3\\(3\\)m1:*:*:*:*:*:*:*"", ""vulnerable"": true}, {""vendor"": ""cisco"", ""product"": ""ios"", ""version"": ""15.3\\(3\\)m2"", ""criteria"": ""cpe:2.3:o:cisco:ios:15.3\\(3\\)m2:*:*:*:*:*:*:*"", ""vulnerable"": true}, {""vendor"": ""cisco"", ""product"": ""ios"", ""version"": ""15.3\\(3\\)m3"", ""criteria"": ""cpe:2.3:o:cisco:ios:15.3\\(3\\)m3:*:*:*:*:*:*:*"", ""vulnerable"": true}, {""vendor"": ""cisco"", ""product"": ""ios"", ""version"": ""15.3\\(3\\)m4"", ""criteria"": ""cpe:2.3:o:cisco:ios:15.3\\(3\\)m4:*:*:*:*:*:*:*"", ""vulnerable"": true}, {""vendor"": ""cisco"", ""product"": ""ios"", ""version"": ""15.3\\(3\\)m5"", ""criteria"": ""cpe:2.3:o:cisco:ios:15.3\\(3\\)m5:*:*:*:*:*:*:*"", ""vulnerable"": true}, {""vendor"": ""cisco"", ""product"": ""ios"", ""version"": ""15.3\\(3\\)m6"", ""criteria"": ""cpe:2.3:o:cisco:ios:15.3\\(3\\)m6:*:*:*:*:*:*:*"", ""vulnerable"": true}, {""vendor"": ""cisco"", ""product"": ""ios"", ""version"": ""15.3\\(3\\)m7"", ""criteria"": ""cpe:2.3:o:cisco:ios:15.3\\(3\\)m7:*:*:*:*:*:*:*"", ""vulnerable"": true}, {""vendor"": ""cisco"", ""product"": ""ios"", ""version"": ""15.3\\(3\\)m9"", ""criteria"": ""cpe:2.3:o:cisco:ios:15.3\\(3\\)m9:*:*:*:*:*:*:*"", ""vulnerable"": true}, {""vendor"": ""cisco"", ""product"": ""ios"", ""version"": ""15.4\\(1\\)cg"", ""criteria"": ""cpe:2.3:o:cisco:ios:15.4\\(1\\)cg:*:*:*:*:*:*:*"", ""vulnerable"": true}, {""vendor"": ""cisco"", ""product"": ""ios"", ""version"": ""15.4\\(1\\)cg1"", ""criteria"": ""cpe:2.3:o:cisco:ios:15.4\\(1\\)cg1:*:*:*:*:*:*:*"", ""vulnerable"": true}, {""vendor"": ""cisco"", ""product"": ""ios"", ""version"": ""15.4\\(1\\)sy"", ""criteria"": ""cpe:2.3:o:cisco:ios:15.4\\(1\\)sy:*:*:*:*:*:*:*"", ""vulnerable"": true}, {""vendor"": ""cisco"", ""product"": ""ios"", ""version"": ""15.4\\(1\\)sy1"", ""criteria"": ""cpe:2.3:o:cisco:ios:15.4\\(1\\)sy1:*:*:*:*:*:*:*"", ""vulnerable"": true}, {""vendor"": ""cisco"", ""product"": ""ios"", ""version"": ""15.4\\(1\\)sy2"", ""criteria"": ""cpe:2.3:o:cisco:ios:15.4\\(1\\)sy2:*:*:*:*:*:*:*"", ""vulnerable"": true}, {""vendor"": ""cisco"", ""product"": ""ios"", ""version"": ""15.4\\(1\\)t"", ""criteria"": ""cpe:2.3:o:cisco:ios:15.4\\(1\\)t:*:*:*:*:*:*:*"", ""vulnerable"": true}, {""vendor"": ""cisco"", ""product"": ""ios"", ""version"": ""15.4\\(1\\)t1"", ""criteria"": ""cpe:2.3:o:cisco:ios:15.4\\(1\\)t1:*:*:*:*:*:*:*"", ""vulnerable"": true}, {""vendor"": ""cisco"", ""product"": ""ios"", ""version"": ""15.4\\(1\\)t2"", ""criteria"": ""cpe:2.3:o:cisco:ios:15.4\\(1\\)t2:*:*:*:*:*:*:*"", ""vulnerable"": true}, {""vendor"": ""cisco"", ""product"": ""ios"", ""version"": ""15.4\\(1\\)t3"", ""criteria"": ""cpe:2.3:o:cisco:ios:15.4\\(1\\)t3:*:*:*:*:*:*:*"", ""vulnerable"": true}, {""vendor"": ""cisco"", ""product"": ""ios"", ""version"": ""15.4\\(1\\)t4"", ""criteria"": ""cpe:2.3:o:cisco:ios:15.4\\(1\\)t4:*:*:*:*:*:*:*"", ""vulnerable"": true}, {""vendor"": ""cisco"", ""product"": ""ios"", ""version"": ""15.4\\(2\\)cg"", ""criteria"": ""cpe:2.3:o:cisco:ios:15.4\\(2\\)cg:*:*:*:*:*:*:*"", ""vulnerable"": true}, {""vendor"": ""cisco"", ""product"": ""ios"", ""version"": ""15.4\\(2\\)t"", ""criteria"": ""cpe:2.3:o:cisco:ios:15.4\\(2\\)t:*:*:*:*:*:*:*"", ""vulnerable"": true}, {""vendor"": ""cisco"", ""product"": ""ios"", ""version"": ""15.4\\(2\\)t1"", ""criteria"": ""cpe:2.3:o:cisco:ios:15.4\\(2\\)t1:*:*:*:*:*:*:*"", ""vulnerable"": true}, {""vendor"": ""cisco"", ""product"": ""ios"", ""version"": ""15.4\\(2\\)t2"", ""criteria"": ""cpe:2.3:o:cisco:ios:15.4\\(2\\)t2:*:*:*:*:*:*:*"", ""vulnerable"": true}, {""vendor"": ""cisco"", ""product"": ""ios"", ""version"": ""15.4\\(2\\)t3"", ""criteria"": ""cpe:2.3:o:cisco:ios:15.4\\(2\\)t3:*:*:*:*:*:*:*"", ""vulnerable"": true}, {""vendor"": ""cisco"", ""product"": ""ios"", ""version"": ""15.4\\(2\\)t4"", ""criteria"": ""cpe:2.3:o:cisco:ios:15.4\\(2\\)t4:*:*:*:*:*:*:*"", ""vulnerable"": true}, {""vendor"": ""cisco"", ""product"": ""ios"", ""version"": ""15.4\\(3\\)m"", ""criteria"": ""cpe:2.3:o:cisco:ios:15.4\\(3\\)m:*:*:*:*:*:*:*"", ""vulnerable"": true}, {""vendor"": ""cisco"", ""product"": ""ios"", ""version"": ""15.4\\(3\\)m1"", ""criteria"": ""cpe:2.3:o:cisco:ios:15.4\\(3\\)m1:*:*:*:*:*:*:*"", ""vulnerable"": true}, {""vendor"": ""cisco"", ""product"": ""ios"", ""version"": ""15.4\\(3\\)m2"", ""criteria"": ""cpe:2.3:o:cisco:ios:15.4\\(3\\)m2:*:*:*:*:*:*:*"", ""vulnerable"": true}, {""vendor"": ""cisco"", ""product"": ""ios"", ""version"": ""15.4\\(3\\)m3"", ""criteria"": ""cpe:2.3:o:cisco:ios:15.4\\(3\\)m3:*:*:*:*:*:*:*"", ""vulnerable"": true}, {""vendor"": ""cisco"", ""product"": ""ios"", ""version"": ""15.4\\(3\\)m4"", ""criteria"": ""cpe:2.3:o:cisco:ios:15.4\\(3\\)m4:*:*:*:*:*:*:*"", ""vulnerable"": true}, {""vendor"": ""cisco"", ""product"": ""ios"", ""version"": ""15.4\\(3\\)m5"", ""criteria"": ""cpe:2.3:o:cisco:ios:15.4\\(3\\)m5:*:*:*:*:*:*:*"", ""vulnerable"": true}, {""vendor"": ""cisco"", ""product"": ""ios"", ""version"": ""15.4\\(3\\)m6"", ""criteria"": ""cpe:2.3:o:cisco:ios:15.4\\(3\\)m6:*:*:*:*:*:*:*"", ""vulnerable"": true}, {""vendor"": ""cisco"", ""product"": ""ios"", ""version"": ""15.4\\(3\\)m6a"", ""criteria"": ""cpe:2.3:o:cisco:ios:15.4\\(3\\)m6a:*:*:*:*:*:*:*"", ""vulnerable"": true}, {""vendor"": ""cisco"", ""product"": ""ios"", ""version"": ""15.4\\(3\\)m7"", ""criteria"": ""cpe:2.3:o:cisco:ios:15.4\\(3\\)m7:*:*:*:*:*:*:*"", ""vulnerable"": true}, {""vendor"": ""cisco"", ""product"": ""ios"", ""version"": ""15.5\\(1\\)sy"", ""criteria"": ""cpe:2.3:o:cisco:ios:15.5\\(1\\)sy:*:*:*:*:*:*:*"", ""vulnerable"": true}, {""vendor"": ""cisco"", ""product"": ""ios"", ""version"": ""15.5\\(1\\)t"", ""criteria"": ""cpe:2.3:o:cisco:ios:15.5\\(1\\)t:*:*:*:*:*:*:*"", ""vulnerable"": true}, {""vendor"": ""cisco"", ""product"": ""ios"", ""version"": ""15.5\\(1\\)t1"", ""criteria"": ""cpe:2.3:o:cisco:ios:15.5\\(1\\)t1:*:*:*:*:*:*:*"", ""vulnerable"": true}, {""vendor"": ""cisco"", ""product"": ""ios"", ""version"": ""15.5\\(1\\)t2"", ""criteria"": ""cpe:2.3:o:cisco:ios:15.5\\(1\\)t2:*:*:*:*:*:*:*"", ""vulnerable"": true}, {""vendor"": ""cisco"", ""product"": ""ios"", ""version"": ""15.5\\(1\\)t3"", ""criteria"": ""cpe:2.3:o:cisco:ios:15.5\\(1\\)t3:*:*:*:*:*:*:*"", ""vulnerable"": true}, {""vendor"": ""cisco"", ""product"": ""ios"", ""version"": ""15.5\\(1\\)t4"", ""criteria"": ""cpe:2.3:o:cisco:ios:15.5\\(1\\)t4:*:*:*:*:*:*:*"", ""vulnerable"": true}, {""vendor"": ""cisco"", ""product"": ""ios"", ""version"": ""15.5\\(2\\)t"", ""criteria"": ""cpe:2.3:o:cisco:ios:15.5\\(2\\)t:*:*:*:*:*:*:*"", ""vulnerable"": true}, {""vendor"": ""cisco"", ""product"": ""ios"", ""version"": ""15.5\\(2\\)t1"", ""criteria"": ""cpe:2.3:o:cisco:ios:15.5\\(2\\)t1:*:*:*:*:*:*:*"", ""vulnerable"": true}, {""vendor"": ""cisco"", ""product"": ""ios"", ""version"": ""15.5\\(2\\)t2"", ""criteria"": ""cpe:2.3:o:cisco:ios:15.5\\(2\\)t2:*:*:*:*:*:*:*"", ""vulnerable"": true}, {""vendor"": ""cisco"", ""product"": ""ios"", ""version"": ""15.5\\(2\\)t3"", ""criteria"": ""cpe:2.3:o:cisco:ios:15.5\\(2\\)t3:*:*:*:*:*:*:*"", ""vulnerable"": true}, {""vendor"": ""cisco"", ""product"": ""ios"", ""version"": ""15.5\\(2\\)t4"", ""criteria"": ""cpe:2.3:o:cisco:ios:15.5\\(2\\)t4:*:*:*:*:*:*:*"", ""vulnerable"": true}, {""vendor"": ""cisco"", ""product"": ""ios"", ""version"": ""15.5\\(3\\)m0a"", ""criteria"": ""cpe:2.3:o:cisco:ios:15.5\\(3\\)m0a:*:*:*:*:*:*:*"", ""vulnerable"": true}, {""vendor"": ""cisco"", ""product"": ""ios"", ""version"": ""15.5\\(3\\)m1"", ""criteria"": ""cpe:2.3:o:cisco:ios:15.5\\(3\\)m1:*:*:*:*:*:*:*"", ""vulnerable"": true}, {""vendor"": ""cisco"", ""product"": ""ios"", ""version"": ""15.5\\(3\\)m2"", ""criteria"": ""cpe:2.3:o:cisco:ios:15.5\\(3\\)m2:*:*:*:*:*:*:*"", ""vulnerable"": true}, {""vendor"": ""cisco"", ""product"": ""ios"", ""version"": ""15.5\\(3\\)m3"", ""criteria"": ""cpe:2.3:o:cisco:ios:15.5\\(3\\)m3:*:*:*:*:*:*:*"", ""vulnerable"": true}, {""vendor"": ""cisco"", ""product"": ""ios"", ""version"": ""15.5\\(3\\)m4"", ""criteria"": ""cpe:2.3:o:cisco:ios:15.5\\(3\\)m4:*:*:*:*:*:*:*"", ""vulnerable"": true}, {""vendor"": ""cisco"", ""product"": ""ios"", ""version"": ""15.5\\(3\\)m4a"", ""criteria"": ""cpe:2.3:o:cisco:ios:15.5\\(3\\)m4a:*:*:*:*:*:*:*"", ""vulnerable"": true}, {""vendor"": ""cisco"", ""product"": ""ios"", ""version"": ""15.5\\(3\\)m5"", ""criteria"": ""cpe:2.3:o:cisco:ios:15.5\\(3\\)m5:*:*:*:*:*:*:*"", ""vulnerable"": true}, {""vendor"": ""cisco"", ""product"": ""ios"", ""version"": ""15.5\\(3\\)m6"", ""criteria"": ""cpe:2.3:o:cisco:ios:15.5\\(3\\)m6:*:*:*:*:*:*:*"", ""vulnerable"": true}, {""vendor"": ""cisco"", ""product"": ""ios"", ""version"": ""15.6\\(1\\)t"", ""criteria"": ""cpe:2.3:o:cisco:ios:15.6\\(1\\)t:*:*:*:*:*:*:*"", ""vulnerable"": true}, {""vendor"": ""cisco"", ""product"": ""ios"", ""version"": ""15.6\\(1\\)t0a"", ""criteria"": ""cpe:2.3:o:cisco:ios:15.6\\(1\\)t0a:*:*:*:*:*:*:*"", ""vulnerable"": true}, {""vendor"": ""cisco"", ""product"": ""ios"", ""version"": ""15.6\\(1\\)t1"", ""criteria"": ""cpe:2.3:o:cisco:ios:15.6\\(1\\)t1:*:*:*:*:*:*:*"", ""vulnerable"": true}, {""vendor"": ""cisco"", ""product"": ""ios"", ""version"": ""15.6\\(1\\)t2"", ""criteria"": ""cpe:2.3:o:cisco:ios:15.6\\(1\\)t2:*:*:*:*:*:*:*"", ""vulnerable"": true}, {""vendor"": ""cisco"", ""product"": ""ios"", ""version"": ""15.6\\(2\\)t"", ""criteria"": ""cpe:2.3:o:cisco:ios:15.6\\(2\\)t:*:*:*:*:*:*:*"", ""vulnerable"": true}, {""vendor"": ""cisco"", ""product"": ""ios"", ""version"": ""15.6\\(2\\)t1"", ""criteria"": ""cpe:2.3:o:cisco:ios:15.6\\(2\\)t1:*:*:*:*:*:*:*"", ""vulnerable"": true}, {""vendor"": ""cisco"", ""product"": ""ios"", ""version"": ""15.6\\(2\\)t2"", ""criteria"": ""cpe:2.3:o:cisco:ios:15.6\\(2\\)t2:*:*:*:*:*:*:*"", ""vulnerable"": true}, {""vendor"": ""cisco"", ""product"": ""ios"", ""version"": ""15.6\\(3\\)m"", ""criteria"": ""cpe:2.3:o:cisco:ios:15.6\\(3\\)m:*:*:*:*:*:*:*"", ""vulnerable"": true}, {""vendor"": ""cisco"", ""product"": ""ios"", ""version"": ""15.6\\(3\\)m0a"", ""criteria"": ""cpe:2.3:o:cisco:ios:15.6\\(3\\)m0a:*:*:*:*:*:*:*"", ""vulnerable"": true}, {""vendor"": ""cisco"", ""product"": ""ios"", ""version"": ""15.6\\(3\\)m1"", ""criteria"": ""cpe:2.3:o:cisco:ios:15.6\\(3\\)m1:*:*:*:*:*:*:*"", ""vulnerable"": true}, {""vendor"": ""cisco"", ""product"": ""ios"", ""version"": ""15.6\\(3\\)m1b"", ""criteria"": ""cpe:2.3:o:cisco:ios:15.6\\(3\\)m1b:*:*:*:*:*:*:*"", ""vulnerable"": true}, {""vendor"": ""cisco"", ""product"": ""ios"", ""version"": ""15.6\\(3\\)m2"", ""criteria"": ""cpe:2.3:o:cisco:ios:15.6\\(3\\)m2:*:*:*:*:*:*:*"", ""vulnerable"": true}, {""vendor"": ""cisco"", ""product"": ""ios"", ""version"": ""15.6\\(3\\)m2a"", ""criteria"": ""cpe:2.3:o:cisco:ios:15.6\\(3\\)m2a:*:*:*:*:*:*:*"", ""vulnerable"": true}, {""vendor"": ""cisco"", ""product"": ""ios"", ""version"": ""15.6\\(3\\)m3"", ""criteria"": ""cpe:2.3:o:cisco:ios:15.6\\(3\\)m3:*:*:*:*:*:*:*"", ""vulnerable"": true}]","[{""url"": ""https://sec.cloudapps.cisco.com/security/center/content/CiscoSecurityAdvisory/cisco-sa-20170629-snmp"", ""source"": ""psirt@cisco.com"", ""tags"": [""Vendor Advisory""]}, {""url"": ""https://sec.cloudapps.cisco.com/security/center/content/CiscoSecurityAdvisory/cisco-sa-20170629-snmp"", ""source"": ""af854a3a-2127-422b-91ae-364da2661108"", ""tags"": [""Vendor Advisory""]}, {""url"": ""https://www.cisa.gov/known-exploited-vulnerabilities-catalog?field_cve=CVE-2017-6744"", ""source"": ""134c704f-9b21-4f2e-91b3-4a467353bcc0"", ""tags"": [""US Government Resource""]}]",True,"[""nvd"", ""cisa_kev""]",gold_evidence_removed,False
CVE-2017-6744-REMOVED-Q2,CVE-2017-6744,affected_product,CVE-2017-6744의 영향을 받는 제품이나 버전은 무엇인가?,"The Simple Network Management Protocol (SNMP) subsystem of Cisco IOS and IOS XE Software contains multiple vulnerabilities that could allow an authenticated, remote attacker to remotely execute code on an affected system or cause an affected system to reload. An attacker could exploit these vulnerabilities by sending a crafted SNMP packet to an affected system via IPv4 or IPv6. Only traffic directed to an affected system can be used to exploit these vulnerabilities. The vulnerabilities are due to a buffer overflow condition in the SNMP subsystem of the affected software. The vulnerabilities affect all versions of SNMP - Versions 1, 2c, and 3. To exploit these vulnerabilities via SNMP Version 2c or earlier, the attacker must know the SNMP read-only community string for the affected system. To exploit these vulnerabilities via SNMP Version 3, the attacker must have user credentials for the affected system. A successful exploit could allow the attacker to execute arbitrary code and obtain full control of the affected system or cause the affected system to reload. Customers are advised to apply the workaround as contained in the Workarounds section below. Fixed software information is available via the Cisco IOS Software Checker. All devices that have enabled SNMP and have not explicitly excluded the affected MIBs or OIDs should be considered vulnerable. There are workarounds that address these vulnerabilities.",HIGH,8.8,NETWORK,LOW,LOW,NONE,"[""CWE-119""]","[{""vendor"": ""cisco"", ""product"": ""ios"", ""version"": ""12.2\\(33\\)sxi"", ""criteria"": ""cpe:2.3:o:cisco:ios:12.2\\(33\\)sxi:*:*:*:*:*:*:*"", ""vulnerable"": true}, {""vendor"": ""cisco"", ""product"": ""ios"", ""version"": ""12.2\\(33\\)sxi1"", ""criteria"": ""cpe:2.3:o:cisco:ios:12.2\\(33\\)sxi1:*:*:*:*:*:*:*"", ""vulnerable"": true}, {""vendor"": ""cisco"", ""product"": ""ios"", ""version"": ""12.2\\(50\\)se"", ""criteria"": ""cpe:2.3:o:cisco:ios:12.2\\(50\\)se:*:*:*:*:*:*:*"", ""vulnerable"": true}, {""vendor"": ""cisco"", ""product"": ""ios"", ""version"": ""12.2\\(50\\)se1"", ""criteria"": ""cpe:2.3:o:cisco:ios:12.2\\(50\\)se1:*:*:*:*:*:*:*"", ""vulnerable"": true}, {""vendor"": ""cisco"", ""product"": ""ios"", ""version"": ""12.2\\(50\\)se2"", ""criteria"": ""cpe:2.3:o:cisco:ios:12.2\\(50\\)se2:*:*:*:*:*:*:*"", ""vulnerable"": true}, {""vendor"": ""cisco"", ""product"": ""ios"", ""version"": ""12.2\\(50\\)se3"", ""criteria"": ""cpe:2.3:o:cisco:ios:12.2\\(50\\)se3:*:*:*:*:*:*:*"", ""vulnerable"": true}, {""vendor"": ""cisco"", ""product"": ""ios"", ""version"": ""12.2\\(50\\)se4"", ""criteria"": ""cpe:2.3:o:cisco:ios:12.2\\(50\\)se4:*:*:*:*:*:*:*"", ""vulnerable"": true}, {""vendor"": ""cisco"", ""product"": ""ios"", ""version"": ""12.2\\(50\\)se5"", ""criteria"": ""cpe:2.3:o:cisco:ios:12.2\\(50\\)se5:*:*:*:*:*:*:*"", ""vulnerable"": true}, {""vendor"": ""cisco"", ""product"": ""ios"", ""version"": ""12.2\\(50\\)sg"", ""criteria"": ""cpe:2.3:o:cisco:ios:12.2\\(50\\)sg:*:*:*:*:*:*:*"", ""vulnerable"": true}, {""vendor"": ""cisco"", ""product"": ""ios"", ""version"": ""12.2\\(50\\)sg1"", ""criteria"": ""cpe:2.3:o:cisco:ios:12.2\\(50\\)sg1:*:*:*:*:*:*:*"", ""vulnerable"": true}, {""vendor"": ""cisco"", ""product"": ""ios"", ""version"": ""12.2\\(50\\)sg2"", ""criteria"": ""cpe:2.3:o:cisco:ios:12.2\\(50\\)sg2:*:*:*:*:*:*:*"", ""vulnerable"": true}, {""vendor"": ""cisco"", ""product"": ""ios"", ""version"": ""12.2\\(50\\)sg3"", ""criteria"": ""cpe:2.3:o:cisco:ios:12.2\\(50\\)sg3:*:*:*:*:*:*:*"", ""vulnerable"": true}, {""vendor"": ""cisco"", ""product"": ""ios"", ""version"": ""12.2\\(50\\)sg4"", ""criteria"": ""cpe:2.3:o:cisco:ios:12.2\\(50\\)sg4:*:*:*:*:*:*:*"", ""vulnerable"": true}, {""vendor"": ""cisco"", ""product"": ""ios"", ""version"": ""12.2\\(50\\)sg5"", ""criteria"": ""cpe:2.3:o:cisco:ios:12.2\\(50\\)sg5:*:*:*:*:*:*:*"", ""vulnerable"": true}, {""vendor"": ""cisco"", ""product"": ""ios"", ""version"": ""12.2\\(50\\)sg6"", ""criteria"": ""cpe:2.3:o:cisco:ios:12.2\\(50\\)sg6:*:*:*:*:*:*:*"", ""vulnerable"": true}, {""vendor"": ""cisco"", ""product"": ""ios"", ""version"": ""12.2\\(50\\)sg7"", ""criteria"": ""cpe:2.3:o:cisco:ios:12.2\\(50\\)sg7:*:*:*:*:*:*:*"", ""vulnerable"": true}, {""vendor"": ""cisco"", ""product"": ""ios"", ""version"": ""12.2\\(50\\)sg8"", ""criteria"": ""cpe:2.3:o:cisco:ios:12.2\\(50\\)sg8:*:*:*:*:*:*:*"", ""vulnerable"": true}, {""vendor"": ""cisco"", ""product"": ""ios"", ""version"": ""12.2\\(50\\)sq"", ""criteria"": ""cpe:2.3:o:cisco:ios:12.2\\(50\\)sq:*:*:*:*:*:*:*"", ""vulnerable"": true}, {""vendor"": ""cisco"", ""product"": ""ios"", ""version"": ""12.2\\(50\\)sq1"", ""criteria"": ""cpe:2.3:o:cisco:ios:12.2\\(50\\)sq1:*:*:*:*:*:*:*"", ""vulnerable"": true}, {""vendor"": ""cisco"", ""product"": ""ios"", ""version"": ""12.2\\(50\\)sq2"", ""criteria"": ""cpe:2.3:o:cisco:ios:12.2\\(50\\)sq2:*:*:*:*:*:*:*"", ""vulnerable"": true}, {""vendor"": ""cisco"", ""product"": ""ios"", ""version"": ""12.2\\(50\\)sq3"", ""criteria"": ""cpe:2.3:o:cisco:ios:12.2\\(50\\)sq3:*:*:*:*:*:*:*"", ""vulnerable"": true}, {""vendor"": ""cisco"", ""product"": ""ios"", ""version"": ""12.2\\(50\\)sq4"", ""criteria"": ""cpe:2.3:o:cisco:ios:12.2\\(50\\)sq4:*:*:*:*:*:*:*"", ""vulnerable"": true}, {""vendor"": ""cisco"", ""product"": ""ios"", ""version"": ""12.2\\(50\\)sq5"", ""criteria"": ""cpe:2.3:o:cisco:ios:12.2\\(50\\)sq5:*:*:*:*:*:*:*"", ""vulnerable"": true}, {""vendor"": ""cisco"", ""product"": ""ios"", ""version"": ""12.2\\(50\\)sq6"", ""criteria"": ""cpe:2.3:o:cisco:ios:12.2\\(50\\)sq6:*:*:*:*:*:*:*"", ""vulnerable"": true}, {""vendor"": ""cisco"", ""product"": ""ios"", ""version"": ""12.2\\(50\\)sq7"", ""criteria"": ""cpe:2.3:o:cisco:ios:12.2\\(50\\)sq7:*:*:*:*:*:*:*"", ""vulnerable"": true}, {""vendor"": ""cisco"", ""product"": ""ios"", ""version"": ""12.2\\(52\\)ex"", ""criteria"": ""cpe:2.3:o:cisco:ios:12.2\\(52\\)ex:*:*:*:*:*:*:*"", ""vulnerable"": true}, {""vendor"": ""cisco"", ""product"": ""ios"", ""version"": ""12.2\\(52\\)ex1"", ""criteria"": ""cpe:2.3:o:cisco:ios:12.2\\(52\\)ex1:*:*:*:*:*:*:*"", ""vulnerable"": true}, {""vendor"": ""cisco"", ""product"": ""ios"", ""version"": ""12.2\\(52\\)ey"", ""criteria"": ""cpe:2.3:o:cisco:ios:12.2\\(52\\)ey:*:*:*:*:*:*:*"", ""vulnerable"": true}, {""vendor"": ""cisco"", ""product"": ""ios"", ""version"": ""12.2\\(52\\)ey1"", ""criteria"": ""cpe:2.3:o:cisco:ios:12.2\\(52\\)ey1:*:*:*:*:*:*:*"", ""vulnerable"": true}, {""vendor"": ""cisco"", ""product"": ""ios"", ""version"": ""12.2\\(52\\)ey1b"", ""criteria"": ""cpe:2.3:o:cisco:ios:12.2\\(52\\)ey1b:*:*:*:*:*:*:*"", ""vulnerable"": true}, {""vendor"": ""cisco"", ""product"": ""ios"", ""version"": ""12.2\\(52\\)ey1c"", ""criteria"": ""cpe:2.3:o:cisco:ios:12.2\\(52\\)ey1c:*:*:*:*:*:*:*"", ""vulnerable"": true}, {""vendor"": ""cisco"", ""product"": ""ios"", ""version"": ""12.2\\(52\\)ey2"", ""criteria"": ""cpe:2.3:o:cisco:ios:12.2\\(52\\)ey2:*:*:*:*:*:*:*"", ""vulnerable"": true}, {""vendor"": ""cisco"", ""product"": ""ios"", ""version"": ""12.2\\(52\\)ey2a"", ""criteria"": ""cpe:2.3:o:cisco:ios:12.2\\(52\\)ey2a:*:*:*:*:*:*:*"", ""vulnerable"": true}, {""vendor"": ""cisco"", ""product"": ""ios"", ""version"": ""12.2\\(52\\)ey3"", ""criteria"": ""cpe:2.3:o:cisco:ios:12.2\\(52\\)ey3:*:*:*:*:*:*:*"", ""vulnerable"": true}, {""vendor"": ""cisco"", ""product"": ""ios"", ""version"": ""12.2\\(52\\)ey3a"", ""criteria"": ""cpe:2.3:o:cisco:ios:12.2\\(52\\)ey3a:*:*:*:*:*:*:*"", ""vulnerable"": true}, {""vendor"": ""cisco"", ""product"": ""ios"", ""version"": ""12.2\\(52\\)ey4"", ""criteria"": ""cpe:2.3:o:cisco:ios:12.2\\(52\\)ey4:*:*:*:*:*:*:*"", ""vulnerable"": true}, {""vendor"": ""cisco"", ""product"": ""ios"", ""version"": ""12.2\\(52\\)se"", ""criteria"": ""cpe:2.3:o:cisco:ios:12.2\\(52\\)se:*:*:*:*:*:*:*"", ""vulnerable"": true}, {""vendor"": ""cisco"", ""product"": ""ios"", ""version"": ""12.2\\(52\\)se1"", ""criteria"": ""cpe:2.3:o:cisco:ios:12.2\\(52\\)se1:*:*:*:*:*:*:*"", ""vulnerable"": true}, {""vendor"": ""cisco"", ""product"": ""ios"", ""version"": ""12.2\\(52\\)sg"", ""criteria"": ""cpe:2.3:o:cisco:ios:12.2\\(52\\)sg:*:*:*:*:*:*:*"", ""vulnerable"": true}, {""vendor"": ""cisco"", ""product"": ""ios"", ""version"": ""12.2\\(52\\)xo"", ""criteria"": ""cpe:2.3:o:cisco:ios:12.2\\(52\\)xo:*:*:*:*:*:*:*"", ""vulnerable"": true}, {""vendor"": ""cisco"", ""product"": ""ios"", ""version"": ""12.2\\(53\\)ex"", ""criteria"": ""cpe:2.3:o:cisco:ios:12.2\\(53\\)ex:*:*:*:*:*:*:*"", ""vulnerable"": true}, {""vendor"": ""cisco"", ""product"": ""ios"", ""version"": ""12.2\\(53\\)ey"", ""criteria"": ""cpe:2.3:o:cisco:ios:12.2\\(53\\)ey:*:*:*:*:*:*:*"", ""vulnerable"": true}, {""vendor"": ""cisco"", ""product"": ""ios"", ""version"": ""12.2\\(53\\)ez"", ""criteria"": ""cpe:2.3:o:cisco:ios:12.2\\(53\\)ez:*:*:*:*:*:*:*"", ""vulnerable"": true}, {""vendor"": ""cisco"", ""product"": ""ios"", ""version"": ""12.2\\(53\\)se"", ""criteria"": ""cpe:2.3:o:cisco:ios:12.2\\(53\\)se:*:*:*:*:*:*:*"", ""vulnerable"": true}, {""vendor"": ""cisco"", ""product"": ""ios"", ""version"": ""12.2\\(53\\)se1"", ""criteria"": ""cpe:2.3:o:cisco:ios:12.2\\(53\\)se1:*:*:*:*:*:*:*"", ""vulnerable"": true}, {""vendor"": ""cisco"", ""product"": ""ios"", ""version"": ""12.2\\(53\\)se2"", ""criteria"": ""cpe:2.3:o:cisco:ios:12.2\\(53\\)se2:*:*:*:*:*:*:*"", ""vulnerable"": true}, {""vendor"": ""cisco"", ""product"": ""ios"", ""version"": ""12.2\\(53\\)sg"", ""criteria"": ""cpe:2.3:o:cisco:ios:12.2\\(53\\)sg:*:*:*:*:*:*:*"", ""vulnerable"": true}, {""vendor"": ""cisco"", ""product"": ""ios"", ""version"": ""12.2\\(53\\)sg1"", ""criteria"": ""cpe:2.3:o:cisco:ios:12.2\\(53\\)sg1:*:*:*:*:*:*:*"", ""vulnerable"": true}, {""vendor"": ""cisco"", ""product"": ""ios"", ""version"": ""12.2\\(53\\)sg2"", ""criteria"": ""cpe:2.3:o:cisco:ios:12.2\\(53\\)sg2:*:*:*:*:*:*:*"", ""vulnerable"": true}, {""vendor"": ""cisco"", ""product"": ""ios"", ""version"": ""12.2\\(53\\)sg3"", ""criteria"": ""cpe:2.3:o:cisco:ios:12.2\\(53\\)sg3:*:*:*:*:*:*:*"", ""vulnerable"": true}, {""vendor"": ""cisco"", ""product"": ""ios"", ""version"": ""12.2\\(53\\)sg4"", ""criteria"": ""cpe:2.3:o:cisco:ios:12.2\\(53\\)sg4:*:*:*:*:*:*:*"", ""vulnerable"": true}, {""vendor"": ""cisco"", ""product"": ""ios"", ""version"": ""12.2\\(53\\)sg5"", ""criteria"": ""cpe:2.3:o:cisco:ios:12.2\\(53\\)sg5:*:*:*:*:*:*:*"", ""vulnerable"": true}, {""vendor"": ""cisco"", ""product"": ""ios"", ""version"": ""12.2\\(53\\)sg6"", ""criteria"": ""cpe:2.3:o:cisco:ios:12.2\\(53\\)sg6:*:*:*:*:*:*:*"", ""vulnerable"": true}, {""vendor"": ""cisco"", ""product"": ""ios"", ""version"": ""12.2\\(53\\)sg7"", ""criteria"": ""cpe:2.3:o:cisco:ios:12.2\\(53\\)sg7:*:*:*:*:*:*:*"", ""vulnerable"": true}, {""vendor"": ""cisco"", ""product"": ""ios"", ""version"": ""12.2\\(53\\)sg8"", ""criteria"": ""cpe:2.3:o:cisco:ios:12.2\\(53\\)sg8:*:*:*:*:*:*:*"", ""vulnerable"": true}, {""vendor"": ""cisco"", ""product"": ""ios"", ""version"": ""12.2\\(53\\)sg9"", ""criteria"": ""cpe:2.3:o:cisco:ios:12.2\\(53\\)sg9:*:*:*:*:*:*:*"", ""vulnerable"": true}, {""vendor"": ""cisco"", ""product"": ""ios"", ""version"": ""12.2\\(53\\)sg10"", ""criteria"": ""cpe:2.3:o:cisco:ios:12.2\\(53\\)sg10:*:*:*:*:*:*:*"", ""vulnerable"": true}, {""vendor"": ""cisco"", ""product"": ""ios"", ""version"": ""12.2\\(53\\)sg11"", ""criteria"": ""cpe:2.3:o:cisco:ios:12.2\\(53\\)sg11:*:*:*:*:*:*:*"", ""vulnerable"": true}, {""vendor"": ""cisco"", ""product"": ""ios"", ""version"": ""12.2\\(54\\)se"", ""criteria"": ""cpe:2.3:o:cisco:ios:12.2\\(54\\)se:*:*:*:*:*:*:*"", ""vulnerable"": true}, {""vendor"": ""cisco"", ""product"": ""ios"", ""version"": ""12.2\\(54\\)sg"", ""criteria"": ""cpe:2.3:o:cisco:ios:12.2\\(54\\)sg:*:*:*:*:*:*:*"", ""vulnerable"": true}, {""vendor"": ""cisco"", ""product"": ""ios"", ""version"": ""12.2\\(54\\)sg1"", ""criteria"": ""cpe:2.3:o:cisco:ios:12.2\\(54\\)sg1:*:*:*:*:*:*:*"", ""vulnerable"": true}, {""vendor"": ""cisco"", ""product"": ""ios"", ""version"": ""12.2\\(54\\)wo"", ""criteria"": ""cpe:2.3:o:cisco:ios:12.2\\(54\\)wo:*:*:*:*:*:*:*"", ""vulnerable"": true}, {""vendor"": ""cisco"", ""product"": ""ios"", ""version"": ""12.2\\(54\\)xo"", ""criteria"": ""cpe:2.3:o:cisco:ios:12.2\\(54\\)xo:*:*:*:*:*:*:*"", ""vulnerable"": true}, {""vendor"": ""cisco"", ""product"": ""ios"", ""version"": ""12.2\\(55\\)ex"", ""criteria"": ""cpe:2.3:o:cisco:ios:12.2\\(55\\)ex:*:*:*:*:*:*:*"", ""vulnerable"": true}, {""vendor"": ""cisco"", ""product"": ""ios"", ""version"": ""12.2\\(55\\)ex1"", ""criteria"": ""cpe:2.3:o:cisco:ios:12.2\\(55\\)ex1:*:*:*:*:*:*:*"", ""vulnerable"": true}, {""vendor"": ""cisco"", ""product"": ""ios"", ""version"": ""12.2\\(55\\)ex2"", ""criteria"": ""cpe:2.3:o:cisco:ios:12.2\\(55\\)ex2:*:*:*:*:*:*:*"", ""vulnerable"": true}, {""vendor"": ""cisco"", ""product"": ""ios"", ""version"": ""12.2\\(55\\)ex3"", ""criteria"": ""cpe:2.3:o:cisco:ios:12.2\\(55\\)ex3:*:*:*:*:*:*:*"", ""vulnerable"": true}, {""vendor"": ""cisco"", ""product"": ""ios"", ""version"": ""12.2\\(55\\)ey"", ""criteria"": ""cpe:2.3:o:cisco:ios:12.2\\(55\\)ey:*:*:*:*:*:*:*"", ""vulnerable"": true}, {""vendor"": ""cisco"", ""product"": ""ios"", ""version"": ""12.2\\(55\\)ez"", ""criteria"": ""cpe:2.3:o:cisco:ios:12.2\\(55\\)ez:*:*:*:*:*:*:*"", ""vulnerable"": true}, {""vendor"": ""cisco"", ""product"": ""ios"", ""version"": ""12.2\\(55\\)se"", ""criteria"": ""cpe:2.3:o:cisco:ios:12.2\\(55\\)se:*:*:*:*:*:*:*"", ""vulnerable"": true}, {""vendor"": ""cisco"", ""product"": ""ios"", ""version"": ""12.2\\(55\\)se1"", ""criteria"": ""cpe:2.3:o:cisco:ios:12.2\\(55\\)se1:*:*:*:*:*:*:*"", ""vulnerable"": true}, {""vendor"": ""cisco"", ""product"": ""ios"", ""version"": ""12.2\\(55\\)se2"", ""criteria"": ""cpe:2.3:o:cisco:ios:12.2\\(55\\)se2:*:*:*:*:*:*:*"", ""vulnerable"": true}, {""vendor"": ""cisco"", ""product"": ""ios"", ""version"": ""12.2\\(55\\)se3"", ""criteria"": ""cpe:2.3:o:cisco:ios:12.2\\(55\\)se3:*:*:*:*:*:*:*"", ""vulnerable"": true}, {""vendor"": ""cisco"", ""product"": ""ios"", ""version"": ""12.2\\(55\\)se4"", ""criteria"": ""cpe:2.3:o:cisco:ios:12.2\\(55\\)se4:*:*:*:*:*:*:*"", ""vulnerable"": true}, {""vendor"": ""cisco"", ""product"": ""ios"", ""version"": ""12.2\\(55\\)se5"", ""criteria"": ""cpe:2.3:o:cisco:ios:12.2\\(55\\)se5:*:*:*:*:*:*:*"", ""vulnerable"": true}, {""vendor"": ""cisco"", ""product"": ""ios"", ""version"": ""12.2\\(55\\)se6"", ""criteria"": ""cpe:2.3:o:cisco:ios:12.2\\(55\\)se6:*:*:*:*:*:*:*"", ""vulnerable"": true}, {""vendor"": ""cisco"", ""product"": ""ios"", ""version"": ""12.2\\(55\\)se7"", ""criteria"": ""cpe:2.3:o:cisco:ios:12.2\\(55\\)se7:*:*:*:*:*:*:*"", ""vulnerable"": true}, {""vendor"": ""cisco"", ""product"": ""ios"", ""version"": ""12.2\\(55\\)se8"", ""criteria"": ""cpe:2.3:o:cisco:ios:12.2\\(55\\)se8:*:*:*:*:*:*:*"", ""vulnerable"": true}, {""vendor"": ""cisco"", ""product"": ""ios"", ""version"": ""12.2\\(55\\)se9"", ""criteria"": ""cpe:2.3:o:cisco:ios:12.2\\(55\\)se9:*:*:*:*:*:*:*"", ""vulnerable"": true}, {""vendor"": ""cisco"", ""product"": ""ios"", ""version"": ""12.2\\(55\\)se10"", ""criteria"": ""cpe:2.3:o:cisco:ios:12.2\\(55\\)se10:*:*:*:*:*:*:*"", ""vulnerable"": true}, {""vendor"": ""cisco"", ""product"": ""ios"", ""version"": ""12.2\\(55\\)se11"", ""criteria"": ""cpe:2.3:o:cisco:ios:12.2\\(55\\)se11:*:*:*:*:*:*:*"", ""vulnerable"": true}, {""vendor"": ""cisco"", ""product"": ""ios"", ""version"": ""12.2\\(58\\)ex"", ""criteria"": ""cpe:2.3:o:cisco:ios:12.2\\(58\\)ex:*:*:*:*:*:*:*"", ""vulnerable"": true}, {""vendor"": ""cisco"", ""product"": ""ios"", ""version"": ""12.2\\(58\\)ey"", ""criteria"": ""cpe:2.3:o:cisco:ios:12.2\\(58\\)ey:*:*:*:*:*:*:*"", ""vulnerable"": true}, {""vendor"": ""cisco"", ""product"": ""ios"", ""version"": ""12.2\\(58\\)ey1"", ""criteria"": ""cpe:2.3:o:cisco:ios:12.2\\(58\\)ey1:*:*:*:*:*:*:*"", ""vulnerable"": true}, {""vendor"": ""cisco"", ""product"": ""ios"", ""version"": ""12.2\\(58\\)ey2"", ""criteria"": ""cpe:2.3:o:cisco:ios:12.2\\(58\\)ey2:*:*:*:*:*:*:*"", ""vulnerable"": true}, {""vendor"": ""cisco"", ""product"": ""ios"", ""version"": ""12.2\\(58\\)ez"", ""criteria"": ""cpe:2.3:o:cisco:ios:12.2\\(58\\)ez:*:*:*:*:*:*:*"", ""vulnerable"": true}, {""vendor"": ""cisco"", ""product"": ""ios"", ""version"": ""12.2\\(58\\)se"", ""criteria"": ""cpe:2.3:o:cisco:ios:12.2\\(58\\)se:*:*:*:*:*:*:*"", ""vulnerable"": true}, {""vendor"": ""cisco"", ""product"": ""ios"", ""version"": ""12.2\\(58\\)se1"", ""criteria"": ""cpe:2.3:o:cisco:ios:12.2\\(58\\)se1:*:*:*:*:*:*:*"", ""vulnerable"": true}, {""vendor"": ""cisco"", ""product"": ""ios"", ""version"": ""12.2\\(58\\)se2"", ""criteria"": ""cpe:2.3:o:cisco:ios:12.2\\(58\\)se2:*:*:*:*:*:*:*"", ""vulnerable"": true}, {""vendor"": ""cisco"", ""product"": ""ios"", ""version"": ""12.2\\(60\\)ez"", ""criteria"": ""cpe:2.3:o:cisco:ios:12.2\\(60\\)ez:*:*:*:*:*:*:*"", ""vulnerable"": true}, {""vendor"": ""cisco"", ""product"": ""ios"", ""version"": ""12.2\\(60\\)ez1"", ""criteria"": ""cpe:2.3:o:cisco:ios:12.2\\(60\\)ez1:*:*:*:*:*:*:*"", ""vulnerable"": true}, {""vendor"": ""cisco"", ""product"": ""ios"", ""version"": ""12.2\\(60\\)ez2"", ""criteria"": ""cpe:2.3:o:cisco:ios:12.2\\(60\\)ez2:*:*:*:*:*:*:*"", ""vulnerable"": true}, {""vendor"": ""cisco"", ""product"": ""ios"", ""version"": ""12.2\\(60\\)ez3"", ""criteria"": ""cpe:2.3:o:cisco:ios:12.2\\(60\\)ez3:*:*:*:*:*:*:*"", ""vulnerable"": true}, {""vendor"": ""cisco"", ""product"": ""ios"", ""version"": ""12.2\\(60\\)ez4"", ""criteria"": ""cpe:2.3:o:cisco:ios:12.2\\(60\\)ez4:*:*:*:*:*:*:*"", ""vulnerable"": true}, {""vendor"": ""cisco"", ""product"": ""ios"", ""version"": ""12.2\\(60\\)ez5"", ""criteria"": ""cpe:2.3:o:cisco:ios:12.2\\(60\\)ez5:*:*:*:*:*:*:*"", ""vulnerable"": true}, {""vendor"": ""cisco"", ""product"": ""ios"", ""version"": ""12.2\\(60\\)ez6"", ""criteria"": ""cpe:2.3:o:cisco:ios:12.2\\(60\\)ez6:*:*:*:*:*:*:*"", ""vulnerable"": true}, {""vendor"": ""cisco"", ""product"": ""ios"", ""version"": ""12.2\\(60\\)ez7"", ""criteria"": ""cpe:2.3:o:cisco:ios:12.2\\(60\\)ez7:*:*:*:*:*:*:*"", ""vulnerable"": true}, {""vendor"": ""cisco"", ""product"": ""ios"", ""version"": ""12.2\\(60\\)ez8"", ""criteria"": ""cpe:2.3:o:cisco:ios:12.2\\(60\\)ez8:*:*:*:*:*:*:*"", ""vulnerable"": true}, {""vendor"": ""cisco"", ""product"": ""ios"", ""version"": ""12.2\\(60\\)ez9"", ""criteria"": ""cpe:2.3:o:cisco:ios:12.2\\(60\\)ez9:*:*:*:*:*:*:*"", ""vulnerable"": true}, {""vendor"": ""cisco"", ""product"": ""ios"", ""version"": ""12.2\\(60\\)ez10"", ""criteria"": ""cpe:2.3:o:cisco:ios:12.2\\(60\\)ez10:*:*:*:*:*:*:*"", ""vulnerable"": true}, {""vendor"": ""cisco"", ""product"": ""ios"", ""version"": ""12.2\\(60\\)ez11"", ""criteria"": ""cpe:2.3:o:cisco:ios:12.2\\(60\\)ez11:*:*:*:*:*:*:*"", ""vulnerable"": true}, {""vendor"": ""cisco"", ""product"": ""ios"", ""version"": ""15.0\\(1\\)ex"", ""criteria"": ""cpe:2.3:o:cisco:ios:15.0\\(1\\)ex:*:*:*:*:*:*:*"", ""vulnerable"": true}, {""vendor"": ""cisco"", ""product"": ""ios"", ""version"": ""15.0\\(1\\)ey"", ""criteria"": ""cpe:2.3:o:cisco:ios:15.0\\(1\\)ey:*:*:*:*:*:*:*"", ""vulnerable"": true}, {""vendor"": ""cisco"", ""product"": ""ios"", ""version"": ""15.0\\(1\\)ey1"", ""criteria"": ""cpe:2.3:o:cisco:ios:15.0\\(1\\)ey1:*:*:*:*:*:*:*"", ""vulnerable"": true}, {""vendor"": ""cisco"", ""product"": ""ios"", ""version"": ""15.0\\(1\\)ey2"", ""criteria"": ""cpe:2.3:o:cisco:ios:15.0\\(1\\)ey2:*:*:*:*:*:*:*"", ""vulnerable"": true}, {""vendor"": ""cisco"", ""product"": ""ios"", ""version"": ""15.0\\(1\\)se"", ""criteria"": ""cpe:2.3:o:cisco:ios:15.0\\(1\\)se:*:*:*:*:*:*:*"", ""vulnerable"": true}, {""vendor"": ""cisco"", ""product"": ""ios"", ""version"": ""15.0\\(1\\)se1"", ""criteria"": ""cpe:2.3:o:cisco:ios:15.0\\(1\\)se1:*:*:*:*:*:*:*"", ""vulnerable"": true}, {""vendor"": ""cisco"", ""product"": ""ios"", ""version"": ""15.0\\(1\\)se2"", ""criteria"": ""cpe:2.3:o:cisco:ios:15.0\\(1\\)se2:*:*:*:*:*:*:*"", ""vulnerable"": true}, {""vendor"": ""cisco"", ""product"": ""ios"", ""version"": ""15.0\\(1\\)se3"", ""criteria"": ""cpe:2.3:o:cisco:ios:15.0\\(1\\)se3:*:*:*:*:*:*:*"", ""vulnerable"": true}, {""vendor"": ""cisco"", ""product"": ""ios"", ""version"": ""15.0\\(1\\)xo"", ""criteria"": ""cpe:2.3:o:cisco:ios:15.0\\(1\\)xo:*:*:*:*:*:*:*"", ""vulnerable"": true}, {""vendor"": ""cisco"", ""product"": ""ios"", ""version"": ""15.0\\(1\\)xo1"", ""criteria"": ""cpe:2.3:o:cisco:ios:15.0\\(1\\)xo1:*:*:*:*:*:*:*"", ""vulnerable"": true}, {""vendor"": ""cisco"", ""product"": ""ios"", ""version"": ""15.0\\(2\\)ea1"", ""criteria"": ""cpe:2.3:o:cisco:ios:15.0\\(2\\)ea1:*:*:*:*:*:*:*"", ""vulnerable"": true}, {""vendor"": ""cisco"", ""product"": ""ios"", ""version"": ""15.0\\(2\\)eb"", ""criteria"": ""cpe:2.3:o:cisco:ios:15.0\\(2\\)eb:*:*:*:*:*:*:*"", ""vulnerable"": true}, {""vendor"": ""cisco"", ""product"": ""ios"", ""version"": ""15.0\\(2\\)ec"", ""criteria"": ""cpe:2.3:o:cisco:ios:15.0\\(2\\)ec:*:*:*:*:*:*:*"", ""vulnerable"": true}, {""vendor"": ""cisco"", ""product"": ""ios"", ""version"": ""15.0\\(2\\)ed"", ""criteria"": ""cpe:2.3:o:cisco:ios:15.0\\(2\\)ed:*:*:*:*:*:*:*"", ""vulnerable"": true}, {""vendor"": ""cisco"", ""product"": ""ios"", ""version"": ""15.0\\(2\\)ed1"", ""criteria"": ""cpe:2.3:o:cisco:ios:15.0\\(2\\)ed1:*:*:*:*:*:*:*"", ""vulnerable"": true}, {""vendor"": ""cisco"", ""product"": ""ios"", ""version"": ""15.0\\(2\\)eh"", ""criteria"": ""cpe:2.3:o:cisco:ios:15.0\\(2\\)eh:*:*:*:*:*:*:*"", ""vulnerable"": true}, {""vendor"": ""cisco"", ""product"": ""ios"", ""version"": ""15.0\\(2\\)ej"", ""criteria"": ""cpe:2.3:o:cisco:ios:15.0\\(2\\)ej:*:*:*:*:*:*:*"", ""vulnerable"": true}, {""vendor"": ""cisco"", ""product"": ""ios"", ""version"": ""15.0\\(2\\)ej1"", ""criteria"": ""cpe:2.3:o:cisco:ios:15.0\\(2\\)ej1:*:*:*:*:*:*:*"", ""vulnerable"": true}, {""vendor"": ""cisco"", ""product"": ""ios"", ""version"": ""15.0\\(2\\)ek"", ""criteria"": ""cpe:2.3:o:cisco:ios:15.0\\(2\\)ek:*:*:*:*:*:*:*"", ""vulnerable"": true}, {""vendor"": ""cisco"", ""product"": ""ios"", ""version"": ""15.0\\(2\\)ek1"", ""criteria"": ""cpe:2.3:o:cisco:ios:15.0\\(2\\)ek1:*:*:*:*:*:*:*"", ""vulnerable"": true}, {""vendor"": ""cisco"", ""product"": ""ios"", ""version"": ""15.0\\(2\\)ex"", ""criteria"": ""cpe:2.3:o:cisco:ios:15.0\\(2\\)ex:*:*:*:*:*:*:*"", ""vulnerable"": true}, {""vendor"": ""cisco"", ""product"": ""ios"", ""version"": ""15.0\\(2\\)ex1"", ""criteria"": ""cpe:2.3:o:cisco:ios:15.0\\(2\\)ex1:*:*:*:*:*:*:*"", ""vulnerable"": true}, {""vendor"": ""cisco"", ""product"": ""ios"", ""version"": ""15.0\\(2\\)ex2"", ""criteria"": ""cpe:2.3:o:cisco:ios:15.0\\(2\\)ex2:*:*:*:*:*:*:*"", ""vulnerable"": true}, {""vendor"": ""cisco"", ""product"": ""ios"", ""version"": ""15.0\\(2\\)ex3"", ""criteria"": ""cpe:2.3:o:cisco:ios:15.0\\(2\\)ex3:*:*:*:*:*:*:*"", ""vulnerable"": true}, {""vendor"": ""cisco"", ""product"": ""ios"", ""version"": ""15.0\\(2\\)ex4"", ""criteria"": ""cpe:2.3:o:cisco:ios:15.0\\(2\\)ex4:*:*:*:*:*:*:*"", ""vulnerable"": true}, {""vendor"": ""cisco"", ""product"": ""ios"", ""version"": ""15.0\\(2\\)ex5"", ""criteria"": ""cpe:2.3:o:cisco:ios:15.0\\(2\\)ex5:*:*:*:*:*:*:*"", ""vulnerable"": true}, {""vendor"": ""cisco"", ""product"": ""ios"", ""version"": ""15.0\\(2\\)ex8"", ""criteria"": ""cpe:2.3:o:cisco:ios:15.0\\(2\\)ex8:*:*:*:*:*:*:*"", ""vulnerable"": true}, {""vendor"": ""cisco"", ""product"": ""ios"", ""version"": ""15.0\\(2\\)ex10"", ""criteria"": ""cpe:2.3:o:cisco:ios:15.0\\(2\\)ex10:*:*:*:*:*:*:*"", ""vulnerable"": true}, {""vendor"": ""cisco"", ""product"": ""ios"", ""version"": ""15.0\\(2\\)ey"", ""criteria"": ""cpe:2.3:o:cisco:ios:15.0\\(2\\)ey:*:*:*:*:*:*:*"", ""vulnerable"": true}, {""vendor"": ""cisco"", ""product"": ""ios"", ""version"": ""15.0\\(2\\)ey1"", ""criteria"": ""cpe:2.3:o:cisco:ios:15.0\\(2\\)ey1:*:*:*:*:*:*:*"", ""vulnerable"": true}, {""vendor"": ""cisco"", ""product"": ""ios"", ""version"": ""15.0\\(2\\)ey2"", ""criteria"": ""cpe:2.3:o:cisco:ios:15.0\\(2\\)ey2:*:*:*:*:*:*:*"", ""vulnerable"": true}, {""vendor"": ""cisco"", ""product"": ""ios"", ""version"": ""15.0\\(2\\)ey3"", ""criteria"": ""cpe:2.3:o:cisco:ios:15.0\\(2\\)ey3:*:*:*:*:*:*:*"", ""vulnerable"": true}, {""vendor"": ""cisco"", ""product"": ""ios"", ""version"": ""15.0\\(2\\)ez"", ""criteria"": ""cpe:2.3:o:cisco:ios:15.0\\(2\\)ez:*:*:*:*:*:*:*"", ""vulnerable"": true}, {""vendor"": ""cisco"", ""product"": ""ios"", ""version"": ""15.0\\(2\\)se"", ""criteria"": ""cpe:2.3:o:cisco:ios:15.0\\(2\\)se:*:*:*:*:*:*:*"", ""vulnerable"": true}, {""vendor"": ""cisco"", ""product"": ""ios"", ""version"": ""15.0\\(2\\)se1"", ""criteria"": ""cpe:2.3:o:cisco:ios:15.0\\(2\\)se1:*:*:*:*:*:*:*"", ""vulnerable"": true}, {""vendor"": ""cisco"", ""product"": ""ios"", ""version"": ""15.0\\(2\\)se2"", ""criteria"": ""cpe:2.3:o:cisco:ios:15.0\\(2\\)se2:*:*:*:*:*:*:*"", ""vulnerable"": true}, {""vendor"": ""cisco"", ""product"": ""ios"", ""version"": ""15.0\\(2\\)se3"", ""criteria"": ""cpe:2.3:o:cisco:ios:15.0\\(2\\)se3:*:*:*:*:*:*:*"", ""vulnerable"": true}, {""vendor"": ""cisco"", ""product"": ""ios"", ""version"": ""15.0\\(2\\)se4"", ""criteria"": ""cpe:2.3:o:cisco:ios:15.0\\(2\\)se4:*:*:*:*:*:*:*"", ""vulnerable"": true}, {""vendor"": ""cisco"", ""product"": ""ios"", ""version"": ""15.0\\(2\\)se5"", ""criteria"": ""cpe:2.3:o:cisco:ios:15.0\\(2\\)se5:*:*:*:*:*:*:*"", ""vulnerable"": true}, {""vendor"": ""cisco"", ""product"": ""ios"", ""version"": ""15.0\\(2\\)se6"", ""criteria"": ""cpe:2.3:o:cisco:ios:15.0\\(2\\)se6:*:*:*:*:*:*:*"", ""vulnerable"": true}, {""vendor"": ""cisco"", ""product"": ""ios"", ""version"": ""15.0\\(2\\)se7"", ""criteria"": ""cpe:2.3:o:cisco:ios:15.0\\(2\\)se7:*:*:*:*:*:*:*"", ""vulnerable"": true}, {""vendor"": ""cisco"", ""product"": ""ios"", ""version"": ""15.0\\(2\\)se9"", ""criteria"": ""cpe:2.3:o:cisco:ios:15.0\\(2\\)se9:*:*:*:*:*:*:*"", ""vulnerable"": true}, {""vendor"": ""cisco"", ""product"": ""ios"", ""version"": ""15.0\\(2\\)se10"", ""criteria"": ""cpe:2.3:o:cisco:ios:15.0\\(2\\)se10:*:*:*:*:*:*:*"", ""vulnerable"": true}, {""vendor"": ""cisco"", ""product"": ""ios"", ""version"": ""15.0\\(2\\)se10a"", ""criteria"": ""cpe:2.3:o:cisco:ios:15.0\\(2\\)se10a:*:*:*:*:*:*:*"", ""vulnerable"": true}, {""vendor"": ""cisco"", ""product"": ""ios"", ""version"": ""15.0\\(2\\)sg"", ""criteria"": ""cpe:2.3:o:cisco:ios:15.0\\(2\\)sg:*:*:*:*:*:*:*"", ""vulnerable"": true}, {""vendor"": ""cisco"", ""product"": ""ios"", ""version"": ""15.0\\(2\\)sg1"", ""criteria"": ""cpe:2.3:o:cisco:ios:15.0\\(2\\)sg1:*:*:*:*:*:*:*"", ""vulnerable"": true}, {""vendor"": ""cisco"", ""product"": ""ios"", ""version"": ""15.0\\(2\\)sg2"", ""criteria"": ""cpe:2.3:o:cisco:ios:15.0\\(2\\)sg2:*:*:*:*:*:*:*"", ""vulnerable"": true}, {""vendor"": ""cisco"", ""product"": ""ios"", ""version"": ""15.0\\(2\\)sg3"", ""criteria"": ""cpe:2.3:o:cisco:ios:15.0\\(2\\)sg3:*:*:*:*:*:*:*"", ""vulnerable"": true}, {""vendor"": ""cisco"", ""product"": ""ios"", ""version"": ""15.0\\(2\\)sg4"", ""criteria"": ""cpe:2.3:o:cisco:ios:15.0\\(2\\)sg4:*:*:*:*:*:*:*"", ""vulnerable"": true}, {""vendor"": ""cisco"", ""product"": ""ios"", ""version"": ""15.0\\(2\\)sg5"", ""criteria"": ""cpe:2.3:o:cisco:ios:15.0\\(2\\)sg5:*:*:*:*:*:*:*"", ""vulnerable"": true}, {""vendor"": ""cisco"", ""product"": ""ios"", ""version"": ""15.0\\(2\\)sg6"", ""criteria"": ""cpe:2.3:o:cisco:ios:15.0\\(2\\)sg6:*:*:*:*:*:*:*"", ""vulnerable"": true}, {""vendor"": ""cisco"", ""product"": ""ios"", ""version"": ""15.0\\(2\\)sg7"", ""criteria"": ""cpe:2.3:o:cisco:ios:15.0\\(2\\)sg7:*:*:*:*:*:*:*"", ""vulnerable"": true}, {""vendor"": ""cisco"", ""product"": ""ios"", ""version"": ""15.0\\(2\\)sg8"", ""criteria"": ""cpe:2.3:o:cisco:ios:15.0\\(2\\)sg8:*:*:*:*:*:*:*"", ""vulnerable"": true}, {""vendor"": ""cisco"", ""product"": ""ios"", ""version"": ""15.0\\(2\\)sg9"", ""criteria"": ""cpe:2.3:o:cisco:ios:15.0\\(2\\)sg9:*:*:*:*:*:*:*"", ""vulnerable"": true}, {""vendor"": ""cisco"", ""product"": ""ios"", ""version"": ""15.0\\(2\\)sg10"", ""criteria"": ""cpe:2.3:o:cisco:ios:15.0\\(2\\)sg10:*:*:*:*:*:*:*"", ""vulnerable"": true}, {""vendor"": ""cisco"", ""product"": ""ios"", ""version"": ""15.0\\(2\\)sg11"", ""criteria"": ""cpe:2.3:o:cisco:ios:15.0\\(2\\)sg11:*:*:*:*:*:*:*"", ""vulnerable"": true}, {""vendor"": ""cisco"", ""product"": ""ios"", ""version"": ""15.0\\(2\\)sqd"", ""criteria"": ""cpe:2.3:o:cisco:ios:15.0\\(2\\)sqd:*:*:*:*:*:*:*"", ""vulnerable"": true}, {""vendor"": ""cisco"", ""product"": ""ios"", ""version"": ""15.0\\(2\\)sqd1"", ""criteria"": ""cpe:2.3:o:cisco:ios:15.0\\(2\\)sqd1:*:*:*:*:*:*:*"", ""vulnerable"": true}, {""vendor"": ""cisco"", ""product"": ""ios"", ""version"": ""15.0\\(2\\)sqd2"", ""criteria"": ""cpe:2.3:o:cisco:ios:15.0\\(2\\)sqd2:*:*:*:*:*:*:*"", ""vulnerable"": true}, {""vendor"": ""cisco"", ""product"": ""ios"", ""version"": ""15.0\\(2\\)sqd3"", ""criteria"": ""cpe:2.3:o:cisco:ios:15.0\\(2\\)sqd3:*:*:*:*:*:*:*"", ""vulnerable"": true}, {""vendor"": ""cisco"", ""product"": ""ios"", ""version"": ""15.0\\(2\\)sqd5"", ""criteria"": ""cpe:2.3:o:cisco:ios:15.0\\(2\\)sqd5:*:*:*:*:*:*:*"", ""vulnerable"": true}, {""vendor"": ""cisco"", ""product"": ""ios"", ""version"": ""15.0\\(2\\)sqd6"", ""criteria"": ""cpe:2.3:o:cisco:ios:15.0\\(2\\)sqd6:*:*:*:*:*:*:*"", ""vulnerable"": true}, {""vendor"": ""cisco"", ""product"": ""ios"", ""version"": ""15.0\\(2\\)xo"", ""criteria"": ""cpe:2.3:o:cisco:ios:15.0\\(2\\)xo:*:*:*:*:*:*:*"", ""vulnerable"": true}, {""vendor"": ""cisco"", ""product"": ""ios"", ""version"": ""15.0\\(2a\\)ex5"", ""criteria"": ""cpe:2.3:o:cisco:ios:15.0\\(2a\\)ex5:*:*:*:*:*:*:*"", ""vulnerable"": true}, {""vendor"": ""cisco"", ""product"": ""ios"", ""version"": ""15.0\\(2a\\)se9"", ""criteria"": ""cpe:2.3:o:cisco:ios:15.0\\(2a\\)se9:*:*:*:*:*:*:*"", ""vulnerable"": true}, {""vendor"": ""cisco"", ""product"": ""ios"", ""version"": ""15.1\\(1\\)sg"", ""criteria"": ""cpe:2.3:o:cisco:ios:15.1\\(1\\)sg:*:*:*:*:*:*:*"", ""vulnerable"": true}, {""vendor"": ""cisco"", ""product"": ""ios"", ""version"": ""15.1\\(1\\)sg1"", ""criteria"": ""cpe:2.3:o:cisco:ios:15.1\\(1\\)sg1:*:*:*:*:*:*:*"", ""vulnerable"": true}, {""vendor"": ""cisco"", ""product"": ""ios"", ""version"": ""15.1\\(1\\)sg2"", ""criteria"": ""cpe:2.3:o:cisco:ios:15.1\\(1\\)sg2:*:*:*:*:*:*:*"", ""vulnerable"": true}, {""vendor"": ""cisco"", ""product"": ""ios"", ""version"": ""15.1\\(2\\)sg"", ""criteria"": ""cpe:2.3:o:cisco:ios:15.1\\(2\\)sg:*:*:*:*:*:*:*"", ""vulnerable"": true}, {""vendor"": ""cisco"", ""product"": ""ios"", ""version"": ""15.1\\(2\\)sg1"", ""criteria"": ""cpe:2.3:o:cisco:ios:15.1\\(2\\)sg1:*:*:*:*:*:*:*"", ""vulnerable"": true}, {""vendor"": ""cisco"", ""product"": ""ios"", ""version"": ""15.1\\(2\\)sg2"", ""criteria"": ""cpe:2.3:o:cisco:ios:15.1\\(2\\)sg2:*:*:*:*:*:*:*"", ""vulnerable"": true}, {""vendor"": ""cisco"", ""product"": ""ios"", ""version"": ""15.1\\(2\\)sg3"", ""criteria"": ""cpe:2.3:o:cisco:ios:15.1\\(2\\)sg3:*:*:*:*:*:*:*"", ""vulnerable"": true}, {""vendor"": ""cisco"", ""product"": ""ios"", ""version"": ""15.1\\(2\\)sg4"", ""criteria"": ""cpe:2.3:o:cisco:ios:15.1\\(2\\)sg4:*:*:*:*:*:*:*"", ""vulnerable"": true}, {""vendor"": ""cisco"", ""product"": ""ios"", ""version"": ""15.1\\(2\\)sg5"", ""criteria"": ""cpe:2.3:o:cisco:ios:15.1\\(2\\)sg5:*:*:*:*:*:*:*"", ""vulnerable"": true}, {""vendor"": ""cisco"", ""product"": ""ios"", ""version"": ""15.1\\(2\\)sg6"", ""criteria"": ""cpe:2.3:o:cisco:ios:15.1\\(2\\)sg6:*:*:*:*:*:*:*"", ""vulnerable"": true}, {""vendor"": ""cisco"", ""product"": ""ios"", ""version"": ""15.1\\(2\\)sg7"", ""criteria"": ""cpe:2.3:o:cisco:ios:15.1\\(2\\)sg7:*:*:*:*:*:*:*"", ""vulnerable"": true}, {""vendor"": ""cisco"", ""product"": ""ios"", ""version"": ""15.1\\(2\\)sg8"", ""criteria"": ""cpe:2.3:o:cisco:ios:15.1\\(2\\)sg8:*:*:*:*:*:*:*"", ""vulnerable"": true}, {""vendor"": ""cisco"", ""product"": ""ios"", ""version"": ""15.2\\(1\\)e"", ""criteria"": ""cpe:2.3:o:cisco:ios:15.2\\(1\\)e:*:*:*:*:*:*:*"", ""vulnerable"": true}, {""vendor"": ""cisco"", ""product"": ""ios"", ""version"": ""15.2\\(1\\)e1"", ""criteria"": ""cpe:2.3:o:cisco:ios:15.2\\(1\\)e1:*:*:*:*:*:*:*"", ""vulnerable"": true}, {""vendor"": ""cisco"", ""product"": ""ios"", ""version"": ""15.2\\(1\\)e2"", ""criteria"": ""cpe:2.3:o:cisco:ios:15.2\\(1\\)e2:*:*:*:*:*:*:*"", ""vulnerable"": true}, {""vendor"": ""cisco"", ""product"": ""ios"", ""version"": ""15.2\\(1\\)e3"", ""criteria"": ""cpe:2.3:o:cisco:ios:15.2\\(1\\)e3:*:*:*:*:*:*:*"", ""vulnerable"": true}, {""vendor"": ""cisco"", ""product"": ""ios"", ""version"": ""15.2\\(1\\)ey"", ""criteria"": ""cpe:2.3:o:cisco:ios:15.2\\(1\\)ey:*:*:*:*:*:*:*"", ""vulnerable"": true}, {""vendor"": ""cisco"", ""product"": ""ios"", ""version"": ""15.2\\(1\\)sy"", ""criteria"": ""cpe:2.3:o:cisco:ios:15.2\\(1\\)sy:*:*:*:*:*:*:*"", ""vulnerable"": true}, {""vendor"": ""cisco"", ""product"": ""ios"", ""version"": ""15.2\\(1\\)sy0a"", ""criteria"": ""cpe:2.3:o:cisco:ios:15.2\\(1\\)sy0a:*:*:*:*:*:*:*"", ""vulnerable"": true}, {""vendor"": ""cisco"", ""product"": ""ios"", ""version"": ""15.2\\(1\\)sy1"", ""criteria"": ""cpe:2.3:o:cisco:ios:15.2\\(1\\)sy1:*:*:*:*:*:*:*"", ""vulnerable"": true}, {""vendor"": ""cisco"", ""product"": ""ios"", ""version"": ""15.2\\(1\\)sy1a"", ""criteria"": ""cpe:2.3:o:cisco:ios:15.2\\(1\\)sy1a:*:*:*:*:*:*:*"", ""vulnerable"": true}, {""vendor"": ""cisco"", ""product"": ""ios"", ""version"": ""15.2\\(1\\)sy2"", ""criteria"": ""cpe:2.3:o:cisco:ios:15.2\\(1\\)sy2:*:*:*:*:*:*:*"", ""vulnerable"": true}, {""vendor"": ""cisco"", ""product"": ""ios"", ""version"": ""15.2\\(1\\)sy3"", ""criteria"": ""cpe:2.3:o:cisco:ios:15.2\\(1\\)sy3:*:*:*:*:*:*:*"", ""vulnerable"": true}, {""vendor"": ""cisco"", ""product"": ""ios"", ""version"": ""15.2\\(1\\)sy4"", ""criteria"": ""cpe:2.3:o:cisco:ios:15.2\\(1\\)sy4:*:*:*:*:*:*:*"", ""vulnerable"": true}, {""vendor"": ""cisco"", ""product"": ""ios"", ""version"": ""15.2\\(2\\)e"", ""criteria"": ""cpe:2.3:o:cisco:ios:15.2\\(2\\)e:*:*:*:*:*:*:*"", ""vulnerable"": true}, {""vendor"": ""cisco"", ""product"": ""ios"", ""version"": ""15.2\\(2\\)e1"", ""criteria"": ""cpe:2.3:o:cisco:ios:15.2\\(2\\)e1:*:*:*:*:*:*:*"", ""vulnerable"": true}, {""vendor"": ""cisco"", ""product"": ""ios"", ""version"": ""15.2\\(2\\)e2"", ""criteria"": ""cpe:2.3:o:cisco:ios:15.2\\(2\\)e2:*:*:*:*:*:*:*"", ""vulnerable"": true}, {""vendor"": ""cisco"", ""product"": ""ios"", ""version"": ""15.2\\(2\\)e3"", ""criteria"": ""cpe:2.3:o:cisco:ios:15.2\\(2\\)e3:*:*:*:*:*:*:*"", ""vulnerable"": true}, {""vendor"": ""cisco"", ""product"": ""ios"", ""version"": ""15.2\\(2\\)e4"", ""criteria"": ""cpe:2.3:o:cisco:ios:15.2\\(2\\)e4:*:*:*:*:*:*:*"", ""vulnerable"": true}, {""vendor"": ""cisco"", ""product"": ""ios"", ""version"": ""15.2\\(2\\)e5"", ""criteria"": ""cpe:2.3:o:cisco:ios:15.2\\(2\\)e5:*:*:*:*:*:*:*"", ""vulnerable"": true}, {""vendor"": ""cisco"", ""product"": ""ios"", ""version"": ""15.2\\(2\\)e5a"", ""criteria"": ""cpe:2.3:o:cisco:ios:15.2\\(2\\)e5a:*:*:*:*:*:*:*"", ""vulnerable"": true}, {""vendor"": ""cisco"", ""product"": ""ios"", ""version"": ""15.2\\(2\\)ea1"", ""criteria"": ""cpe:2.3:o:cisco:ios:15.2\\(2\\)ea1:*:*:*:*:*:*:*"", ""vulnerable"": true}, {""vendor"": ""cisco"", ""product"": ""ios"", ""version"": ""15.2\\(2\\)ea2"", ""criteria"": ""cpe:2.3:o:cisco:ios:15.2\\(2\\)ea2:*:*:*:*:*:*:*"", ""vulnerable"": true}, {""vendor"": ""cisco"", ""product"": ""ios"", ""version"": ""15.2\\(2\\)ea3"", ""criteria"": ""cpe:2.3:o:cisco:ios:15.2\\(2\\)ea3:*:*:*:*:*:*:*"", ""vulnerable"": true}, {""vendor"": ""cisco"", ""product"": ""ios"", ""version"": ""15.2\\(2\\)eb"", ""criteria"": ""cpe:2.3:o:cisco:ios:15.2\\(2\\)eb:*:*:*:*:*:*:*"", ""vulnerable"": true}, {""vendor"": ""cisco"", ""product"": ""ios"", ""version"": ""15.2\\(2\\)eb1"", ""criteria"": ""cpe:2.3:o:cisco:ios:15.2\\(2\\)eb1:*:*:*:*:*:*:*"", ""vulnerable"": true}, {""vendor"": ""cisco"", ""product"": ""ios"", ""version"": ""15.2\\(2\\)eb2"", ""criteria"": ""cpe:2.3:o:cisco:ios:15.2\\(2\\)eb2:*:*:*:*:*:*:*"", ""vulnerable"": true}, {""vendor"": ""cisco"", ""product"": ""ios"", ""version"": ""15.2\\(2\\)gc"", ""criteria"": ""cpe:2.3:o:cisco:ios:15.2\\(2\\)gc:*:*:*:*:*:*:*"", ""vulnerable"": true}, {""vendor"": ""cisco"", ""product"": ""ios"", ""version"": ""15.2\\(2\\)sy"", ""criteria"": ""cpe:2.3:o:cisco:ios:15.2\\(2\\)sy:*:*:*:*:*:*:*"", ""vulnerable"": true}, {""vendor"": ""cisco"", ""product"": ""ios"", ""version"": ""15.2\\(2\\)sy1"", ""criteria"": ""cpe:2.3:o:cisco:ios:15.2\\(2\\)sy1:*:*:*:*:*:*:*"", ""vulnerable"": true}, {""vendor"": ""cisco"", ""product"": ""ios"", ""version"": ""15.2\\(2\\)sy2"", ""criteria"": ""cpe:2.3:o:cisco:ios:15.2\\(2\\)sy2:*:*:*:*:*:*:*"", ""vulnerable"": true}, {""vendor"": ""cisco"", ""product"": ""ios"", ""version"": ""15.2\\(2\\)t"", ""criteria"": ""cpe:2.3:o:cisco:ios:15.2\\(2\\)t:*:*:*:*:*:*:*"", ""vulnerable"": true}, {""vendor"": ""cisco"", ""product"": ""ios"", ""version"": ""15.2\\(2\\)t1"", ""criteria"": ""cpe:2.3:o:cisco:ios:15.2\\(2\\)t1:*:*:*:*:*:*:*"", ""vulnerable"": true}, {""vendor"": ""cisco"", ""product"": ""ios"", ""version"": ""15.2\\(2\\)t2"", ""criteria"": ""cpe:2.3:o:cisco:ios:15.2\\(2\\)t2:*:*:*:*:*:*:*"", ""vulnerable"": true}, {""vendor"": ""cisco"", ""product"": ""ios"", ""version"": ""15.2\\(2\\)t3"", ""criteria"": ""cpe:2.3:o:cisco:ios:15.2\\(2\\)t3:*:*:*:*:*:*:*"", ""vulnerable"": true}, {""vendor"": ""cisco"", ""product"": ""ios"", ""version"": ""15.2\\(2\\)t4"", ""criteria"": ""cpe:2.3:o:cisco:ios:15.2\\(2\\)t4:*:*:*:*:*:*:*"", ""vulnerable"": true}, {""vendor"": ""cisco"", ""product"": ""ios"", ""version"": ""15.2\\(2a\\)e1"", ""criteria"": ""cpe:2.3:o:cisco:ios:15.2\\(2a\\)e1:*:*:*:*:*:*:*"", ""vulnerable"": true}, {""vendor"": ""cisco"", ""product"": ""ios"", ""version"": ""15.2\\(3\\)e"", ""criteria"": ""cpe:2.3:o:cisco:ios:15.2\\(3\\)e:*:*:*:*:*:*:*"", ""vulnerable"": true}, {""vendor"": ""cisco"", ""product"": ""ios"", ""version"": ""15.2\\(3\\)e1"", ""criteria"": ""cpe:2.3:o:cisco:ios:15.2\\(3\\)e1:*:*:*:*:*:*:*"", ""vulnerable"": true}, {""vendor"": ""cisco"", ""product"": ""ios"", ""version"": ""15.2\\(3\\)e2"", ""criteria"": ""cpe:2.3:o:cisco:ios:15.2\\(3\\)e2:*:*:*:*:*:*:*"", ""vulnerable"": true}, {""vendor"": ""cisco"", ""product"": ""ios"", ""version"": ""15.2\\(3\\)e3"", ""criteria"": ""cpe:2.3:o:cisco:ios:15.2\\(3\\)e3:*:*:*:*:*:*:*"", ""vulnerable"": true}, {""vendor"": ""cisco"", ""product"": ""ios"", ""version"": ""15.2\\(3\\)ea"", ""criteria"": ""cpe:2.3:o:cisco:ios:15.2\\(3\\)ea:*:*:*:*:*:*:*"", ""vulnerable"": true}, {""vendor"": ""cisco"", ""product"": ""ios"", ""version"": ""15.2\\(3\\)gc"", ""criteria"": ""cpe:2.3:o:cisco:ios:15.2\\(3\\)gc:*:*:*:*:*:*:*"", ""vulnerable"": true}, {""vendor"": ""cisco"", ""product"": ""ios"", ""version"": ""15.2\\(3\\)gc1"", ""criteria"": ""cpe:2.3:o:cisco:ios:15.2\\(3\\)gc1:*:*:*:*:*:*:*"", ""vulnerable"": true}, {""vendor"": ""cisco"", ""product"": ""ios"", ""version"": ""15.2\\(3\\)t"", ""criteria"": ""cpe:2.3:o:cisco:ios:15.2\\(3\\)t:*:*:*:*:*:*:*"", ""vulnerable"": true}, {""vendor"": ""cisco"", ""product"": ""ios"", ""version"": ""15.2\\(3\\)t1"", ""criteria"": ""cpe:2.3:o:cisco:ios:15.2\\(3\\)t1:*:*:*:*:*:*:*"", ""vulnerable"": true}, {""vendor"": ""cisco"", ""product"": ""ios"", ""version"": ""15.2\\(3\\)t2"", ""criteria"": ""cpe:2.3:o:cisco:ios:15.2\\(3\\)t2:*:*:*:*:*:*:*"", ""vulnerable"": true}, {""vendor"": ""cisco"", ""product"": ""ios"", ""version"": ""15.2\\(3\\)t3"", ""criteria"": ""cpe:2.3:o:cisco:ios:15.2\\(3\\)t3:*:*:*:*:*:*:*"", ""vulnerable"": true}, {""vendor"": ""cisco"", ""product"": ""ios"", ""version"": ""15.2\\(3\\)t4"", ""criteria"": ""cpe:2.3:o:cisco:ios:15.2\\(3\\)t4:*:*:*:*:*:*:*"", ""vulnerable"": true}, {""vendor"": ""cisco"", ""product"": ""ios"", ""version"": ""15.2\\(3a\\)e"", ""criteria"": ""cpe:2.3:o:cisco:ios:15.2\\(3a\\)e:*:*:*:*:*:*:*"", ""vulnerable"": true}, {""vendor"": ""cisco"", ""product"": ""ios"", ""version"": ""15.2\\(3m\\)e2"", ""criteria"": ""cpe:2.3:o:cisco:ios:15.2\\(3m\\)e2:*:*:*:*:*:*:*"", ""vulnerable"": true}, {""vendor"": ""cisco"", ""product"": ""ios"", ""version"": ""15.2\\(3m\\)e3"", ""criteria"": ""cpe:2.3:o:cisco:ios:15.2\\(3m\\)e3:*:*:*:*:*:*:*"", ""vulnerable"": true}, {""vendor"": ""cisco"", ""product"": ""ios"", ""version"": ""15.2\\(4\\)e"", ""criteria"": ""cpe:2.3:o:cisco:ios:15.2\\(4\\)e:*:*:*:*:*:*:*"", ""vulnerable"": true}, {""vendor"": ""cisco"", ""product"": ""ios"", ""version"": ""15.2\\(4\\)e1"", ""criteria"": ""cpe:2.3:o:cisco:ios:15.2\\(4\\)e1:*:*:*:*:*:*:*"", ""vulnerable"": true}, {""vendor"": ""cisco"", ""product"": ""ios"", ""version"": ""15.2\\(4\\)e2"", ""criteria"": ""cpe:2.3:o:cisco:ios:15.2\\(4\\)e2:*:*:*:*:*:*:*"", ""vulnerable"": true}, {""vendor"": ""cisco"", ""product"": ""ios"", ""version"": ""15.2\\(4\\)e3"", ""criteria"": ""cpe:2.3:o:cisco:ios:15.2\\(4\\)e3:*:*:*:*:*:*:*"", ""vulnerable"": true}, {""vendor"": ""cisco"", ""product"": ""ios"", ""version"": ""15.2\\(4\\)e4"", ""criteria"": ""cpe:2.3:o:cisco:ios:15.2\\(4\\)e4:*:*:*:*:*:*:*"", ""vulnerable"": true}, {""vendor"": ""cisco"", ""product"": ""ios"", ""version"": ""15.2\\(4\\)ea"", ""criteria"": ""cpe:2.3:o:cisco:ios:15.2\\(4\\)ea:*:*:*:*:*:*:*"", ""vulnerable"": true}, {""vendor"": ""cisco"", ""product"": ""ios"", ""version"": ""15.2\\(4\\)ea1"", ""criteria"": ""cpe:2.3:o:cisco:ios:15.2\\(4\\)ea1:*:*:*:*:*:*:*"", ""vulnerable"": true}, {""vendor"": ""cisco"", ""product"": ""ios"", ""version"": ""15.2\\(4\\)ea3"", ""criteria"": ""cpe:2.3:o:cisco:ios:15.2\\(4\\)ea3:*:*:*:*:*:*:*"", ""vulnerable"": true}, {""vendor"": ""cisco"", ""product"": ""ios"", ""version"": ""15.2\\(4\\)ea4"", ""criteria"": ""cpe:2.3:o:cisco:ios:15.2\\(4\\)ea4:*:*:*:*:*:*:*"", ""vulnerable"": true}, {""vendor"": ""cisco"", ""product"": ""ios"", ""version"": ""15.2\\(4\\)ec1"", ""criteria"": ""cpe:2.3:o:cisco:ios:15.2\\(4\\)ec1:*:*:*:*:*:*:*"", ""vulnerable"": true}, {""vendor"": ""cisco"", ""product"": ""ios"", ""version"": ""15.2\\(4\\)gc"", ""criteria"": ""cpe:2.3:o:cisco:ios:15.2\\(4\\)gc:*:*:*:*:*:*:*"", ""vulnerable"": true}, {""vendor"": ""cisco"", ""product"": ""ios"", ""version"": ""15.2\\(4\\)gc1"", ""criteria"": ""cpe:2.3:o:cisco:ios:15.2\\(4\\)gc1:*:*:*:*:*:*:*"", ""vulnerable"": true}, {""vendor"": ""cisco"", ""product"": ""ios"", ""version"": ""15.2\\(4\\)gc2"", ""criteria"": ""cpe:2.3:o:cisco:ios:15.2\\(4\\)gc2:*:*:*:*:*:*:*"", ""vulnerable"": true}, {""vendor"": ""cisco"", ""product"": ""ios"", ""version"": ""15.2\\(4\\)gc3"", ""criteria"": ""cpe:2.3:o:cisco:ios:15.2\\(4\\)gc3:*:*:*:*:*:*:*"", ""vulnerable"": true}, {""vendor"": ""cisco"", ""product"": ""ios"", ""version"": ""15.2\\(4\\)m"", ""criteria"": ""cpe:2.3:o:cisco:ios:15.2\\(4\\)m:*:*:*:*:*:*:*"", ""vulnerable"": true}, {""vendor"": ""cisco"", ""product"": ""ios"", ""version"": ""15.2\\(4\\)m1"", ""criteria"": ""cpe:2.3:o:cisco:ios:15.2\\(4\\)m1:*:*:*:*:*:*:*"", ""vulnerable"": true}, {""vendor"": ""cisco"", ""product"": ""ios"", ""version"": ""15.2\\(4\\)m2"", ""criteria"": ""cpe:2.3:o:cisco:ios:15.2\\(4\\)m2:*:*:*:*:*:*:*"", ""vulnerable"": true}, {""vendor"": ""cisco"", ""product"": ""ios"", ""version"": ""15.2\\(4\\)m3"", ""criteria"": ""cpe:2.3:o:cisco:ios:15.2\\(4\\)m3:*:*:*:*:*:*:*"", ""vulnerable"": true}, {""vendor"": ""cisco"", ""product"": ""ios"", ""version"": ""15.2\\(4\\)m4"", ""criteria"": ""cpe:2.3:o:cisco:ios:15.2\\(4\\)m4:*:*:*:*:*:*:*"", ""vulnerable"": true}, {""vendor"": ""cisco"", ""product"": ""ios"", ""version"": ""15.2\\(4\\)m5"", ""criteria"": ""cpe:2.3:o:cisco:ios:15.2\\(4\\)m5:*:*:*:*:*:*:*"", ""vulnerable"": true}, {""vendor"": ""cisco"", ""product"": ""ios"", ""version"": ""15.2\\(4\\)m6"", ""criteria"": ""cpe:2.3:o:cisco:ios:15.2\\(4\\)m6:*:*:*:*:*:*:*"", ""vulnerable"": true}, {""vendor"": ""cisco"", ""product"": ""ios"", ""version"": ""15.2\\(4\\)m6a"", ""criteria"": ""cpe:2.3:o:cisco:ios:15.2\\(4\\)m6a:*:*:*:*:*:*:*"", ""vulnerable"": true}, {""vendor"": ""cisco"", ""product"": ""ios"", ""version"": ""15.2\\(4\\)m7"", ""criteria"": ""cpe:2.3:o:cisco:ios:15.2\\(4\\)m7:*:*:*:*:*:*:*"", ""vulnerable"": true}, {""vendor"": ""cisco"", ""product"": ""ios"", ""version"": ""15.2\\(4\\)m8"", ""criteria"": ""cpe:2.3:o:cisco:ios:15.2\\(4\\)m8:*:*:*:*:*:*:*"", ""vulnerable"": true}, {""vendor"": ""cisco"", ""product"": ""ios"", ""version"": ""15.2\\(4\\)m9"", ""criteria"": ""cpe:2.3:o:cisco:ios:15.2\\(4\\)m9:*:*:*:*:*:*:*"", ""vulnerable"": true}, {""vendor"": ""cisco"", ""product"": ""ios"", ""version"": ""15.2\\(4\\)m10"", ""criteria"": ""cpe:2.3:o:cisco:ios:15.2\\(4\\)m10:*:*:*:*:*:*:*"", ""vulnerable"": true}, {""vendor"": ""cisco"", ""product"": ""ios"", ""version"": ""15.2\\(4\\)m11"", ""criteria"": ""cpe:2.3:o:cisco:ios:15.2\\(4\\)m11:*:*:*:*:*:*:*"", ""vulnerable"": true}, {""vendor"": ""cisco"", ""product"": ""ios"", ""version"": ""15.2\\(4m\\)e1"", ""criteria"": ""cpe:2.3:o:cisco:ios:15.2\\(4m\\)e1:*:*:*:*:*:*:*"", ""vulnerable"": true}, {""vendor"": ""cisco"", ""product"": ""ios"", ""version"": ""15.2\\(4m\\)e3"", ""criteria"": ""cpe:2.3:o:cisco:ios:15.2\\(4m\\)e3:*:*:*:*:*:*:*"", ""vulnerable"": true}, {""vendor"": ""cisco"", ""product"": ""ios"", ""version"": ""15.2\\(4p\\)e1"", ""criteria"": ""cpe:2.3:o:cisco:ios:15.2\\(4p\\)e1:*:*:*:*:*:*:*"", ""vulnerable"": true}, {""vendor"": ""cisco"", ""product"": ""ios"", ""version"": ""15.2\\(5\\)e"", ""criteria"": ""cpe:2.3:o:cisco:ios:15.2\\(5\\)e:*:*:*:*:*:*:*"", ""vulnerable"": true}, {""vendor"": ""cisco"", ""product"": ""ios"", ""version"": ""15.2\\(5\\)e1"", ""criteria"": ""cpe:2.3:o:cisco:ios:15.2\\(5\\)e1:*:*:*:*:*:*:*"", ""vulnerable"": true}, {""vendor"": ""cisco"", ""product"": ""ios"", ""version"": ""15.2\\(5\\)e2"", ""criteria"": ""cpe:2.3:o:cisco:ios:15.2\\(5\\)e2:*:*:*:*:*:*:*"", ""vulnerable"": true}, {""vendor"": ""cisco"", ""product"": ""ios"", ""version"": ""15.2\\(5\\)e2a"", ""criteria"": ""cpe:2.3:o:cisco:ios:15.2\\(5\\)e2a:*:*:*:*:*:*:*"", ""vulnerable"": true}, {""vendor"": ""cisco"", ""product"": ""ios"", ""version"": ""15.2\\(5\\)ea"", ""criteria"": ""cpe:2.3:o:cisco:ios:15.2\\(5\\)ea:*:*:*:*:*:*:*"", ""vulnerable"": true}, {""vendor"": ""cisco"", ""product"": ""ios"", ""version"": ""15.2\\(5\\)ex"", ""criteria"": ""cpe:2.3:o:cisco:ios:15.2\\(5\\)ex:*:*:*:*:*:*:*"", ""vulnerable"": true}, {""vendor"": ""cisco"", ""product"": ""ios"", ""version"": ""15.2\\(5a\\)e"", ""criteria"": ""cpe:2.3:o:cisco:ios:15.2\\(5a\\)e:*:*:*:*:*:*:*"", ""vulnerable"": true}, {""vendor"": ""cisco"", ""product"": ""ios"", ""version"": ""15.2\\(5a\\)e1"", ""criteria"": ""cpe:2.3:o:cisco:ios:15.2\\(5a\\)e1:*:*:*:*:*:*:*"", ""vulnerable"": true}, {""vendor"": ""cisco"", ""product"": ""ios"", ""version"": ""15.2\\(5b\\)e"", ""criteria"": ""cpe:2.3:o:cisco:ios:15.2\\(5b\\)e:*:*:*:*:*:*:*"", ""vulnerable"": true}, {""vendor"": ""cisco"", ""product"": ""ios"", ""version"": ""15.2\\(5c\\)e"", ""criteria"": ""cpe:2.3:o:cisco:ios:15.2\\(5c\\)e:*:*:*:*:*:*:*"", ""vulnerable"": true}, {""vendor"": ""cisco"", ""product"": ""ios"", ""version"": ""15.3\\(1\\)sy"", ""criteria"": ""cpe:2.3:o:cisco:ios:15.3\\(1\\)sy:*:*:*:*:*:*:*"", ""vulnerable"": true}, {""vendor"": ""cisco"", ""product"": ""ios"", ""version"": ""15.3\\(1\\)sy2"", ""criteria"": ""cpe:2.3:o:cisco:ios:15.3\\(1\\)sy2:*:*:*:*:*:*:*"", ""vulnerable"": true}, {""vendor"": ""cisco"", ""product"": ""ios"", ""version"": ""15.3\\(1\\)t"", ""criteria"": ""cpe:2.3:o:cisco:ios:15.3\\(1\\)t:*:*:*:*:*:*:*"", ""vulnerable"": true}, {""vendor"": ""cisco"", ""product"": ""ios"", ""version"": ""15.3\\(1\\)t1"", ""criteria"": ""cpe:2.3:o:cisco:ios:15.3\\(1\\)t1:*:*:*:*:*:*:*"", ""vulnerable"": true}, {""vendor"": ""cisco"", ""product"": ""ios"", ""version"": ""15.3\\(1\\)t2"", ""criteria"": ""cpe:2.3:o:cisco:ios:15.3\\(1\\)t2:*:*:*:*:*:*:*"", ""vulnerable"": true}, {""vendor"": ""cisco"", ""product"": ""ios"", ""version"": ""15.3\\(1\\)t3"", ""criteria"": ""cpe:2.3:o:cisco:ios:15.3\\(1\\)t3:*:*:*:*:*:*:*"", ""vulnerable"": true}, {""vendor"": ""cisco"", ""product"": ""ios"", ""version"": ""15.3\\(1\\)t4"", ""criteria"": ""cpe:2.3:o:cisco:ios:15.3\\(1\\)t4:*:*:*:*:*:*:*"", ""vulnerable"": true}, {""vendor"": ""cisco"", ""product"": ""ios"", ""version"": ""15.3\\(2\\)t"", ""criteria"": ""cpe:2.3:o:cisco:ios:15.3\\(2\\)t:*:*:*:*:*:*:*"", ""vulnerable"": true}, {""vendor"": ""cisco"", ""product"": ""ios"", ""version"": ""15.3\\(2\\)t1"", ""criteria"": ""cpe:2.3:o:cisco:ios:15.3\\(2\\)t1:*:*:*:*:*:*:*"", ""vulnerable"": true}, {""vendor"": ""cisco"", ""product"": ""ios"", ""version"": ""15.3\\(2\\)t2"", ""criteria"": ""cpe:2.3:o:cisco:ios:15.3\\(2\\)t2:*:*:*:*:*:*:*"", ""vulnerable"": true}, {""vendor"": ""cisco"", ""product"": ""ios"", ""version"": ""15.3\\(2\\)t3"", ""criteria"": ""cpe:2.3:o:cisco:ios:15.3\\(2\\)t3:*:*:*:*:*:*:*"", ""vulnerable"": true}, {""vendor"": ""cisco"", ""product"": ""ios"", ""version"": ""15.3\\(2\\)t4"", ""criteria"": ""cpe:2.3:o:cisco:ios:15.3\\(2\\)t4:*:*:*:*:*:*:*"", ""vulnerable"": true}, {""vendor"": ""cisco"", ""product"": ""ios"", ""version"": ""15.3\\(3\\)m"", ""criteria"": ""cpe:2.3:o:cisco:ios:15.3\\(3\\)m:*:*:*:*:*:*:*"", ""vulnerable"": true}, {""vendor"": ""cisco"", ""product"": ""ios"", ""version"": ""15.3\\(3\\)m1"", ""criteria"": ""cpe:2.3:o:cisco:ios:15.3\\(3\\)m1:*:*:*:*:*:*:*"", ""vulnerable"": true}, {""vendor"": ""cisco"", ""product"": ""ios"", ""version"": ""15.3\\(3\\)m2"", ""criteria"": ""cpe:2.3:o:cisco:ios:15.3\\(3\\)m2:*:*:*:*:*:*:*"", ""vulnerable"": true}, {""vendor"": ""cisco"", ""product"": ""ios"", ""version"": ""15.3\\(3\\)m3"", ""criteria"": ""cpe:2.3:o:cisco:ios:15.3\\(3\\)m3:*:*:*:*:*:*:*"", ""vulnerable"": true}, {""vendor"": ""cisco"", ""product"": ""ios"", ""version"": ""15.3\\(3\\)m4"", ""criteria"": ""cpe:2.3:o:cisco:ios:15.3\\(3\\)m4:*:*:*:*:*:*:*"", ""vulnerable"": true}, {""vendor"": ""cisco"", ""product"": ""ios"", ""version"": ""15.3\\(3\\)m5"", ""criteria"": ""cpe:2.3:o:cisco:ios:15.3\\(3\\)m5:*:*:*:*:*:*:*"", ""vulnerable"": true}, {""vendor"": ""cisco"", ""product"": ""ios"", ""version"": ""15.3\\(3\\)m6"", ""criteria"": ""cpe:2.3:o:cisco:ios:15.3\\(3\\)m6:*:*:*:*:*:*:*"", ""vulnerable"": true}, {""vendor"": ""cisco"", ""product"": ""ios"", ""version"": ""15.3\\(3\\)m7"", ""criteria"": ""cpe:2.3:o:cisco:ios:15.3\\(3\\)m7:*:*:*:*:*:*:*"", ""vulnerable"": true}, {""vendor"": ""cisco"", ""product"": ""ios"", ""version"": ""15.3\\(3\\)m9"", ""criteria"": ""cpe:2.3:o:cisco:ios:15.3\\(3\\)m9:*:*:*:*:*:*:*"", ""vulnerable"": true}, {""vendor"": ""cisco"", ""product"": ""ios"", ""version"": ""15.4\\(1\\)cg"", ""criteria"": ""cpe:2.3:o:cisco:ios:15.4\\(1\\)cg:*:*:*:*:*:*:*"", ""vulnerable"": true}, {""vendor"": ""cisco"", ""product"": ""ios"", ""version"": ""15.4\\(1\\)cg1"", ""criteria"": ""cpe:2.3:o:cisco:ios:15.4\\(1\\)cg1:*:*:*:*:*:*:*"", ""vulnerable"": true}, {""vendor"": ""cisco"", ""product"": ""ios"", ""version"": ""15.4\\(1\\)sy"", ""criteria"": ""cpe:2.3:o:cisco:ios:15.4\\(1\\)sy:*:*:*:*:*:*:*"", ""vulnerable"": true}, {""vendor"": ""cisco"", ""product"": ""ios"", ""version"": ""15.4\\(1\\)sy1"", ""criteria"": ""cpe:2.3:o:cisco:ios:15.4\\(1\\)sy1:*:*:*:*:*:*:*"", ""vulnerable"": true}, {""vendor"": ""cisco"", ""product"": ""ios"", ""version"": ""15.4\\(1\\)sy2"", ""criteria"": ""cpe:2.3:o:cisco:ios:15.4\\(1\\)sy2:*:*:*:*:*:*:*"", ""vulnerable"": true}, {""vendor"": ""cisco"", ""product"": ""ios"", ""version"": ""15.4\\(1\\)t"", ""criteria"": ""cpe:2.3:o:cisco:ios:15.4\\(1\\)t:*:*:*:*:*:*:*"", ""vulnerable"": true}, {""vendor"": ""cisco"", ""product"": ""ios"", ""version"": ""15.4\\(1\\)t1"", ""criteria"": ""cpe:2.3:o:cisco:ios:15.4\\(1\\)t1:*:*:*:*:*:*:*"", ""vulnerable"": true}, {""vendor"": ""cisco"", ""product"": ""ios"", ""version"": ""15.4\\(1\\)t2"", ""criteria"": ""cpe:2.3:o:cisco:ios:15.4\\(1\\)t2:*:*:*:*:*:*:*"", ""vulnerable"": true}, {""vendor"": ""cisco"", ""product"": ""ios"", ""version"": ""15.4\\(1\\)t3"", ""criteria"": ""cpe:2.3:o:cisco:ios:15.4\\(1\\)t3:*:*:*:*:*:*:*"", ""vulnerable"": true}, {""vendor"": ""cisco"", ""product"": ""ios"", ""version"": ""15.4\\(1\\)t4"", ""criteria"": ""cpe:2.3:o:cisco:ios:15.4\\(1\\)t4:*:*:*:*:*:*:*"", ""vulnerable"": true}, {""vendor"": ""cisco"", ""product"": ""ios"", ""version"": ""15.4\\(2\\)cg"", ""criteria"": ""cpe:2.3:o:cisco:ios:15.4\\(2\\)cg:*:*:*:*:*:*:*"", ""vulnerable"": true}, {""vendor"": ""cisco"", ""product"": ""ios"", ""version"": ""15.4\\(2\\)t"", ""criteria"": ""cpe:2.3:o:cisco:ios:15.4\\(2\\)t:*:*:*:*:*:*:*"", ""vulnerable"": true}, {""vendor"": ""cisco"", ""product"": ""ios"", ""version"": ""15.4\\(2\\)t1"", ""criteria"": ""cpe:2.3:o:cisco:ios:15.4\\(2\\)t1:*:*:*:*:*:*:*"", ""vulnerable"": true}, {""vendor"": ""cisco"", ""product"": ""ios"", ""version"": ""15.4\\(2\\)t2"", ""criteria"": ""cpe:2.3:o:cisco:ios:15.4\\(2\\)t2:*:*:*:*:*:*:*"", ""vulnerable"": true}, {""vendor"": ""cisco"", ""product"": ""ios"", ""version"": ""15.4\\(2\\)t3"", ""criteria"": ""cpe:2.3:o:cisco:ios:15.4\\(2\\)t3:*:*:*:*:*:*:*"", ""vulnerable"": true}, {""vendor"": ""cisco"", ""product"": ""ios"", ""version"": ""15.4\\(2\\)t4"", ""criteria"": ""cpe:2.3:o:cisco:ios:15.4\\(2\\)t4:*:*:*:*:*:*:*"", ""vulnerable"": true}, {""vendor"": ""cisco"", ""product"": ""ios"", ""version"": ""15.4\\(3\\)m"", ""criteria"": ""cpe:2.3:o:cisco:ios:15.4\\(3\\)m:*:*:*:*:*:*:*"", ""vulnerable"": true}, {""vendor"": ""cisco"", ""product"": ""ios"", ""version"": ""15.4\\(3\\)m1"", ""criteria"": ""cpe:2.3:o:cisco:ios:15.4\\(3\\)m1:*:*:*:*:*:*:*"", ""vulnerable"": true}, {""vendor"": ""cisco"", ""product"": ""ios"", ""version"": ""15.4\\(3\\)m2"", ""criteria"": ""cpe:2.3:o:cisco:ios:15.4\\(3\\)m2:*:*:*:*:*:*:*"", ""vulnerable"": true}, {""vendor"": ""cisco"", ""product"": ""ios"", ""version"": ""15.4\\(3\\)m3"", ""criteria"": ""cpe:2.3:o:cisco:ios:15.4\\(3\\)m3:*:*:*:*:*:*:*"", ""vulnerable"": true}, {""vendor"": ""cisco"", ""product"": ""ios"", ""version"": ""15.4\\(3\\)m4"", ""criteria"": ""cpe:2.3:o:cisco:ios:15.4\\(3\\)m4:*:*:*:*:*:*:*"", ""vulnerable"": true}, {""vendor"": ""cisco"", ""product"": ""ios"", ""version"": ""15.4\\(3\\)m5"", ""criteria"": ""cpe:2.3:o:cisco:ios:15.4\\(3\\)m5:*:*:*:*:*:*:*"", ""vulnerable"": true}, {""vendor"": ""cisco"", ""product"": ""ios"", ""version"": ""15.4\\(3\\)m6"", ""criteria"": ""cpe:2.3:o:cisco:ios:15.4\\(3\\)m6:*:*:*:*:*:*:*"", ""vulnerable"": true}, {""vendor"": ""cisco"", ""product"": ""ios"", ""version"": ""15.4\\(3\\)m6a"", ""criteria"": ""cpe:2.3:o:cisco:ios:15.4\\(3\\)m6a:*:*:*:*:*:*:*"", ""vulnerable"": true}, {""vendor"": ""cisco"", ""product"": ""ios"", ""version"": ""15.4\\(3\\)m7"", ""criteria"": ""cpe:2.3:o:cisco:ios:15.4\\(3\\)m7:*:*:*:*:*:*:*"", ""vulnerable"": true}, {""vendor"": ""cisco"", ""product"": ""ios"", ""version"": ""15.5\\(1\\)sy"", ""criteria"": ""cpe:2.3:o:cisco:ios:15.5\\(1\\)sy:*:*:*:*:*:*:*"", ""vulnerable"": true}, {""vendor"": ""cisco"", ""product"": ""ios"", ""version"": ""15.5\\(1\\)t"", ""criteria"": ""cpe:2.3:o:cisco:ios:15.5\\(1\\)t:*:*:*:*:*:*:*"", ""vulnerable"": true}, {""vendor"": ""cisco"", ""product"": ""ios"", ""version"": ""15.5\\(1\\)t1"", ""criteria"": ""cpe:2.3:o:cisco:ios:15.5\\(1\\)t1:*:*:*:*:*:*:*"", ""vulnerable"": true}, {""vendor"": ""cisco"", ""product"": ""ios"", ""version"": ""15.5\\(1\\)t2"", ""criteria"": ""cpe:2.3:o:cisco:ios:15.5\\(1\\)t2:*:*:*:*:*:*:*"", ""vulnerable"": true}, {""vendor"": ""cisco"", ""product"": ""ios"", ""version"": ""15.5\\(1\\)t3"", ""criteria"": ""cpe:2.3:o:cisco:ios:15.5\\(1\\)t3:*:*:*:*:*:*:*"", ""vulnerable"": true}, {""vendor"": ""cisco"", ""product"": ""ios"", ""version"": ""15.5\\(1\\)t4"", ""criteria"": ""cpe:2.3:o:cisco:ios:15.5\\(1\\)t4:*:*:*:*:*:*:*"", ""vulnerable"": true}, {""vendor"": ""cisco"", ""product"": ""ios"", ""version"": ""15.5\\(2\\)t"", ""criteria"": ""cpe:2.3:o:cisco:ios:15.5\\(2\\)t:*:*:*:*:*:*:*"", ""vulnerable"": true}, {""vendor"": ""cisco"", ""product"": ""ios"", ""version"": ""15.5\\(2\\)t1"", ""criteria"": ""cpe:2.3:o:cisco:ios:15.5\\(2\\)t1:*:*:*:*:*:*:*"", ""vulnerable"": true}, {""vendor"": ""cisco"", ""product"": ""ios"", ""version"": ""15.5\\(2\\)t2"", ""criteria"": ""cpe:2.3:o:cisco:ios:15.5\\(2\\)t2:*:*:*:*:*:*:*"", ""vulnerable"": true}, {""vendor"": ""cisco"", ""product"": ""ios"", ""version"": ""15.5\\(2\\)t3"", ""criteria"": ""cpe:2.3:o:cisco:ios:15.5\\(2\\)t3:*:*:*:*:*:*:*"", ""vulnerable"": true}, {""vendor"": ""cisco"", ""product"": ""ios"", ""version"": ""15.5\\(2\\)t4"", ""criteria"": ""cpe:2.3:o:cisco:ios:15.5\\(2\\)t4:*:*:*:*:*:*:*"", ""vulnerable"": true}, {""vendor"": ""cisco"", ""product"": ""ios"", ""version"": ""15.5\\(3\\)m0a"", ""criteria"": ""cpe:2.3:o:cisco:ios:15.5\\(3\\)m0a:*:*:*:*:*:*:*"", ""vulnerable"": true}, {""vendor"": ""cisco"", ""product"": ""ios"", ""version"": ""15.5\\(3\\)m1"", ""criteria"": ""cpe:2.3:o:cisco:ios:15.5\\(3\\)m1:*:*:*:*:*:*:*"", ""vulnerable"": true}, {""vendor"": ""cisco"", ""product"": ""ios"", ""version"": ""15.5\\(3\\)m2"", ""criteria"": ""cpe:2.3:o:cisco:ios:15.5\\(3\\)m2:*:*:*:*:*:*:*"", ""vulnerable"": true}, {""vendor"": ""cisco"", ""product"": ""ios"", ""version"": ""15.5\\(3\\)m3"", ""criteria"": ""cpe:2.3:o:cisco:ios:15.5\\(3\\)m3:*:*:*:*:*:*:*"", ""vulnerable"": true}, {""vendor"": ""cisco"", ""product"": ""ios"", ""version"": ""15.5\\(3\\)m4"", ""criteria"": ""cpe:2.3:o:cisco:ios:15.5\\(3\\)m4:*:*:*:*:*:*:*"", ""vulnerable"": true}, {""vendor"": ""cisco"", ""product"": ""ios"", ""version"": ""15.5\\(3\\)m4a"", ""criteria"": ""cpe:2.3:o:cisco:ios:15.5\\(3\\)m4a:*:*:*:*:*:*:*"", ""vulnerable"": true}, {""vendor"": ""cisco"", ""product"": ""ios"", ""version"": ""15.5\\(3\\)m5"", ""criteria"": ""cpe:2.3:o:cisco:ios:15.5\\(3\\)m5:*:*:*:*:*:*:*"", ""vulnerable"": true}, {""vendor"": ""cisco"", ""product"": ""ios"", ""version"": ""15.5\\(3\\)m6"", ""criteria"": ""cpe:2.3:o:cisco:ios:15.5\\(3\\)m6:*:*:*:*:*:*:*"", ""vulnerable"": true}, {""vendor"": ""cisco"", ""product"": ""ios"", ""version"": ""15.6\\(1\\)t"", ""criteria"": ""cpe:2.3:o:cisco:ios:15.6\\(1\\)t:*:*:*:*:*:*:*"", ""vulnerable"": true}, {""vendor"": ""cisco"", ""product"": ""ios"", ""version"": ""15.6\\(1\\)t0a"", ""criteria"": ""cpe:2.3:o:cisco:ios:15.6\\(1\\)t0a:*:*:*:*:*:*:*"", ""vulnerable"": true}, {""vendor"": ""cisco"", ""product"": ""ios"", ""version"": ""15.6\\(1\\)t1"", ""criteria"": ""cpe:2.3:o:cisco:ios:15.6\\(1\\)t1:*:*:*:*:*:*:*"", ""vulnerable"": true}, {""vendor"": ""cisco"", ""product"": ""ios"", ""version"": ""15.6\\(1\\)t2"", ""criteria"": ""cpe:2.3:o:cisco:ios:15.6\\(1\\)t2:*:*:*:*:*:*:*"", ""vulnerable"": true}, {""vendor"": ""cisco"", ""product"": ""ios"", ""version"": ""15.6\\(2\\)t"", ""criteria"": ""cpe:2.3:o:cisco:ios:15.6\\(2\\)t:*:*:*:*:*:*:*"", ""vulnerable"": true}, {""vendor"": ""cisco"", ""product"": ""ios"", ""version"": ""15.6\\(2\\)t1"", ""criteria"": ""cpe:2.3:o:cisco:ios:15.6\\(2\\)t1:*:*:*:*:*:*:*"", ""vulnerable"": true}, {""vendor"": ""cisco"", ""product"": ""ios"", ""version"": ""15.6\\(2\\)t2"", ""criteria"": ""cpe:2.3:o:cisco:ios:15.6\\(2\\)t2:*:*:*:*:*:*:*"", ""vulnerable"": true}, {""vendor"": ""cisco"", ""product"": ""ios"", ""version"": ""15.6\\(3\\)m"", ""criteria"": ""cpe:2.3:o:cisco:ios:15.6\\(3\\)m:*:*:*:*:*:*:*"", ""vulnerable"": true}, {""vendor"": ""cisco"", ""product"": ""ios"", ""version"": ""15.6\\(3\\)m0a"", ""criteria"": ""cpe:2.3:o:cisco:ios:15.6\\(3\\)m0a:*:*:*:*:*:*:*"", ""vulnerable"": true}, {""vendor"": ""cisco"", ""product"": ""ios"", ""version"": ""15.6\\(3\\)m1"", ""criteria"": ""cpe:2.3:o:cisco:ios:15.6\\(3\\)m1:*:*:*:*:*:*:*"", ""vulnerable"": true}, {""vendor"": ""cisco"", ""product"": ""ios"", ""version"": ""15.6\\(3\\)m1b"", ""criteria"": ""cpe:2.3:o:cisco:ios:15.6\\(3\\)m1b:*:*:*:*:*:*:*"", ""vulnerable"": true}, {""vendor"": ""cisco"", ""product"": ""ios"", ""version"": ""15.6\\(3\\)m2"", ""criteria"": ""cpe:2.3:o:cisco:ios:15.6\\(3\\)m2:*:*:*:*:*:*:*"", ""vulnerable"": true}, {""vendor"": ""cisco"", ""product"": ""ios"", ""version"": ""15.6\\(3\\)m2a"", ""criteria"": ""cpe:2.3:o:cisco:ios:15.6\\(3\\)m2a:*:*:*:*:*:*:*"", ""vulnerable"": true}, {""vendor"": ""cisco"", ""product"": ""ios"", ""version"": ""15.6\\(3\\)m3"", ""criteria"": ""cpe:2.3:o:cisco:ios:15.6\\(3\\)m3:*:*:*:*:*:*:*"", ""vulnerable"": true}]","[{""url"": ""https://sec.cloudapps.cisco.com/security/center/content/CiscoSecurityAdvisory/cisco-sa-20170629-snmp"", ""source"": ""psirt@cisco.com"", ""tags"": [""Vendor Advisory""]}, {""url"": ""https://sec.cloudapps.cisco.com/security/center/content/CiscoSecurityAdvisory/cisco-sa-20170629-snmp"", ""source"": ""af854a3a-2127-422b-91ae-364da2661108"", ""tags"": [""Vendor Advisory""]}, {""url"": ""https://www.cisa.gov/known-exploited-vulnerabilities-catalog?field_cve=CVE-2017-6744"", ""source"": ""134c704f-9b21-4f2e-91b3-4a467353bcc0"", ""tags"": [""US Government Resource""]}]",True,"[""nvd"", ""cisa_kev""]",gold_evidence_removed,False
CVE-2017-6744-REMOVED-Q3,CVE-2017-6744,attack_condition,CVE-2017-6744는 원격 공격이 가능한가? 인증이나 사용자 상호작용이 필요한가?,"The Simple Network Management Protocol (SNMP) subsystem of Cisco IOS and IOS XE Software contains multiple vulnerabilities that could allow an authenticated, remote attacker to remotely execute code on an affected system or cause an affected system to reload. An attacker could exploit these vulnerabilities by sending a crafted SNMP packet to an affected system via IPv4 or IPv6. Only traffic directed to an affected system can be used to exploit these vulnerabilities. The vulnerabilities are due to a buffer overflow condition in the SNMP subsystem of the affected software. The vulnerabilities affect all versions of SNMP - Versions 1, 2c, and 3. To exploit these vulnerabilities via SNMP Version 2c or earlier, the attacker must know the SNMP read-only community string for the affected system. To exploit these vulnerabilities via SNMP Version 3, the attacker must have user credentials for the affected system. A successful exploit could allow the attacker to execute arbitrary code and obtain full control of the affected system or cause the affected system to reload. Customers are advised to apply the workaround as contained in the Workarounds section below. Fixed software information is available via the Cisco IOS Software Checker. All devices that have enabled SNMP and have not explicitly excluded the affected MIBs or OIDs should be considered vulnerable. There are workarounds that address these vulnerabilities.",HIGH,8.8,NETWORK,LOW,LOW,NONE,"[""CWE-119""]","[{""vendor"": ""cisco"", ""product"": ""ios"", ""version"": ""12.2\\(33\\)sxi"", ""criteria"": ""cpe:2.3:o:cisco:ios:12.2\\(33\\)sxi:*:*:*:*:*:*:*"", ""vulnerable"": true}, {""vendor"": ""cisco"", ""product"": ""ios"", ""version"": ""12.2\\(33\\)sxi1"", ""criteria"": ""cpe:2.3:o:cisco:ios:12.2\\(33\\)sxi1:*:*:*:*:*:*:*"", ""vulnerable"": true}, {""vendor"": ""cisco"", ""product"": ""ios"", ""version"": ""12.2\\(50\\)se"", ""criteria"": ""cpe:2.3:o:cisco:ios:12.2\\(50\\)se:*:*:*:*:*:*:*"", ""vulnerable"": true}, {""vendor"": ""cisco"", ""product"": ""ios"", ""version"": ""12.2\\(50\\)se1"", ""criteria"": ""cpe:2.3:o:cisco:ios:12.2\\(50\\)se1:*:*:*:*:*:*:*"", ""vulnerable"": true}, {""vendor"": ""cisco"", ""product"": ""ios"", ""version"": ""12.2\\(50\\)se2"", ""criteria"": ""cpe:2.3:o:cisco:ios:12.2\\(50\\)se2:*:*:*:*:*:*:*"", ""vulnerable"": true}, {""vendor"": ""cisco"", ""product"": ""ios"", ""version"": ""12.2\\(50\\)se3"", ""criteria"": ""cpe:2.3:o:cisco:ios:12.2\\(50\\)se3:*:*:*:*:*:*:*"", ""vulnerable"": true}, {""vendor"": ""cisco"", ""product"": ""ios"", ""version"": ""12.2\\(50\\)se4"", ""criteria"": ""cpe:2.3:o:cisco:ios:12.2\\(50\\)se4:*:*:*:*:*:*:*"", ""vulnerable"": true}, {""vendor"": ""cisco"", ""product"": ""ios"", ""version"": ""12.2\\(50\\)se5"", ""criteria"": ""cpe:2.3:o:cisco:ios:12.2\\(50\\)se5:*:*:*:*:*:*:*"", ""vulnerable"": true}, {""vendor"": ""cisco"", ""product"": ""ios"", ""version"": ""12.2\\(50\\)sg"", ""criteria"": ""cpe:2.3:o:cisco:ios:12.2\\(50\\)sg:*:*:*:*:*:*:*"", ""vulnerable"": true}, {""vendor"": ""cisco"", ""product"": ""ios"", ""version"": ""12.2\\(50\\)sg1"", ""criteria"": ""cpe:2.3:o:cisco:ios:12.2\\(50\\)sg1:*:*:*:*:*:*:*"", ""vulnerable"": true}, {""vendor"": ""cisco"", ""product"": ""ios"", ""version"": ""12.2\\(50\\)sg2"", ""criteria"": ""cpe:2.3:o:cisco:ios:12.2\\(50\\)sg2:*:*:*:*:*:*:*"", ""vulnerable"": true}, {""vendor"": ""cisco"", ""product"": ""ios"", ""version"": ""12.2\\(50\\)sg3"", ""criteria"": ""cpe:2.3:o:cisco:ios:12.2\\(50\\)sg3:*:*:*:*:*:*:*"", ""vulnerable"": true}, {""vendor"": ""cisco"", ""product"": ""ios"", ""version"": ""12.2\\(50\\)sg4"", ""criteria"": ""cpe:2.3:o:cisco:ios:12.2\\(50\\)sg4:*:*:*:*:*:*:*"", ""vulnerable"": true}, {""vendor"": ""cisco"", ""product"": ""ios"", ""version"": ""12.2\\(50\\)sg5"", ""criteria"": ""cpe:2.3:o:cisco:ios:12.2\\(50\\)sg5:*:*:*:*:*:*:*"", ""vulnerable"": true}, {""vendor"": ""cisco"", ""product"": ""ios"", ""version"": ""12.2\\(50\\)sg6"", ""criteria"": ""cpe:2.3:o:cisco:ios:12.2\\(50\\)sg6:*:*:*:*:*:*:*"", ""vulnerable"": true}, {""vendor"": ""cisco"", ""product"": ""ios"", ""version"": ""12.2\\(50\\)sg7"", ""criteria"": ""cpe:2.3:o:cisco:ios:12.2\\(50\\)sg7:*:*:*:*:*:*:*"", ""vulnerable"": true}, {""vendor"": ""cisco"", ""product"": ""ios"", ""version"": ""12.2\\(50\\)sg8"", ""criteria"": ""cpe:2.3:o:cisco:ios:12.2\\(50\\)sg8:*:*:*:*:*:*:*"", ""vulnerable"": true}, {""vendor"": ""cisco"", ""product"": ""ios"", ""version"": ""12.2\\(50\\)sq"", ""criteria"": ""cpe:2.3:o:cisco:ios:12.2\\(50\\)sq:*:*:*:*:*:*:*"", ""vulnerable"": true}, {""vendor"": ""cisco"", ""product"": ""ios"", ""version"": ""12.2\\(50\\)sq1"", ""criteria"": ""cpe:2.3:o:cisco:ios:12.2\\(50\\)sq1:*:*:*:*:*:*:*"", ""vulnerable"": true}, {""vendor"": ""cisco"", ""product"": ""ios"", ""version"": ""12.2\\(50\\)sq2"", ""criteria"": ""cpe:2.3:o:cisco:ios:12.2\\(50\\)sq2:*:*:*:*:*:*:*"", ""vulnerable"": true}, {""vendor"": ""cisco"", ""product"": ""ios"", ""version"": ""12.2\\(50\\)sq3"", ""criteria"": ""cpe:2.3:o:cisco:ios:12.2\\(50\\)sq3:*:*:*:*:*:*:*"", ""vulnerable"": true}, {""vendor"": ""cisco"", ""product"": ""ios"", ""version"": ""12.2\\(50\\)sq4"", ""criteria"": ""cpe:2.3:o:cisco:ios:12.2\\(50\\)sq4:*:*:*:*:*:*:*"", ""vulnerable"": true}, {""vendor"": ""cisco"", ""product"": ""ios"", ""version"": ""12.2\\(50\\)sq5"", ""criteria"": ""cpe:2.3:o:cisco:ios:12.2\\(50\\)sq5:*:*:*:*:*:*:*"", ""vulnerable"": true}, {""vendor"": ""cisco"", ""product"": ""ios"", ""version"": ""12.2\\(50\\)sq6"", ""criteria"": ""cpe:2.3:o:cisco:ios:12.2\\(50\\)sq6:*:*:*:*:*:*:*"", ""vulnerable"": true}, {""vendor"": ""cisco"", ""product"": ""ios"", ""version"": ""12.2\\(50\\)sq7"", ""criteria"": ""cpe:2.3:o:cisco:ios:12.2\\(50\\)sq7:*:*:*:*:*:*:*"", ""vulnerable"": true}, {""vendor"": ""cisco"", ""product"": ""ios"", ""version"": ""12.2\\(52\\)ex"", ""criteria"": ""cpe:2.3:o:cisco:ios:12.2\\(52\\)ex:*:*:*:*:*:*:*"", ""vulnerable"": true}, {""vendor"": ""cisco"", ""product"": ""ios"", ""version"": ""12.2\\(52\\)ex1"", ""criteria"": ""cpe:2.3:o:cisco:ios:12.2\\(52\\)ex1:*:*:*:*:*:*:*"", ""vulnerable"": true}, {""vendor"": ""cisco"", ""product"": ""ios"", ""version"": ""12.2\\(52\\)ey"", ""criteria"": ""cpe:2.3:o:cisco:ios:12.2\\(52\\)ey:*:*:*:*:*:*:*"", ""vulnerable"": true}, {""vendor"": ""cisco"", ""product"": ""ios"", ""version"": ""12.2\\(52\\)ey1"", ""criteria"": ""cpe:2.3:o:cisco:ios:12.2\\(52\\)ey1:*:*:*:*:*:*:*"", ""vulnerable"": true}, {""vendor"": ""cisco"", ""product"": ""ios"", ""version"": ""12.2\\(52\\)ey1b"", ""criteria"": ""cpe:2.3:o:cisco:ios:12.2\\(52\\)ey1b:*:*:*:*:*:*:*"", ""vulnerable"": true}, {""vendor"": ""cisco"", ""product"": ""ios"", ""version"": ""12.2\\(52\\)ey1c"", ""criteria"": ""cpe:2.3:o:cisco:ios:12.2\\(52\\)ey1c:*:*:*:*:*:*:*"", ""vulnerable"": true}, {""vendor"": ""cisco"", ""product"": ""ios"", ""version"": ""12.2\\(52\\)ey2"", ""criteria"": ""cpe:2.3:o:cisco:ios:12.2\\(52\\)ey2:*:*:*:*:*:*:*"", ""vulnerable"": true}, {""vendor"": ""cisco"", ""product"": ""ios"", ""version"": ""12.2\\(52\\)ey2a"", ""criteria"": ""cpe:2.3:o:cisco:ios:12.2\\(52\\)ey2a:*:*:*:*:*:*:*"", ""vulnerable"": true}, {""vendor"": ""cisco"", ""product"": ""ios"", ""version"": ""12.2\\(52\\)ey3"", ""criteria"": ""cpe:2.3:o:cisco:ios:12.2\\(52\\)ey3:*:*:*:*:*:*:*"", ""vulnerable"": true}, {""vendor"": ""cisco"", ""product"": ""ios"", ""version"": ""12.2\\(52\\)ey3a"", ""criteria"": ""cpe:2.3:o:cisco:ios:12.2\\(52\\)ey3a:*:*:*:*:*:*:*"", ""vulnerable"": true}, {""vendor"": ""cisco"", ""product"": ""ios"", ""version"": ""12.2\\(52\\)ey4"", ""criteria"": ""cpe:2.3:o:cisco:ios:12.2\\(52\\)ey4:*:*:*:*:*:*:*"", ""vulnerable"": true}, {""vendor"": ""cisco"", ""product"": ""ios"", ""version"": ""12.2\\(52\\)se"", ""criteria"": ""cpe:2.3:o:cisco:ios:12.2\\(52\\)se:*:*:*:*:*:*:*"", ""vulnerable"": true}, {""vendor"": ""cisco"", ""product"": ""ios"", ""version"": ""12.2\\(52\\)se1"", ""criteria"": ""cpe:2.3:o:cisco:ios:12.2\\(52\\)se1:*:*:*:*:*:*:*"", ""vulnerable"": true}, {""vendor"": ""cisco"", ""product"": ""ios"", ""version"": ""12.2\\(52\\)sg"", ""criteria"": ""cpe:2.3:o:cisco:ios:12.2\\(52\\)sg:*:*:*:*:*:*:*"", ""vulnerable"": true}, {""vendor"": ""cisco"", ""product"": ""ios"", ""version"": ""12.2\\(52\\)xo"", ""criteria"": ""cpe:2.3:o:cisco:ios:12.2\\(52\\)xo:*:*:*:*:*:*:*"", ""vulnerable"": true}, {""vendor"": ""cisco"", ""product"": ""ios"", ""version"": ""12.2\\(53\\)ex"", ""criteria"": ""cpe:2.3:o:cisco:ios:12.2\\(53\\)ex:*:*:*:*:*:*:*"", ""vulnerable"": true}, {""vendor"": ""cisco"", ""product"": ""ios"", ""version"": ""12.2\\(53\\)ey"", ""criteria"": ""cpe:2.3:o:cisco:ios:12.2\\(53\\)ey:*:*:*:*:*:*:*"", ""vulnerable"": true}, {""vendor"": ""cisco"", ""product"": ""ios"", ""version"": ""12.2\\(53\\)ez"", ""criteria"": ""cpe:2.3:o:cisco:ios:12.2\\(53\\)ez:*:*:*:*:*:*:*"", ""vulnerable"": true}, {""vendor"": ""cisco"", ""product"": ""ios"", ""version"": ""12.2\\(53\\)se"", ""criteria"": ""cpe:2.3:o:cisco:ios:12.2\\(53\\)se:*:*:*:*:*:*:*"", ""vulnerable"": true}, {""vendor"": ""cisco"", ""product"": ""ios"", ""version"": ""12.2\\(53\\)se1"", ""criteria"": ""cpe:2.3:o:cisco:ios:12.2\\(53\\)se1:*:*:*:*:*:*:*"", ""vulnerable"": true}, {""vendor"": ""cisco"", ""product"": ""ios"", ""version"": ""12.2\\(53\\)se2"", ""criteria"": ""cpe:2.3:o:cisco:ios:12.2\\(53\\)se2:*:*:*:*:*:*:*"", ""vulnerable"": true}, {""vendor"": ""cisco"", ""product"": ""ios"", ""version"": ""12.2\\(53\\)sg"", ""criteria"": ""cpe:2.3:o:cisco:ios:12.2\\(53\\)sg:*:*:*:*:*:*:*"", ""vulnerable"": true}, {""vendor"": ""cisco"", ""product"": ""ios"", ""version"": ""12.2\\(53\\)sg1"", ""criteria"": ""cpe:2.3:o:cisco:ios:12.2\\(53\\)sg1:*:*:*:*:*:*:*"", ""vulnerable"": true}, {""vendor"": ""cisco"", ""product"": ""ios"", ""version"": ""12.2\\(53\\)sg2"", ""criteria"": ""cpe:2.3:o:cisco:ios:12.2\\(53\\)sg2:*:*:*:*:*:*:*"", ""vulnerable"": true}, {""vendor"": ""cisco"", ""product"": ""ios"", ""version"": ""12.2\\(53\\)sg3"", ""criteria"": ""cpe:2.3:o:cisco:ios:12.2\\(53\\)sg3:*:*:*:*:*:*:*"", ""vulnerable"": true}, {""vendor"": ""cisco"", ""product"": ""ios"", ""version"": ""12.2\\(53\\)sg4"", ""criteria"": ""cpe:2.3:o:cisco:ios:12.2\\(53\\)sg4:*:*:*:*:*:*:*"", ""vulnerable"": true}, {""vendor"": ""cisco"", ""product"": ""ios"", ""version"": ""12.2\\(53\\)sg5"", ""criteria"": ""cpe:2.3:o:cisco:ios:12.2\\(53\\)sg5:*:*:*:*:*:*:*"", ""vulnerable"": true}, {""vendor"": ""cisco"", ""product"": ""ios"", ""version"": ""12.2\\(53\\)sg6"", ""criteria"": ""cpe:2.3:o:cisco:ios:12.2\\(53\\)sg6:*:*:*:*:*:*:*"", ""vulnerable"": true}, {""vendor"": ""cisco"", ""product"": ""ios"", ""version"": ""12.2\\(53\\)sg7"", ""criteria"": ""cpe:2.3:o:cisco:ios:12.2\\(53\\)sg7:*:*:*:*:*:*:*"", ""vulnerable"": true}, {""vendor"": ""cisco"", ""product"": ""ios"", ""version"": ""12.2\\(53\\)sg8"", ""criteria"": ""cpe:2.3:o:cisco:ios:12.2\\(53\\)sg8:*:*:*:*:*:*:*"", ""vulnerable"": true}, {""vendor"": ""cisco"", ""product"": ""ios"", ""version"": ""12.2\\(53\\)sg9"", ""criteria"": ""cpe:2.3:o:cisco:ios:12.2\\(53\\)sg9:*:*:*:*:*:*:*"", ""vulnerable"": true}, {""vendor"": ""cisco"", ""product"": ""ios"", ""version"": ""12.2\\(53\\)sg10"", ""criteria"": ""cpe:2.3:o:cisco:ios:12.2\\(53\\)sg10:*:*:*:*:*:*:*"", ""vulnerable"": true}, {""vendor"": ""cisco"", ""product"": ""ios"", ""version"": ""12.2\\(53\\)sg11"", ""criteria"": ""cpe:2.3:o:cisco:ios:12.2\\(53\\)sg11:*:*:*:*:*:*:*"", ""vulnerable"": true}, {""vendor"": ""cisco"", ""product"": ""ios"", ""version"": ""12.2\\(54\\)se"", ""criteria"": ""cpe:2.3:o:cisco:ios:12.2\\(54\\)se:*:*:*:*:*:*:*"", ""vulnerable"": true}, {""vendor"": ""cisco"", ""product"": ""ios"", ""version"": ""12.2\\(54\\)sg"", ""criteria"": ""cpe:2.3:o:cisco:ios:12.2\\(54\\)sg:*:*:*:*:*:*:*"", ""vulnerable"": true}, {""vendor"": ""cisco"", ""product"": ""ios"", ""version"": ""12.2\\(54\\)sg1"", ""criteria"": ""cpe:2.3:o:cisco:ios:12.2\\(54\\)sg1:*:*:*:*:*:*:*"", ""vulnerable"": true}, {""vendor"": ""cisco"", ""product"": ""ios"", ""version"": ""12.2\\(54\\)wo"", ""criteria"": ""cpe:2.3:o:cisco:ios:12.2\\(54\\)wo:*:*:*:*:*:*:*"", ""vulnerable"": true}, {""vendor"": ""cisco"", ""product"": ""ios"", ""version"": ""12.2\\(54\\)xo"", ""criteria"": ""cpe:2.3:o:cisco:ios:12.2\\(54\\)xo:*:*:*:*:*:*:*"", ""vulnerable"": true}, {""vendor"": ""cisco"", ""product"": ""ios"", ""version"": ""12.2\\(55\\)ex"", ""criteria"": ""cpe:2.3:o:cisco:ios:12.2\\(55\\)ex:*:*:*:*:*:*:*"", ""vulnerable"": true}, {""vendor"": ""cisco"", ""product"": ""ios"", ""version"": ""12.2\\(55\\)ex1"", ""criteria"": ""cpe:2.3:o:cisco:ios:12.2\\(55\\)ex1:*:*:*:*:*:*:*"", ""vulnerable"": true}, {""vendor"": ""cisco"", ""product"": ""ios"", ""version"": ""12.2\\(55\\)ex2"", ""criteria"": ""cpe:2.3:o:cisco:ios:12.2\\(55\\)ex2:*:*:*:*:*:*:*"", ""vulnerable"": true}, {""vendor"": ""cisco"", ""product"": ""ios"", ""version"": ""12.2\\(55\\)ex3"", ""criteria"": ""cpe:2.3:o:cisco:ios:12.2\\(55\\)ex3:*:*:*:*:*:*:*"", ""vulnerable"": true}, {""vendor"": ""cisco"", ""product"": ""ios"", ""version"": ""12.2\\(55\\)ey"", ""criteria"": ""cpe:2.3:o:cisco:ios:12.2\\(55\\)ey:*:*:*:*:*:*:*"", ""vulnerable"": true}, {""vendor"": ""cisco"", ""product"": ""ios"", ""version"": ""12.2\\(55\\)ez"", ""criteria"": ""cpe:2.3:o:cisco:ios:12.2\\(55\\)ez:*:*:*:*:*:*:*"", ""vulnerable"": true}, {""vendor"": ""cisco"", ""product"": ""ios"", ""version"": ""12.2\\(55\\)se"", ""criteria"": ""cpe:2.3:o:cisco:ios:12.2\\(55\\)se:*:*:*:*:*:*:*"", ""vulnerable"": true}, {""vendor"": ""cisco"", ""product"": ""ios"", ""version"": ""12.2\\(55\\)se1"", ""criteria"": ""cpe:2.3:o:cisco:ios:12.2\\(55\\)se1:*:*:*:*:*:*:*"", ""vulnerable"": true}, {""vendor"": ""cisco"", ""product"": ""ios"", ""version"": ""12.2\\(55\\)se2"", ""criteria"": ""cpe:2.3:o:cisco:ios:12.2\\(55\\)se2:*:*:*:*:*:*:*"", ""vulnerable"": true}, {""vendor"": ""cisco"", ""product"": ""ios"", ""version"": ""12.2\\(55\\)se3"", ""criteria"": ""cpe:2.3:o:cisco:ios:12.2\\(55\\)se3:*:*:*:*:*:*:*"", ""vulnerable"": true}, {""vendor"": ""cisco"", ""product"": ""ios"", ""version"": ""12.2\\(55\\)se4"", ""criteria"": ""cpe:2.3:o:cisco:ios:12.2\\(55\\)se4:*:*:*:*:*:*:*"", ""vulnerable"": true}, {""vendor"": ""cisco"", ""product"": ""ios"", ""version"": ""12.2\\(55\\)se5"", ""criteria"": ""cpe:2.3:o:cisco:ios:12.2\\(55\\)se5:*:*:*:*:*:*:*"", ""vulnerable"": true}, {""vendor"": ""cisco"", ""product"": ""ios"", ""version"": ""12.2\\(55\\)se6"", ""criteria"": ""cpe:2.3:o:cisco:ios:12.2\\(55\\)se6:*:*:*:*:*:*:*"", ""vulnerable"": true}, {""vendor"": ""cisco"", ""product"": ""ios"", ""version"": ""12.2\\(55\\)se7"", ""criteria"": ""cpe:2.3:o:cisco:ios:12.2\\(55\\)se7:*:*:*:*:*:*:*"", ""vulnerable"": true}, {""vendor"": ""cisco"", ""product"": ""ios"", ""version"": ""12.2\\(55\\)se8"", ""criteria"": ""cpe:2.3:o:cisco:ios:12.2\\(55\\)se8:*:*:*:*:*:*:*"", ""vulnerable"": true}, {""vendor"": ""cisco"", ""product"": ""ios"", ""version"": ""12.2\\(55\\)se9"", ""criteria"": ""cpe:2.3:o:cisco:ios:12.2\\(55\\)se9:*:*:*:*:*:*:*"", ""vulnerable"": true}, {""vendor"": ""cisco"", ""product"": ""ios"", ""version"": ""12.2\\(55\\)se10"", ""criteria"": ""cpe:2.3:o:cisco:ios:12.2\\(55\\)se10:*:*:*:*:*:*:*"", ""vulnerable"": true}, {""vendor"": ""cisco"", ""product"": ""ios"", ""version"": ""12.2\\(55\\)se11"", ""criteria"": ""cpe:2.3:o:cisco:ios:12.2\\(55\\)se11:*:*:*:*:*:*:*"", ""vulnerable"": true}, {""vendor"": ""cisco"", ""product"": ""ios"", ""version"": ""12.2\\(58\\)ex"", ""criteria"": ""cpe:2.3:o:cisco:ios:12.2\\(58\\)ex:*:*:*:*:*:*:*"", ""vulnerable"": true}, {""vendor"": ""cisco"", ""product"": ""ios"", ""version"": ""12.2\\(58\\)ey"", ""criteria"": ""cpe:2.3:o:cisco:ios:12.2\\(58\\)ey:*:*:*:*:*:*:*"", ""vulnerable"": true}, {""vendor"": ""cisco"", ""product"": ""ios"", ""version"": ""12.2\\(58\\)ey1"", ""criteria"": ""cpe:2.3:o:cisco:ios:12.2\\(58\\)ey1:*:*:*:*:*:*:*"", ""vulnerable"": true}, {""vendor"": ""cisco"", ""product"": ""ios"", ""version"": ""12.2\\(58\\)ey2"", ""criteria"": ""cpe:2.3:o:cisco:ios:12.2\\(58\\)ey2:*:*:*:*:*:*:*"", ""vulnerable"": true}, {""vendor"": ""cisco"", ""product"": ""ios"", ""version"": ""12.2\\(58\\)ez"", ""criteria"": ""cpe:2.3:o:cisco:ios:12.2\\(58\\)ez:*:*:*:*:*:*:*"", ""vulnerable"": true}, {""vendor"": ""cisco"", ""product"": ""ios"", ""version"": ""12.2\\(58\\)se"", ""criteria"": ""cpe:2.3:o:cisco:ios:12.2\\(58\\)se:*:*:*:*:*:*:*"", ""vulnerable"": true}, {""vendor"": ""cisco"", ""product"": ""ios"", ""version"": ""12.2\\(58\\)se1"", ""criteria"": ""cpe:2.3:o:cisco:ios:12.2\\(58\\)se1:*:*:*:*:*:*:*"", ""vulnerable"": true}, {""vendor"": ""cisco"", ""product"": ""ios"", ""version"": ""12.2\\(58\\)se2"", ""criteria"": ""cpe:2.3:o:cisco:ios:12.2\\(58\\)se2:*:*:*:*:*:*:*"", ""vulnerable"": true}, {""vendor"": ""cisco"", ""product"": ""ios"", ""version"": ""12.2\\(60\\)ez"", ""criteria"": ""cpe:2.3:o:cisco:ios:12.2\\(60\\)ez:*:*:*:*:*:*:*"", ""vulnerable"": true}, {""vendor"": ""cisco"", ""product"": ""ios"", ""version"": ""12.2\\(60\\)ez1"", ""criteria"": ""cpe:2.3:o:cisco:ios:12.2\\(60\\)ez1:*:*:*:*:*:*:*"", ""vulnerable"": true}, {""vendor"": ""cisco"", ""product"": ""ios"", ""version"": ""12.2\\(60\\)ez2"", ""criteria"": ""cpe:2.3:o:cisco:ios:12.2\\(60\\)ez2:*:*:*:*:*:*:*"", ""vulnerable"": true}, {""vendor"": ""cisco"", ""product"": ""ios"", ""version"": ""12.2\\(60\\)ez3"", ""criteria"": ""cpe:2.3:o:cisco:ios:12.2\\(60\\)ez3:*:*:*:*:*:*:*"", ""vulnerable"": true}, {""vendor"": ""cisco"", ""product"": ""ios"", ""version"": ""12.2\\(60\\)ez4"", ""criteria"": ""cpe:2.3:o:cisco:ios:12.2\\(60\\)ez4:*:*:*:*:*:*:*"", ""vulnerable"": true}, {""vendor"": ""cisco"", ""product"": ""ios"", ""version"": ""12.2\\(60\\)ez5"", ""criteria"": ""cpe:2.3:o:cisco:ios:12.2\\(60\\)ez5:*:*:*:*:*:*:*"", ""vulnerable"": true}, {""vendor"": ""cisco"", ""product"": ""ios"", ""version"": ""12.2\\(60\\)ez6"", ""criteria"": ""cpe:2.3:o:cisco:ios:12.2\\(60\\)ez6:*:*:*:*:*:*:*"", ""vulnerable"": true}, {""vendor"": ""cisco"", ""product"": ""ios"", ""version"": ""12.2\\(60\\)ez7"", ""criteria"": ""cpe:2.3:o:cisco:ios:12.2\\(60\\)ez7:*:*:*:*:*:*:*"", ""vulnerable"": true}, {""vendor"": ""cisco"", ""product"": ""ios"", ""version"": ""12.2\\(60\\)ez8"", ""criteria"": ""cpe:2.3:o:cisco:ios:12.2\\(60\\)ez8:*:*:*:*:*:*:*"", ""vulnerable"": true}, {""vendor"": ""cisco"", ""product"": ""ios"", ""version"": ""12.2\\(60\\)ez9"", ""criteria"": ""cpe:2.3:o:cisco:ios:12.2\\(60\\)ez9:*:*:*:*:*:*:*"", ""vulnerable"": true}, {""vendor"": ""cisco"", ""product"": ""ios"", ""version"": ""12.2\\(60\\)ez10"", ""criteria"": ""cpe:2.3:o:cisco:ios:12.2\\(60\\)ez10:*:*:*:*:*:*:*"", ""vulnerable"": true}, {""vendor"": ""cisco"", ""product"": ""ios"", ""version"": ""12.2\\(60\\)ez11"", ""criteria"": ""cpe:2.3:o:cisco:ios:12.2\\(60\\)ez11:*:*:*:*:*:*:*"", ""vulnerable"": true}, {""vendor"": ""cisco"", ""product"": ""ios"", ""version"": ""15.0\\(1\\)ex"", ""criteria"": ""cpe:2.3:o:cisco:ios:15.0\\(1\\)ex:*:*:*:*:*:*:*"", ""vulnerable"": true}, {""vendor"": ""cisco"", ""product"": ""ios"", ""version"": ""15.0\\(1\\)ey"", ""criteria"": ""cpe:2.3:o:cisco:ios:15.0\\(1\\)ey:*:*:*:*:*:*:*"", ""vulnerable"": true}, {""vendor"": ""cisco"", ""product"": ""ios"", ""version"": ""15.0\\(1\\)ey1"", ""criteria"": ""cpe:2.3:o:cisco:ios:15.0\\(1\\)ey1:*:*:*:*:*:*:*"", ""vulnerable"": true}, {""vendor"": ""cisco"", ""product"": ""ios"", ""version"": ""15.0\\(1\\)ey2"", ""criteria"": ""cpe:2.3:o:cisco:ios:15.0\\(1\\)ey2:*:*:*:*:*:*:*"", ""vulnerable"": true}, {""vendor"": ""cisco"", ""product"": ""ios"", ""version"": ""15.0\\(1\\)se"", ""criteria"": ""cpe:2.3:o:cisco:ios:15.0\\(1\\)se:*:*:*:*:*:*:*"", ""vulnerable"": true}, {""vendor"": ""cisco"", ""product"": ""ios"", ""version"": ""15.0\\(1\\)se1"", ""criteria"": ""cpe:2.3:o:cisco:ios:15.0\\(1\\)se1:*:*:*:*:*:*:*"", ""vulnerable"": true}, {""vendor"": ""cisco"", ""product"": ""ios"", ""version"": ""15.0\\(1\\)se2"", ""criteria"": ""cpe:2.3:o:cisco:ios:15.0\\(1\\)se2:*:*:*:*:*:*:*"", ""vulnerable"": true}, {""vendor"": ""cisco"", ""product"": ""ios"", ""version"": ""15.0\\(1\\)se3"", ""criteria"": ""cpe:2.3:o:cisco:ios:15.0\\(1\\)se3:*:*:*:*:*:*:*"", ""vulnerable"": true}, {""vendor"": ""cisco"", ""product"": ""ios"", ""version"": ""15.0\\(1\\)xo"", ""criteria"": ""cpe:2.3:o:cisco:ios:15.0\\(1\\)xo:*:*:*:*:*:*:*"", ""vulnerable"": true}, {""vendor"": ""cisco"", ""product"": ""ios"", ""version"": ""15.0\\(1\\)xo1"", ""criteria"": ""cpe:2.3:o:cisco:ios:15.0\\(1\\)xo1:*:*:*:*:*:*:*"", ""vulnerable"": true}, {""vendor"": ""cisco"", ""product"": ""ios"", ""version"": ""15.0\\(2\\)ea1"", ""criteria"": ""cpe:2.3:o:cisco:ios:15.0\\(2\\)ea1:*:*:*:*:*:*:*"", ""vulnerable"": true}, {""vendor"": ""cisco"", ""product"": ""ios"", ""version"": ""15.0\\(2\\)eb"", ""criteria"": ""cpe:2.3:o:cisco:ios:15.0\\(2\\)eb:*:*:*:*:*:*:*"", ""vulnerable"": true}, {""vendor"": ""cisco"", ""product"": ""ios"", ""version"": ""15.0\\(2\\)ec"", ""criteria"": ""cpe:2.3:o:cisco:ios:15.0\\(2\\)ec:*:*:*:*:*:*:*"", ""vulnerable"": true}, {""vendor"": ""cisco"", ""product"": ""ios"", ""version"": ""15.0\\(2\\)ed"", ""criteria"": ""cpe:2.3:o:cisco:ios:15.0\\(2\\)ed:*:*:*:*:*:*:*"", ""vulnerable"": true}, {""vendor"": ""cisco"", ""product"": ""ios"", ""version"": ""15.0\\(2\\)ed1"", ""criteria"": ""cpe:2.3:o:cisco:ios:15.0\\(2\\)ed1:*:*:*:*:*:*:*"", ""vulnerable"": true}, {""vendor"": ""cisco"", ""product"": ""ios"", ""version"": ""15.0\\(2\\)eh"", ""criteria"": ""cpe:2.3:o:cisco:ios:15.0\\(2\\)eh:*:*:*:*:*:*:*"", ""vulnerable"": true}, {""vendor"": ""cisco"", ""product"": ""ios"", ""version"": ""15.0\\(2\\)ej"", ""criteria"": ""cpe:2.3:o:cisco:ios:15.0\\(2\\)ej:*:*:*:*:*:*:*"", ""vulnerable"": true}, {""vendor"": ""cisco"", ""product"": ""ios"", ""version"": ""15.0\\(2\\)ej1"", ""criteria"": ""cpe:2.3:o:cisco:ios:15.0\\(2\\)ej1:*:*:*:*:*:*:*"", ""vulnerable"": true}, {""vendor"": ""cisco"", ""product"": ""ios"", ""version"": ""15.0\\(2\\)ek"", ""criteria"": ""cpe:2.3:o:cisco:ios:15.0\\(2\\)ek:*:*:*:*:*:*:*"", ""vulnerable"": true}, {""vendor"": ""cisco"", ""product"": ""ios"", ""version"": ""15.0\\(2\\)ek1"", ""criteria"": ""cpe:2.3:o:cisco:ios:15.0\\(2\\)ek1:*:*:*:*:*:*:*"", ""vulnerable"": true}, {""vendor"": ""cisco"", ""product"": ""ios"", ""version"": ""15.0\\(2\\)ex"", ""criteria"": ""cpe:2.3:o:cisco:ios:15.0\\(2\\)ex:*:*:*:*:*:*:*"", ""vulnerable"": true}, {""vendor"": ""cisco"", ""product"": ""ios"", ""version"": ""15.0\\(2\\)ex1"", ""criteria"": ""cpe:2.3:o:cisco:ios:15.0\\(2\\)ex1:*:*:*:*:*:*:*"", ""vulnerable"": true}, {""vendor"": ""cisco"", ""product"": ""ios"", ""version"": ""15.0\\(2\\)ex2"", ""criteria"": ""cpe:2.3:o:cisco:ios:15.0\\(2\\)ex2:*:*:*:*:*:*:*"", ""vulnerable"": true}, {""vendor"": ""cisco"", ""product"": ""ios"", ""version"": ""15.0\\(2\\)ex3"", ""criteria"": ""cpe:2.3:o:cisco:ios:15.0\\(2\\)ex3:*:*:*:*:*:*:*"", ""vulnerable"": true}, {""vendor"": ""cisco"", ""product"": ""ios"", ""version"": ""15.0\\(2\\)ex4"", ""criteria"": ""cpe:2.3:o:cisco:ios:15.0\\(2\\)ex4:*:*:*:*:*:*:*"", ""vulnerable"": true}, {""vendor"": ""cisco"", ""product"": ""ios"", ""version"": ""15.0\\(2\\)ex5"", ""criteria"": ""cpe:2.3:o:cisco:ios:15.0\\(2\\)ex5:*:*:*:*:*:*:*"", ""vulnerable"": true}, {""vendor"": ""cisco"", ""product"": ""ios"", ""version"": ""15.0\\(2\\)ex8"", ""criteria"": ""cpe:2.3:o:cisco:ios:15.0\\(2\\)ex8:*:*:*:*:*:*:*"", ""vulnerable"": true}, {""vendor"": ""cisco"", ""product"": ""ios"", ""version"": ""15.0\\(2\\)ex10"", ""criteria"": ""cpe:2.3:o:cisco:ios:15.0\\(2\\)ex10:*:*:*:*:*:*:*"", ""vulnerable"": true}, {""vendor"": ""cisco"", ""product"": ""ios"", ""version"": ""15.0\\(2\\)ey"", ""criteria"": ""cpe:2.3:o:cisco:ios:15.0\\(2\\)ey:*:*:*:*:*:*:*"", ""vulnerable"": true}, {""vendor"": ""cisco"", ""product"": ""ios"", ""version"": ""15.0\\(2\\)ey1"", ""criteria"": ""cpe:2.3:o:cisco:ios:15.0\\(2\\)ey1:*:*:*:*:*:*:*"", ""vulnerable"": true}, {""vendor"": ""cisco"", ""product"": ""ios"", ""version"": ""15.0\\(2\\)ey2"", ""criteria"": ""cpe:2.3:o:cisco:ios:15.0\\(2\\)ey2:*:*:*:*:*:*:*"", ""vulnerable"": true}, {""vendor"": ""cisco"", ""product"": ""ios"", ""version"": ""15.0\\(2\\)ey3"", ""criteria"": ""cpe:2.3:o:cisco:ios:15.0\\(2\\)ey3:*:*:*:*:*:*:*"", ""vulnerable"": true}, {""vendor"": ""cisco"", ""product"": ""ios"", ""version"": ""15.0\\(2\\)ez"", ""criteria"": ""cpe:2.3:o:cisco:ios:15.0\\(2\\)ez:*:*:*:*:*:*:*"", ""vulnerable"": true}, {""vendor"": ""cisco"", ""product"": ""ios"", ""version"": ""15.0\\(2\\)se"", ""criteria"": ""cpe:2.3:o:cisco:ios:15.0\\(2\\)se:*:*:*:*:*:*:*"", ""vulnerable"": true}, {""vendor"": ""cisco"", ""product"": ""ios"", ""version"": ""15.0\\(2\\)se1"", ""criteria"": ""cpe:2.3:o:cisco:ios:15.0\\(2\\)se1:*:*:*:*:*:*:*"", ""vulnerable"": true}, {""vendor"": ""cisco"", ""product"": ""ios"", ""version"": ""15.0\\(2\\)se2"", ""criteria"": ""cpe:2.3:o:cisco:ios:15.0\\(2\\)se2:*:*:*:*:*:*:*"", ""vulnerable"": true}, {""vendor"": ""cisco"", ""product"": ""ios"", ""version"": ""15.0\\(2\\)se3"", ""criteria"": ""cpe:2.3:o:cisco:ios:15.0\\(2\\)se3:*:*:*:*:*:*:*"", ""vulnerable"": true}, {""vendor"": ""cisco"", ""product"": ""ios"", ""version"": ""15.0\\(2\\)se4"", ""criteria"": ""cpe:2.3:o:cisco:ios:15.0\\(2\\)se4:*:*:*:*:*:*:*"", ""vulnerable"": true}, {""vendor"": ""cisco"", ""product"": ""ios"", ""version"": ""15.0\\(2\\)se5"", ""criteria"": ""cpe:2.3:o:cisco:ios:15.0\\(2\\)se5:*:*:*:*:*:*:*"", ""vulnerable"": true}, {""vendor"": ""cisco"", ""product"": ""ios"", ""version"": ""15.0\\(2\\)se6"", ""criteria"": ""cpe:2.3:o:cisco:ios:15.0\\(2\\)se6:*:*:*:*:*:*:*"", ""vulnerable"": true}, {""vendor"": ""cisco"", ""product"": ""ios"", ""version"": ""15.0\\(2\\)se7"", ""criteria"": ""cpe:2.3:o:cisco:ios:15.0\\(2\\)se7:*:*:*:*:*:*:*"", ""vulnerable"": true}, {""vendor"": ""cisco"", ""product"": ""ios"", ""version"": ""15.0\\(2\\)se9"", ""criteria"": ""cpe:2.3:o:cisco:ios:15.0\\(2\\)se9:*:*:*:*:*:*:*"", ""vulnerable"": true}, {""vendor"": ""cisco"", ""product"": ""ios"", ""version"": ""15.0\\(2\\)se10"", ""criteria"": ""cpe:2.3:o:cisco:ios:15.0\\(2\\)se10:*:*:*:*:*:*:*"", ""vulnerable"": true}, {""vendor"": ""cisco"", ""product"": ""ios"", ""version"": ""15.0\\(2\\)se10a"", ""criteria"": ""cpe:2.3:o:cisco:ios:15.0\\(2\\)se10a:*:*:*:*:*:*:*"", ""vulnerable"": true}, {""vendor"": ""cisco"", ""product"": ""ios"", ""version"": ""15.0\\(2\\)sg"", ""criteria"": ""cpe:2.3:o:cisco:ios:15.0\\(2\\)sg:*:*:*:*:*:*:*"", ""vulnerable"": true}, {""vendor"": ""cisco"", ""product"": ""ios"", ""version"": ""15.0\\(2\\)sg1"", ""criteria"": ""cpe:2.3:o:cisco:ios:15.0\\(2\\)sg1:*:*:*:*:*:*:*"", ""vulnerable"": true}, {""vendor"": ""cisco"", ""product"": ""ios"", ""version"": ""15.0\\(2\\)sg2"", ""criteria"": ""cpe:2.3:o:cisco:ios:15.0\\(2\\)sg2:*:*:*:*:*:*:*"", ""vulnerable"": true}, {""vendor"": ""cisco"", ""product"": ""ios"", ""version"": ""15.0\\(2\\)sg3"", ""criteria"": ""cpe:2.3:o:cisco:ios:15.0\\(2\\)sg3:*:*:*:*:*:*:*"", ""vulnerable"": true}, {""vendor"": ""cisco"", ""product"": ""ios"", ""version"": ""15.0\\(2\\)sg4"", ""criteria"": ""cpe:2.3:o:cisco:ios:15.0\\(2\\)sg4:*:*:*:*:*:*:*"", ""vulnerable"": true}, {""vendor"": ""cisco"", ""product"": ""ios"", ""version"": ""15.0\\(2\\)sg5"", ""criteria"": ""cpe:2.3:o:cisco:ios:15.0\\(2\\)sg5:*:*:*:*:*:*:*"", ""vulnerable"": true}, {""vendor"": ""cisco"", ""product"": ""ios"", ""version"": ""15.0\\(2\\)sg6"", ""criteria"": ""cpe:2.3:o:cisco:ios:15.0\\(2\\)sg6:*:*:*:*:*:*:*"", ""vulnerable"": true}, {""vendor"": ""cisco"", ""product"": ""ios"", ""version"": ""15.0\\(2\\)sg7"", ""criteria"": ""cpe:2.3:o:cisco:ios:15.0\\(2\\)sg7:*:*:*:*:*:*:*"", ""vulnerable"": true}, {""vendor"": ""cisco"", ""product"": ""ios"", ""version"": ""15.0\\(2\\)sg8"", ""criteria"": ""cpe:2.3:o:cisco:ios:15.0\\(2\\)sg8:*:*:*:*:*:*:*"", ""vulnerable"": true}, {""vendor"": ""cisco"", ""product"": ""ios"", ""version"": ""15.0\\(2\\)sg9"", ""criteria"": ""cpe:2.3:o:cisco:ios:15.0\\(2\\)sg9:*:*:*:*:*:*:*"", ""vulnerable"": true}, {""vendor"": ""cisco"", ""product"": ""ios"", ""version"": ""15.0\\(2\\)sg10"", ""criteria"": ""cpe:2.3:o:cisco:ios:15.0\\(2\\)sg10:*:*:*:*:*:*:*"", ""vulnerable"": true}, {""vendor"": ""cisco"", ""product"": ""ios"", ""version"": ""15.0\\(2\\)sg11"", ""criteria"": ""cpe:2.3:o:cisco:ios:15.0\\(2\\)sg11:*:*:*:*:*:*:*"", ""vulnerable"": true}, {""vendor"": ""cisco"", ""product"": ""ios"", ""version"": ""15.0\\(2\\)sqd"", ""criteria"": ""cpe:2.3:o:cisco:ios:15.0\\(2\\)sqd:*:*:*:*:*:*:*"", ""vulnerable"": true}, {""vendor"": ""cisco"", ""product"": ""ios"", ""version"": ""15.0\\(2\\)sqd1"", ""criteria"": ""cpe:2.3:o:cisco:ios:15.0\\(2\\)sqd1:*:*:*:*:*:*:*"", ""vulnerable"": true}, {""vendor"": ""cisco"", ""product"": ""ios"", ""version"": ""15.0\\(2\\)sqd2"", ""criteria"": ""cpe:2.3:o:cisco:ios:15.0\\(2\\)sqd2:*:*:*:*:*:*:*"", ""vulnerable"": true}, {""vendor"": ""cisco"", ""product"": ""ios"", ""version"": ""15.0\\(2\\)sqd3"", ""criteria"": ""cpe:2.3:o:cisco:ios:15.0\\(2\\)sqd3:*:*:*:*:*:*:*"", ""vulnerable"": true}, {""vendor"": ""cisco"", ""product"": ""ios"", ""version"": ""15.0\\(2\\)sqd5"", ""criteria"": ""cpe:2.3:o:cisco:ios:15.0\\(2\\)sqd5:*:*:*:*:*:*:*"", ""vulnerable"": true}, {""vendor"": ""cisco"", ""product"": ""ios"", ""version"": ""15.0\\(2\\)sqd6"", ""criteria"": ""cpe:2.3:o:cisco:ios:15.0\\(2\\)sqd6:*:*:*:*:*:*:*"", ""vulnerable"": true}, {""vendor"": ""cisco"", ""product"": ""ios"", ""version"": ""15.0\\(2\\)xo"", ""criteria"": ""cpe:2.3:o:cisco:ios:15.0\\(2\\)xo:*:*:*:*:*:*:*"", ""vulnerable"": true}, {""vendor"": ""cisco"", ""product"": ""ios"", ""version"": ""15.0\\(2a\\)ex5"", ""criteria"": ""cpe:2.3:o:cisco:ios:15.0\\(2a\\)ex5:*:*:*:*:*:*:*"", ""vulnerable"": true}, {""vendor"": ""cisco"", ""product"": ""ios"", ""version"": ""15.0\\(2a\\)se9"", ""criteria"": ""cpe:2.3:o:cisco:ios:15.0\\(2a\\)se9:*:*:*:*:*:*:*"", ""vulnerable"": true}, {""vendor"": ""cisco"", ""product"": ""ios"", ""version"": ""15.1\\(1\\)sg"", ""criteria"": ""cpe:2.3:o:cisco:ios:15.1\\(1\\)sg:*:*:*:*:*:*:*"", ""vulnerable"": true}, {""vendor"": ""cisco"", ""product"": ""ios"", ""version"": ""15.1\\(1\\)sg1"", ""criteria"": ""cpe:2.3:o:cisco:ios:15.1\\(1\\)sg1:*:*:*:*:*:*:*"", ""vulnerable"": true}, {""vendor"": ""cisco"", ""product"": ""ios"", ""version"": ""15.1\\(1\\)sg2"", ""criteria"": ""cpe:2.3:o:cisco:ios:15.1\\(1\\)sg2:*:*:*:*:*:*:*"", ""vulnerable"": true}, {""vendor"": ""cisco"", ""product"": ""ios"", ""version"": ""15.1\\(2\\)sg"", ""criteria"": ""cpe:2.3:o:cisco:ios:15.1\\(2\\)sg:*:*:*:*:*:*:*"", ""vulnerable"": true}, {""vendor"": ""cisco"", ""product"": ""ios"", ""version"": ""15.1\\(2\\)sg1"", ""criteria"": ""cpe:2.3:o:cisco:ios:15.1\\(2\\)sg1:*:*:*:*:*:*:*"", ""vulnerable"": true}, {""vendor"": ""cisco"", ""product"": ""ios"", ""version"": ""15.1\\(2\\)sg2"", ""criteria"": ""cpe:2.3:o:cisco:ios:15.1\\(2\\)sg2:*:*:*:*:*:*:*"", ""vulnerable"": true}, {""vendor"": ""cisco"", ""product"": ""ios"", ""version"": ""15.1\\(2\\)sg3"", ""criteria"": ""cpe:2.3:o:cisco:ios:15.1\\(2\\)sg3:*:*:*:*:*:*:*"", ""vulnerable"": true}, {""vendor"": ""cisco"", ""product"": ""ios"", ""version"": ""15.1\\(2\\)sg4"", ""criteria"": ""cpe:2.3:o:cisco:ios:15.1\\(2\\)sg4:*:*:*:*:*:*:*"", ""vulnerable"": true}, {""vendor"": ""cisco"", ""product"": ""ios"", ""version"": ""15.1\\(2\\)sg5"", ""criteria"": ""cpe:2.3:o:cisco:ios:15.1\\(2\\)sg5:*:*:*:*:*:*:*"", ""vulnerable"": true}, {""vendor"": ""cisco"", ""product"": ""ios"", ""version"": ""15.1\\(2\\)sg6"", ""criteria"": ""cpe:2.3:o:cisco:ios:15.1\\(2\\)sg6:*:*:*:*:*:*:*"", ""vulnerable"": true}, {""vendor"": ""cisco"", ""product"": ""ios"", ""version"": ""15.1\\(2\\)sg7"", ""criteria"": ""cpe:2.3:o:cisco:ios:15.1\\(2\\)sg7:*:*:*:*:*:*:*"", ""vulnerable"": true}, {""vendor"": ""cisco"", ""product"": ""ios"", ""version"": ""15.1\\(2\\)sg8"", ""criteria"": ""cpe:2.3:o:cisco:ios:15.1\\(2\\)sg8:*:*:*:*:*:*:*"", ""vulnerable"": true}, {""vendor"": ""cisco"", ""product"": ""ios"", ""version"": ""15.2\\(1\\)e"", ""criteria"": ""cpe:2.3:o:cisco:ios:15.2\\(1\\)e:*:*:*:*:*:*:*"", ""vulnerable"": true}, {""vendor"": ""cisco"", ""product"": ""ios"", ""version"": ""15.2\\(1\\)e1"", ""criteria"": ""cpe:2.3:o:cisco:ios:15.2\\(1\\)e1:*:*:*:*:*:*:*"", ""vulnerable"": true}, {""vendor"": ""cisco"", ""product"": ""ios"", ""version"": ""15.2\\(1\\)e2"", ""criteria"": ""cpe:2.3:o:cisco:ios:15.2\\(1\\)e2:*:*:*:*:*:*:*"", ""vulnerable"": true}, {""vendor"": ""cisco"", ""product"": ""ios"", ""version"": ""15.2\\(1\\)e3"", ""criteria"": ""cpe:2.3:o:cisco:ios:15.2\\(1\\)e3:*:*:*:*:*:*:*"", ""vulnerable"": true}, {""vendor"": ""cisco"", ""product"": ""ios"", ""version"": ""15.2\\(1\\)ey"", ""criteria"": ""cpe:2.3:o:cisco:ios:15.2\\(1\\)ey:*:*:*:*:*:*:*"", ""vulnerable"": true}, {""vendor"": ""cisco"", ""product"": ""ios"", ""version"": ""15.2\\(1\\)sy"", ""criteria"": ""cpe:2.3:o:cisco:ios:15.2\\(1\\)sy:*:*:*:*:*:*:*"", ""vulnerable"": true}, {""vendor"": ""cisco"", ""product"": ""ios"", ""version"": ""15.2\\(1\\)sy0a"", ""criteria"": ""cpe:2.3:o:cisco:ios:15.2\\(1\\)sy0a:*:*:*:*:*:*:*"", ""vulnerable"": true}, {""vendor"": ""cisco"", ""product"": ""ios"", ""version"": ""15.2\\(1\\)sy1"", ""criteria"": ""cpe:2.3:o:cisco:ios:15.2\\(1\\)sy1:*:*:*:*:*:*:*"", ""vulnerable"": true}, {""vendor"": ""cisco"", ""product"": ""ios"", ""version"": ""15.2\\(1\\)sy1a"", ""criteria"": ""cpe:2.3:o:cisco:ios:15.2\\(1\\)sy1a:*:*:*:*:*:*:*"", ""vulnerable"": true}, {""vendor"": ""cisco"", ""product"": ""ios"", ""version"": ""15.2\\(1\\)sy2"", ""criteria"": ""cpe:2.3:o:cisco:ios:15.2\\(1\\)sy2:*:*:*:*:*:*:*"", ""vulnerable"": true}, {""vendor"": ""cisco"", ""product"": ""ios"", ""version"": ""15.2\\(1\\)sy3"", ""criteria"": ""cpe:2.3:o:cisco:ios:15.2\\(1\\)sy3:*:*:*:*:*:*:*"", ""vulnerable"": true}, {""vendor"": ""cisco"", ""product"": ""ios"", ""version"": ""15.2\\(1\\)sy4"", ""criteria"": ""cpe:2.3:o:cisco:ios:15.2\\(1\\)sy4:*:*:*:*:*:*:*"", ""vulnerable"": true}, {""vendor"": ""cisco"", ""product"": ""ios"", ""version"": ""15.2\\(2\\)e"", ""criteria"": ""cpe:2.3:o:cisco:ios:15.2\\(2\\)e:*:*:*:*:*:*:*"", ""vulnerable"": true}, {""vendor"": ""cisco"", ""product"": ""ios"", ""version"": ""15.2\\(2\\)e1"", ""criteria"": ""cpe:2.3:o:cisco:ios:15.2\\(2\\)e1:*:*:*:*:*:*:*"", ""vulnerable"": true}, {""vendor"": ""cisco"", ""product"": ""ios"", ""version"": ""15.2\\(2\\)e2"", ""criteria"": ""cpe:2.3:o:cisco:ios:15.2\\(2\\)e2:*:*:*:*:*:*:*"", ""vulnerable"": true}, {""vendor"": ""cisco"", ""product"": ""ios"", ""version"": ""15.2\\(2\\)e3"", ""criteria"": ""cpe:2.3:o:cisco:ios:15.2\\(2\\)e3:*:*:*:*:*:*:*"", ""vulnerable"": true}, {""vendor"": ""cisco"", ""product"": ""ios"", ""version"": ""15.2\\(2\\)e4"", ""criteria"": ""cpe:2.3:o:cisco:ios:15.2\\(2\\)e4:*:*:*:*:*:*:*"", ""vulnerable"": true}, {""vendor"": ""cisco"", ""product"": ""ios"", ""version"": ""15.2\\(2\\)e5"", ""criteria"": ""cpe:2.3:o:cisco:ios:15.2\\(2\\)e5:*:*:*:*:*:*:*"", ""vulnerable"": true}, {""vendor"": ""cisco"", ""product"": ""ios"", ""version"": ""15.2\\(2\\)e5a"", ""criteria"": ""cpe:2.3:o:cisco:ios:15.2\\(2\\)e5a:*:*:*:*:*:*:*"", ""vulnerable"": true}, {""vendor"": ""cisco"", ""product"": ""ios"", ""version"": ""15.2\\(2\\)ea1"", ""criteria"": ""cpe:2.3:o:cisco:ios:15.2\\(2\\)ea1:*:*:*:*:*:*:*"", ""vulnerable"": true}, {""vendor"": ""cisco"", ""product"": ""ios"", ""version"": ""15.2\\(2\\)ea2"", ""criteria"": ""cpe:2.3:o:cisco:ios:15.2\\(2\\)ea2:*:*:*:*:*:*:*"", ""vulnerable"": true}, {""vendor"": ""cisco"", ""product"": ""ios"", ""version"": ""15.2\\(2\\)ea3"", ""criteria"": ""cpe:2.3:o:cisco:ios:15.2\\(2\\)ea3:*:*:*:*:*:*:*"", ""vulnerable"": true}, {""vendor"": ""cisco"", ""product"": ""ios"", ""version"": ""15.2\\(2\\)eb"", ""criteria"": ""cpe:2.3:o:cisco:ios:15.2\\(2\\)eb:*:*:*:*:*:*:*"", ""vulnerable"": true}, {""vendor"": ""cisco"", ""product"": ""ios"", ""version"": ""15.2\\(2\\)eb1"", ""criteria"": ""cpe:2.3:o:cisco:ios:15.2\\(2\\)eb1:*:*:*:*:*:*:*"", ""vulnerable"": true}, {""vendor"": ""cisco"", ""product"": ""ios"", ""version"": ""15.2\\(2\\)eb2"", ""criteria"": ""cpe:2.3:o:cisco:ios:15.2\\(2\\)eb2:*:*:*:*:*:*:*"", ""vulnerable"": true}, {""vendor"": ""cisco"", ""product"": ""ios"", ""version"": ""15.2\\(2\\)gc"", ""criteria"": ""cpe:2.3:o:cisco:ios:15.2\\(2\\)gc:*:*:*:*:*:*:*"", ""vulnerable"": true}, {""vendor"": ""cisco"", ""product"": ""ios"", ""version"": ""15.2\\(2\\)sy"", ""criteria"": ""cpe:2.3:o:cisco:ios:15.2\\(2\\)sy:*:*:*:*:*:*:*"", ""vulnerable"": true}, {""vendor"": ""cisco"", ""product"": ""ios"", ""version"": ""15.2\\(2\\)sy1"", ""criteria"": ""cpe:2.3:o:cisco:ios:15.2\\(2\\)sy1:*:*:*:*:*:*:*"", ""vulnerable"": true}, {""vendor"": ""cisco"", ""product"": ""ios"", ""version"": ""15.2\\(2\\)sy2"", ""criteria"": ""cpe:2.3:o:cisco:ios:15.2\\(2\\)sy2:*:*:*:*:*:*:*"", ""vulnerable"": true}, {""vendor"": ""cisco"", ""product"": ""ios"", ""version"": ""15.2\\(2\\)t"", ""criteria"": ""cpe:2.3:o:cisco:ios:15.2\\(2\\)t:*:*:*:*:*:*:*"", ""vulnerable"": true}, {""vendor"": ""cisco"", ""product"": ""ios"", ""version"": ""15.2\\(2\\)t1"", ""criteria"": ""cpe:2.3:o:cisco:ios:15.2\\(2\\)t1:*:*:*:*:*:*:*"", ""vulnerable"": true}, {""vendor"": ""cisco"", ""product"": ""ios"", ""version"": ""15.2\\(2\\)t2"", ""criteria"": ""cpe:2.3:o:cisco:ios:15.2\\(2\\)t2:*:*:*:*:*:*:*"", ""vulnerable"": true}, {""vendor"": ""cisco"", ""product"": ""ios"", ""version"": ""15.2\\(2\\)t3"", ""criteria"": ""cpe:2.3:o:cisco:ios:15.2\\(2\\)t3:*:*:*:*:*:*:*"", ""vulnerable"": true}, {""vendor"": ""cisco"", ""product"": ""ios"", ""version"": ""15.2\\(2\\)t4"", ""criteria"": ""cpe:2.3:o:cisco:ios:15.2\\(2\\)t4:*:*:*:*:*:*:*"", ""vulnerable"": true}, {""vendor"": ""cisco"", ""product"": ""ios"", ""version"": ""15.2\\(2a\\)e1"", ""criteria"": ""cpe:2.3:o:cisco:ios:15.2\\(2a\\)e1:*:*:*:*:*:*:*"", ""vulnerable"": true}, {""vendor"": ""cisco"", ""product"": ""ios"", ""version"": ""15.2\\(3\\)e"", ""criteria"": ""cpe:2.3:o:cisco:ios:15.2\\(3\\)e:*:*:*:*:*:*:*"", ""vulnerable"": true}, {""vendor"": ""cisco"", ""product"": ""ios"", ""version"": ""15.2\\(3\\)e1"", ""criteria"": ""cpe:2.3:o:cisco:ios:15.2\\(3\\)e1:*:*:*:*:*:*:*"", ""vulnerable"": true}, {""vendor"": ""cisco"", ""product"": ""ios"", ""version"": ""15.2\\(3\\)e2"", ""criteria"": ""cpe:2.3:o:cisco:ios:15.2\\(3\\)e2:*:*:*:*:*:*:*"", ""vulnerable"": true}, {""vendor"": ""cisco"", ""product"": ""ios"", ""version"": ""15.2\\(3\\)e3"", ""criteria"": ""cpe:2.3:o:cisco:ios:15.2\\(3\\)e3:*:*:*:*:*:*:*"", ""vulnerable"": true}, {""vendor"": ""cisco"", ""product"": ""ios"", ""version"": ""15.2\\(3\\)ea"", ""criteria"": ""cpe:2.3:o:cisco:ios:15.2\\(3\\)ea:*:*:*:*:*:*:*"", ""vulnerable"": true}, {""vendor"": ""cisco"", ""product"": ""ios"", ""version"": ""15.2\\(3\\)gc"", ""criteria"": ""cpe:2.3:o:cisco:ios:15.2\\(3\\)gc:*:*:*:*:*:*:*"", ""vulnerable"": true}, {""vendor"": ""cisco"", ""product"": ""ios"", ""version"": ""15.2\\(3\\)gc1"", ""criteria"": ""cpe:2.3:o:cisco:ios:15.2\\(3\\)gc1:*:*:*:*:*:*:*"", ""vulnerable"": true}, {""vendor"": ""cisco"", ""product"": ""ios"", ""version"": ""15.2\\(3\\)t"", ""criteria"": ""cpe:2.3:o:cisco:ios:15.2\\(3\\)t:*:*:*:*:*:*:*"", ""vulnerable"": true}, {""vendor"": ""cisco"", ""product"": ""ios"", ""version"": ""15.2\\(3\\)t1"", ""criteria"": ""cpe:2.3:o:cisco:ios:15.2\\(3\\)t1:*:*:*:*:*:*:*"", ""vulnerable"": true}, {""vendor"": ""cisco"", ""product"": ""ios"", ""version"": ""15.2\\(3\\)t2"", ""criteria"": ""cpe:2.3:o:cisco:ios:15.2\\(3\\)t2:*:*:*:*:*:*:*"", ""vulnerable"": true}, {""vendor"": ""cisco"", ""product"": ""ios"", ""version"": ""15.2\\(3\\)t3"", ""criteria"": ""cpe:2.3:o:cisco:ios:15.2\\(3\\)t3:*:*:*:*:*:*:*"", ""vulnerable"": true}, {""vendor"": ""cisco"", ""product"": ""ios"", ""version"": ""15.2\\(3\\)t4"", ""criteria"": ""cpe:2.3:o:cisco:ios:15.2\\(3\\)t4:*:*:*:*:*:*:*"", ""vulnerable"": true}, {""vendor"": ""cisco"", ""product"": ""ios"", ""version"": ""15.2\\(3a\\)e"", ""criteria"": ""cpe:2.3:o:cisco:ios:15.2\\(3a\\)e:*:*:*:*:*:*:*"", ""vulnerable"": true}, {""vendor"": ""cisco"", ""product"": ""ios"", ""version"": ""15.2\\(3m\\)e2"", ""criteria"": ""cpe:2.3:o:cisco:ios:15.2\\(3m\\)e2:*:*:*:*:*:*:*"", ""vulnerable"": true}, {""vendor"": ""cisco"", ""product"": ""ios"", ""version"": ""15.2\\(3m\\)e3"", ""criteria"": ""cpe:2.3:o:cisco:ios:15.2\\(3m\\)e3:*:*:*:*:*:*:*"", ""vulnerable"": true}, {""vendor"": ""cisco"", ""product"": ""ios"", ""version"": ""15.2\\(4\\)e"", ""criteria"": ""cpe:2.3:o:cisco:ios:15.2\\(4\\)e:*:*:*:*:*:*:*"", ""vulnerable"": true}, {""vendor"": ""cisco"", ""product"": ""ios"", ""version"": ""15.2\\(4\\)e1"", ""criteria"": ""cpe:2.3:o:cisco:ios:15.2\\(4\\)e1:*:*:*:*:*:*:*"", ""vulnerable"": true}, {""vendor"": ""cisco"", ""product"": ""ios"", ""version"": ""15.2\\(4\\)e2"", ""criteria"": ""cpe:2.3:o:cisco:ios:15.2\\(4\\)e2:*:*:*:*:*:*:*"", ""vulnerable"": true}, {""vendor"": ""cisco"", ""product"": ""ios"", ""version"": ""15.2\\(4\\)e3"", ""criteria"": ""cpe:2.3:o:cisco:ios:15.2\\(4\\)e3:*:*:*:*:*:*:*"", ""vulnerable"": true}, {""vendor"": ""cisco"", ""product"": ""ios"", ""version"": ""15.2\\(4\\)e4"", ""criteria"": ""cpe:2.3:o:cisco:ios:15.2\\(4\\)e4:*:*:*:*:*:*:*"", ""vulnerable"": true}, {""vendor"": ""cisco"", ""product"": ""ios"", ""version"": ""15.2\\(4\\)ea"", ""criteria"": ""cpe:2.3:o:cisco:ios:15.2\\(4\\)ea:*:*:*:*:*:*:*"", ""vulnerable"": true}, {""vendor"": ""cisco"", ""product"": ""ios"", ""version"": ""15.2\\(4\\)ea1"", ""criteria"": ""cpe:2.3:o:cisco:ios:15.2\\(4\\)ea1:*:*:*:*:*:*:*"", ""vulnerable"": true}, {""vendor"": ""cisco"", ""product"": ""ios"", ""version"": ""15.2\\(4\\)ea3"", ""criteria"": ""cpe:2.3:o:cisco:ios:15.2\\(4\\)ea3:*:*:*:*:*:*:*"", ""vulnerable"": true}, {""vendor"": ""cisco"", ""product"": ""ios"", ""version"": ""15.2\\(4\\)ea4"", ""criteria"": ""cpe:2.3:o:cisco:ios:15.2\\(4\\)ea4:*:*:*:*:*:*:*"", ""vulnerable"": true}, {""vendor"": ""cisco"", ""product"": ""ios"", ""version"": ""15.2\\(4\\)ec1"", ""criteria"": ""cpe:2.3:o:cisco:ios:15.2\\(4\\)ec1:*:*:*:*:*:*:*"", ""vulnerable"": true}, {""vendor"": ""cisco"", ""product"": ""ios"", ""version"": ""15.2\\(4\\)gc"", ""criteria"": ""cpe:2.3:o:cisco:ios:15.2\\(4\\)gc:*:*:*:*:*:*:*"", ""vulnerable"": true}, {""vendor"": ""cisco"", ""product"": ""ios"", ""version"": ""15.2\\(4\\)gc1"", ""criteria"": ""cpe:2.3:o:cisco:ios:15.2\\(4\\)gc1:*:*:*:*:*:*:*"", ""vulnerable"": true}, {""vendor"": ""cisco"", ""product"": ""ios"", ""version"": ""15.2\\(4\\)gc2"", ""criteria"": ""cpe:2.3:o:cisco:ios:15.2\\(4\\)gc2:*:*:*:*:*:*:*"", ""vulnerable"": true}, {""vendor"": ""cisco"", ""product"": ""ios"", ""version"": ""15.2\\(4\\)gc3"", ""criteria"": ""cpe:2.3:o:cisco:ios:15.2\\(4\\)gc3:*:*:*:*:*:*:*"", ""vulnerable"": true}, {""vendor"": ""cisco"", ""product"": ""ios"", ""version"": ""15.2\\(4\\)m"", ""criteria"": ""cpe:2.3:o:cisco:ios:15.2\\(4\\)m:*:*:*:*:*:*:*"", ""vulnerable"": true}, {""vendor"": ""cisco"", ""product"": ""ios"", ""version"": ""15.2\\(4\\)m1"", ""criteria"": ""cpe:2.3:o:cisco:ios:15.2\\(4\\)m1:*:*:*:*:*:*:*"", ""vulnerable"": true}, {""vendor"": ""cisco"", ""product"": ""ios"", ""version"": ""15.2\\(4\\)m2"", ""criteria"": ""cpe:2.3:o:cisco:ios:15.2\\(4\\)m2:*:*:*:*:*:*:*"", ""vulnerable"": true}, {""vendor"": ""cisco"", ""product"": ""ios"", ""version"": ""15.2\\(4\\)m3"", ""criteria"": ""cpe:2.3:o:cisco:ios:15.2\\(4\\)m3:*:*:*:*:*:*:*"", ""vulnerable"": true}, {""vendor"": ""cisco"", ""product"": ""ios"", ""version"": ""15.2\\(4\\)m4"", ""criteria"": ""cpe:2.3:o:cisco:ios:15.2\\(4\\)m4:*:*:*:*:*:*:*"", ""vulnerable"": true}, {""vendor"": ""cisco"", ""product"": ""ios"", ""version"": ""15.2\\(4\\)m5"", ""criteria"": ""cpe:2.3:o:cisco:ios:15.2\\(4\\)m5:*:*:*:*:*:*:*"", ""vulnerable"": true}, {""vendor"": ""cisco"", ""product"": ""ios"", ""version"": ""15.2\\(4\\)m6"", ""criteria"": ""cpe:2.3:o:cisco:ios:15.2\\(4\\)m6:*:*:*:*:*:*:*"", ""vulnerable"": true}, {""vendor"": ""cisco"", ""product"": ""ios"", ""version"": ""15.2\\(4\\)m6a"", ""criteria"": ""cpe:2.3:o:cisco:ios:15.2\\(4\\)m6a:*:*:*:*:*:*:*"", ""vulnerable"": true}, {""vendor"": ""cisco"", ""product"": ""ios"", ""version"": ""15.2\\(4\\)m7"", ""criteria"": ""cpe:2.3:o:cisco:ios:15.2\\(4\\)m7:*:*:*:*:*:*:*"", ""vulnerable"": true}, {""vendor"": ""cisco"", ""product"": ""ios"", ""version"": ""15.2\\(4\\)m8"", ""criteria"": ""cpe:2.3:o:cisco:ios:15.2\\(4\\)m8:*:*:*:*:*:*:*"", ""vulnerable"": true}, {""vendor"": ""cisco"", ""product"": ""ios"", ""version"": ""15.2\\(4\\)m9"", ""criteria"": ""cpe:2.3:o:cisco:ios:15.2\\(4\\)m9:*:*:*:*:*:*:*"", ""vulnerable"": true}, {""vendor"": ""cisco"", ""product"": ""ios"", ""version"": ""15.2\\(4\\)m10"", ""criteria"": ""cpe:2.3:o:cisco:ios:15.2\\(4\\)m10:*:*:*:*:*:*:*"", ""vulnerable"": true}, {""vendor"": ""cisco"", ""product"": ""ios"", ""version"": ""15.2\\(4\\)m11"", ""criteria"": ""cpe:2.3:o:cisco:ios:15.2\\(4\\)m11:*:*:*:*:*:*:*"", ""vulnerable"": true}, {""vendor"": ""cisco"", ""product"": ""ios"", ""version"": ""15.2\\(4m\\)e1"", ""criteria"": ""cpe:2.3:o:cisco:ios:15.2\\(4m\\)e1:*:*:*:*:*:*:*"", ""vulnerable"": true}, {""vendor"": ""cisco"", ""product"": ""ios"", ""version"": ""15.2\\(4m\\)e3"", ""criteria"": ""cpe:2.3:o:cisco:ios:15.2\\(4m\\)e3:*:*:*:*:*:*:*"", ""vulnerable"": true}, {""vendor"": ""cisco"", ""product"": ""ios"", ""version"": ""15.2\\(4p\\)e1"", ""criteria"": ""cpe:2.3:o:cisco:ios:15.2\\(4p\\)e1:*:*:*:*:*:*:*"", ""vulnerable"": true}, {""vendor"": ""cisco"", ""product"": ""ios"", ""version"": ""15.2\\(5\\)e"", ""criteria"": ""cpe:2.3:o:cisco:ios:15.2\\(5\\)e:*:*:*:*:*:*:*"", ""vulnerable"": true}, {""vendor"": ""cisco"", ""product"": ""ios"", ""version"": ""15.2\\(5\\)e1"", ""criteria"": ""cpe:2.3:o:cisco:ios:15.2\\(5\\)e1:*:*:*:*:*:*:*"", ""vulnerable"": true}, {""vendor"": ""cisco"", ""product"": ""ios"", ""version"": ""15.2\\(5\\)e2"", ""criteria"": ""cpe:2.3:o:cisco:ios:15.2\\(5\\)e2:*:*:*:*:*:*:*"", ""vulnerable"": true}, {""vendor"": ""cisco"", ""product"": ""ios"", ""version"": ""15.2\\(5\\)e2a"", ""criteria"": ""cpe:2.3:o:cisco:ios:15.2\\(5\\)e2a:*:*:*:*:*:*:*"", ""vulnerable"": true}, {""vendor"": ""cisco"", ""product"": ""ios"", ""version"": ""15.2\\(5\\)ea"", ""criteria"": ""cpe:2.3:o:cisco:ios:15.2\\(5\\)ea:*:*:*:*:*:*:*"", ""vulnerable"": true}, {""vendor"": ""cisco"", ""product"": ""ios"", ""version"": ""15.2\\(5\\)ex"", ""criteria"": ""cpe:2.3:o:cisco:ios:15.2\\(5\\)ex:*:*:*:*:*:*:*"", ""vulnerable"": true}, {""vendor"": ""cisco"", ""product"": ""ios"", ""version"": ""15.2\\(5a\\)e"", ""criteria"": ""cpe:2.3:o:cisco:ios:15.2\\(5a\\)e:*:*:*:*:*:*:*"", ""vulnerable"": true}, {""vendor"": ""cisco"", ""product"": ""ios"", ""version"": ""15.2\\(5a\\)e1"", ""criteria"": ""cpe:2.3:o:cisco:ios:15.2\\(5a\\)e1:*:*:*:*:*:*:*"", ""vulnerable"": true}, {""vendor"": ""cisco"", ""product"": ""ios"", ""version"": ""15.2\\(5b\\)e"", ""criteria"": ""cpe:2.3:o:cisco:ios:15.2\\(5b\\)e:*:*:*:*:*:*:*"", ""vulnerable"": true}, {""vendor"": ""cisco"", ""product"": ""ios"", ""version"": ""15.2\\(5c\\)e"", ""criteria"": ""cpe:2.3:o:cisco:ios:15.2\\(5c\\)e:*:*:*:*:*:*:*"", ""vulnerable"": true}, {""vendor"": ""cisco"", ""product"": ""ios"", ""version"": ""15.3\\(1\\)sy"", ""criteria"": ""cpe:2.3:o:cisco:ios:15.3\\(1\\)sy:*:*:*:*:*:*:*"", ""vulnerable"": true}, {""vendor"": ""cisco"", ""product"": ""ios"", ""version"": ""15.3\\(1\\)sy2"", ""criteria"": ""cpe:2.3:o:cisco:ios:15.3\\(1\\)sy2:*:*:*:*:*:*:*"", ""vulnerable"": true}, {""vendor"": ""cisco"", ""product"": ""ios"", ""version"": ""15.3\\(1\\)t"", ""criteria"": ""cpe:2.3:o:cisco:ios:15.3\\(1\\)t:*:*:*:*:*:*:*"", ""vulnerable"": true}, {""vendor"": ""cisco"", ""product"": ""ios"", ""version"": ""15.3\\(1\\)t1"", ""criteria"": ""cpe:2.3:o:cisco:ios:15.3\\(1\\)t1:*:*:*:*:*:*:*"", ""vulnerable"": true}, {""vendor"": ""cisco"", ""product"": ""ios"", ""version"": ""15.3\\(1\\)t2"", ""criteria"": ""cpe:2.3:o:cisco:ios:15.3\\(1\\)t2:*:*:*:*:*:*:*"", ""vulnerable"": true}, {""vendor"": ""cisco"", ""product"": ""ios"", ""version"": ""15.3\\(1\\)t3"", ""criteria"": ""cpe:2.3:o:cisco:ios:15.3\\(1\\)t3:*:*:*:*:*:*:*"", ""vulnerable"": true}, {""vendor"": ""cisco"", ""product"": ""ios"", ""version"": ""15.3\\(1\\)t4"", ""criteria"": ""cpe:2.3:o:cisco:ios:15.3\\(1\\)t4:*:*:*:*:*:*:*"", ""vulnerable"": true}, {""vendor"": ""cisco"", ""product"": ""ios"", ""version"": ""15.3\\(2\\)t"", ""criteria"": ""cpe:2.3:o:cisco:ios:15.3\\(2\\)t:*:*:*:*:*:*:*"", ""vulnerable"": true}, {""vendor"": ""cisco"", ""product"": ""ios"", ""version"": ""15.3\\(2\\)t1"", ""criteria"": ""cpe:2.3:o:cisco:ios:15.3\\(2\\)t1:*:*:*:*:*:*:*"", ""vulnerable"": true}, {""vendor"": ""cisco"", ""product"": ""ios"", ""version"": ""15.3\\(2\\)t2"", ""criteria"": ""cpe:2.3:o:cisco:ios:15.3\\(2\\)t2:*:*:*:*:*:*:*"", ""vulnerable"": true}, {""vendor"": ""cisco"", ""product"": ""ios"", ""version"": ""15.3\\(2\\)t3"", ""criteria"": ""cpe:2.3:o:cisco:ios:15.3\\(2\\)t3:*:*:*:*:*:*:*"", ""vulnerable"": true}, {""vendor"": ""cisco"", ""product"": ""ios"", ""version"": ""15.3\\(2\\)t4"", ""criteria"": ""cpe:2.3:o:cisco:ios:15.3\\(2\\)t4:*:*:*:*:*:*:*"", ""vulnerable"": true}, {""vendor"": ""cisco"", ""product"": ""ios"", ""version"": ""15.3\\(3\\)m"", ""criteria"": ""cpe:2.3:o:cisco:ios:15.3\\(3\\)m:*:*:*:*:*:*:*"", ""vulnerable"": true}, {""vendor"": ""cisco"", ""product"": ""ios"", ""version"": ""15.3\\(3\\)m1"", ""criteria"": ""cpe:2.3:o:cisco:ios:15.3\\(3\\)m1:*:*:*:*:*:*:*"", ""vulnerable"": true}, {""vendor"": ""cisco"", ""product"": ""ios"", ""version"": ""15.3\\(3\\)m2"", ""criteria"": ""cpe:2.3:o:cisco:ios:15.3\\(3\\)m2:*:*:*:*:*:*:*"", ""vulnerable"": true}, {""vendor"": ""cisco"", ""product"": ""ios"", ""version"": ""15.3\\(3\\)m3"", ""criteria"": ""cpe:2.3:o:cisco:ios:15.3\\(3\\)m3:*:*:*:*:*:*:*"", ""vulnerable"": true}, {""vendor"": ""cisco"", ""product"": ""ios"", ""version"": ""15.3\\(3\\)m4"", ""criteria"": ""cpe:2.3:o:cisco:ios:15.3\\(3\\)m4:*:*:*:*:*:*:*"", ""vulnerable"": true}, {""vendor"": ""cisco"", ""product"": ""ios"", ""version"": ""15.3\\(3\\)m5"", ""criteria"": ""cpe:2.3:o:cisco:ios:15.3\\(3\\)m5:*:*:*:*:*:*:*"", ""vulnerable"": true}, {""vendor"": ""cisco"", ""product"": ""ios"", ""version"": ""15.3\\(3\\)m6"", ""criteria"": ""cpe:2.3:o:cisco:ios:15.3\\(3\\)m6:*:*:*:*:*:*:*"", ""vulnerable"": true}, {""vendor"": ""cisco"", ""product"": ""ios"", ""version"": ""15.3\\(3\\)m7"", ""criteria"": ""cpe:2.3:o:cisco:ios:15.3\\(3\\)m7:*:*:*:*:*:*:*"", ""vulnerable"": true}, {""vendor"": ""cisco"", ""product"": ""ios"", ""version"": ""15.3\\(3\\)m9"", ""criteria"": ""cpe:2.3:o:cisco:ios:15.3\\(3\\)m9:*:*:*:*:*:*:*"", ""vulnerable"": true}, {""vendor"": ""cisco"", ""product"": ""ios"", ""version"": ""15.4\\(1\\)cg"", ""criteria"": ""cpe:2.3:o:cisco:ios:15.4\\(1\\)cg:*:*:*:*:*:*:*"", ""vulnerable"": true}, {""vendor"": ""cisco"", ""product"": ""ios"", ""version"": ""15.4\\(1\\)cg1"", ""criteria"": ""cpe:2.3:o:cisco:ios:15.4\\(1\\)cg1:*:*:*:*:*:*:*"", ""vulnerable"": true}, {""vendor"": ""cisco"", ""product"": ""ios"", ""version"": ""15.4\\(1\\)sy"", ""criteria"": ""cpe:2.3:o:cisco:ios:15.4\\(1\\)sy:*:*:*:*:*:*:*"", ""vulnerable"": true}, {""vendor"": ""cisco"", ""product"": ""ios"", ""version"": ""15.4\\(1\\)sy1"", ""criteria"": ""cpe:2.3:o:cisco:ios:15.4\\(1\\)sy1:*:*:*:*:*:*:*"", ""vulnerable"": true}, {""vendor"": ""cisco"", ""product"": ""ios"", ""version"": ""15.4\\(1\\)sy2"", ""criteria"": ""cpe:2.3:o:cisco:ios:15.4\\(1\\)sy2:*:*:*:*:*:*:*"", ""vulnerable"": true}, {""vendor"": ""cisco"", ""product"": ""ios"", ""version"": ""15.4\\(1\\)t"", ""criteria"": ""cpe:2.3:o:cisco:ios:15.4\\(1\\)t:*:*:*:*:*:*:*"", ""vulnerable"": true}, {""vendor"": ""cisco"", ""product"": ""ios"", ""version"": ""15.4\\(1\\)t1"", ""criteria"": ""cpe:2.3:o:cisco:ios:15.4\\(1\\)t1:*:*:*:*:*:*:*"", ""vulnerable"": true}, {""vendor"": ""cisco"", ""product"": ""ios"", ""version"": ""15.4\\(1\\)t2"", ""criteria"": ""cpe:2.3:o:cisco:ios:15.4\\(1\\)t2:*:*:*:*:*:*:*"", ""vulnerable"": true}, {""vendor"": ""cisco"", ""product"": ""ios"", ""version"": ""15.4\\(1\\)t3"", ""criteria"": ""cpe:2.3:o:cisco:ios:15.4\\(1\\)t3:*:*:*:*:*:*:*"", ""vulnerable"": true}, {""vendor"": ""cisco"", ""product"": ""ios"", ""version"": ""15.4\\(1\\)t4"", ""criteria"": ""cpe:2.3:o:cisco:ios:15.4\\(1\\)t4:*:*:*:*:*:*:*"", ""vulnerable"": true}, {""vendor"": ""cisco"", ""product"": ""ios"", ""version"": ""15.4\\(2\\)cg"", ""criteria"": ""cpe:2.3:o:cisco:ios:15.4\\(2\\)cg:*:*:*:*:*:*:*"", ""vulnerable"": true}, {""vendor"": ""cisco"", ""product"": ""ios"", ""version"": ""15.4\\(2\\)t"", ""criteria"": ""cpe:2.3:o:cisco:ios:15.4\\(2\\)t:*:*:*:*:*:*:*"", ""vulnerable"": true}, {""vendor"": ""cisco"", ""product"": ""ios"", ""version"": ""15.4\\(2\\)t1"", ""criteria"": ""cpe:2.3:o:cisco:ios:15.4\\(2\\)t1:*:*:*:*:*:*:*"", ""vulnerable"": true}, {""vendor"": ""cisco"", ""product"": ""ios"", ""version"": ""15.4\\(2\\)t2"", ""criteria"": ""cpe:2.3:o:cisco:ios:15.4\\(2\\)t2:*:*:*:*:*:*:*"", ""vulnerable"": true}, {""vendor"": ""cisco"", ""product"": ""ios"", ""version"": ""15.4\\(2\\)t3"", ""criteria"": ""cpe:2.3:o:cisco:ios:15.4\\(2\\)t3:*:*:*:*:*:*:*"", ""vulnerable"": true}, {""vendor"": ""cisco"", ""product"": ""ios"", ""version"": ""15.4\\(2\\)t4"", ""criteria"": ""cpe:2.3:o:cisco:ios:15.4\\(2\\)t4:*:*:*:*:*:*:*"", ""vulnerable"": true}, {""vendor"": ""cisco"", ""product"": ""ios"", ""version"": ""15.4\\(3\\)m"", ""criteria"": ""cpe:2.3:o:cisco:ios:15.4\\(3\\)m:*:*:*:*:*:*:*"", ""vulnerable"": true}, {""vendor"": ""cisco"", ""product"": ""ios"", ""version"": ""15.4\\(3\\)m1"", ""criteria"": ""cpe:2.3:o:cisco:ios:15.4\\(3\\)m1:*:*:*:*:*:*:*"", ""vulnerable"": true}, {""vendor"": ""cisco"", ""product"": ""ios"", ""version"": ""15.4\\(3\\)m2"", ""criteria"": ""cpe:2.3:o:cisco:ios:15.4\\(3\\)m2:*:*:*:*:*:*:*"", ""vulnerable"": true}, {""vendor"": ""cisco"", ""product"": ""ios"", ""version"": ""15.4\\(3\\)m3"", ""criteria"": ""cpe:2.3:o:cisco:ios:15.4\\(3\\)m3:*:*:*:*:*:*:*"", ""vulnerable"": true}, {""vendor"": ""cisco"", ""product"": ""ios"", ""version"": ""15.4\\(3\\)m4"", ""criteria"": ""cpe:2.3:o:cisco:ios:15.4\\(3\\)m4:*:*:*:*:*:*:*"", ""vulnerable"": true}, {""vendor"": ""cisco"", ""product"": ""ios"", ""version"": ""15.4\\(3\\)m5"", ""criteria"": ""cpe:2.3:o:cisco:ios:15.4\\(3\\)m5:*:*:*:*:*:*:*"", ""vulnerable"": true}, {""vendor"": ""cisco"", ""product"": ""ios"", ""version"": ""15.4\\(3\\)m6"", ""criteria"": ""cpe:2.3:o:cisco:ios:15.4\\(3\\)m6:*:*:*:*:*:*:*"", ""vulnerable"": true}, {""vendor"": ""cisco"", ""product"": ""ios"", ""version"": ""15.4\\(3\\)m6a"", ""criteria"": ""cpe:2.3:o:cisco:ios:15.4\\(3\\)m6a:*:*:*:*:*:*:*"", ""vulnerable"": true}, {""vendor"": ""cisco"", ""product"": ""ios"", ""version"": ""15.4\\(3\\)m7"", ""criteria"": ""cpe:2.3:o:cisco:ios:15.4\\(3\\)m7:*:*:*:*:*:*:*"", ""vulnerable"": true}, {""vendor"": ""cisco"", ""product"": ""ios"", ""version"": ""15.5\\(1\\)sy"", ""criteria"": ""cpe:2.3:o:cisco:ios:15.5\\(1\\)sy:*:*:*:*:*:*:*"", ""vulnerable"": true}, {""vendor"": ""cisco"", ""product"": ""ios"", ""version"": ""15.5\\(1\\)t"", ""criteria"": ""cpe:2.3:o:cisco:ios:15.5\\(1\\)t:*:*:*:*:*:*:*"", ""vulnerable"": true}, {""vendor"": ""cisco"", ""product"": ""ios"", ""version"": ""15.5\\(1\\)t1"", ""criteria"": ""cpe:2.3:o:cisco:ios:15.5\\(1\\)t1:*:*:*:*:*:*:*"", ""vulnerable"": true}, {""vendor"": ""cisco"", ""product"": ""ios"", ""version"": ""15.5\\(1\\)t2"", ""criteria"": ""cpe:2.3:o:cisco:ios:15.5\\(1\\)t2:*:*:*:*:*:*:*"", ""vulnerable"": true}, {""vendor"": ""cisco"", ""product"": ""ios"", ""version"": ""15.5\\(1\\)t3"", ""criteria"": ""cpe:2.3:o:cisco:ios:15.5\\(1\\)t3:*:*:*:*:*:*:*"", ""vulnerable"": true}, {""vendor"": ""cisco"", ""product"": ""ios"", ""version"": ""15.5\\(1\\)t4"", ""criteria"": ""cpe:2.3:o:cisco:ios:15.5\\(1\\)t4:*:*:*:*:*:*:*"", ""vulnerable"": true}, {""vendor"": ""cisco"", ""product"": ""ios"", ""version"": ""15.5\\(2\\)t"", ""criteria"": ""cpe:2.3:o:cisco:ios:15.5\\(2\\)t:*:*:*:*:*:*:*"", ""vulnerable"": true}, {""vendor"": ""cisco"", ""product"": ""ios"", ""version"": ""15.5\\(2\\)t1"", ""criteria"": ""cpe:2.3:o:cisco:ios:15.5\\(2\\)t1:*:*:*:*:*:*:*"", ""vulnerable"": true}, {""vendor"": ""cisco"", ""product"": ""ios"", ""version"": ""15.5\\(2\\)t2"", ""criteria"": ""cpe:2.3:o:cisco:ios:15.5\\(2\\)t2:*:*:*:*:*:*:*"", ""vulnerable"": true}, {""vendor"": ""cisco"", ""product"": ""ios"", ""version"": ""15.5\\(2\\)t3"", ""criteria"": ""cpe:2.3:o:cisco:ios:15.5\\(2\\)t3:*:*:*:*:*:*:*"", ""vulnerable"": true}, {""vendor"": ""cisco"", ""product"": ""ios"", ""version"": ""15.5\\(2\\)t4"", ""criteria"": ""cpe:2.3:o:cisco:ios:15.5\\(2\\)t4:*:*:*:*:*:*:*"", ""vulnerable"": true}, {""vendor"": ""cisco"", ""product"": ""ios"", ""version"": ""15.5\\(3\\)m0a"", ""criteria"": ""cpe:2.3:o:cisco:ios:15.5\\(3\\)m0a:*:*:*:*:*:*:*"", ""vulnerable"": true}, {""vendor"": ""cisco"", ""product"": ""ios"", ""version"": ""15.5\\(3\\)m1"", ""criteria"": ""cpe:2.3:o:cisco:ios:15.5\\(3\\)m1:*:*:*:*:*:*:*"", ""vulnerable"": true}, {""vendor"": ""cisco"", ""product"": ""ios"", ""version"": ""15.5\\(3\\)m2"", ""criteria"": ""cpe:2.3:o:cisco:ios:15.5\\(3\\)m2:*:*:*:*:*:*:*"", ""vulnerable"": true}, {""vendor"": ""cisco"", ""product"": ""ios"", ""version"": ""15.5\\(3\\)m3"", ""criteria"": ""cpe:2.3:o:cisco:ios:15.5\\(3\\)m3:*:*:*:*:*:*:*"", ""vulnerable"": true}, {""vendor"": ""cisco"", ""product"": ""ios"", ""version"": ""15.5\\(3\\)m4"", ""criteria"": ""cpe:2.3:o:cisco:ios:15.5\\(3\\)m4:*:*:*:*:*:*:*"", ""vulnerable"": true}, {""vendor"": ""cisco"", ""product"": ""ios"", ""version"": ""15.5\\(3\\)m4a"", ""criteria"": ""cpe:2.3:o:cisco:ios:15.5\\(3\\)m4a:*:*:*:*:*:*:*"", ""vulnerable"": true}, {""vendor"": ""cisco"", ""product"": ""ios"", ""version"": ""15.5\\(3\\)m5"", ""criteria"": ""cpe:2.3:o:cisco:ios:15.5\\(3\\)m5:*:*:*:*:*:*:*"", ""vulnerable"": true}, {""vendor"": ""cisco"", ""product"": ""ios"", ""version"": ""15.5\\(3\\)m6"", ""criteria"": ""cpe:2.3:o:cisco:ios:15.5\\(3\\)m6:*:*:*:*:*:*:*"", ""vulnerable"": true}, {""vendor"": ""cisco"", ""product"": ""ios"", ""version"": ""15.6\\(1\\)t"", ""criteria"": ""cpe:2.3:o:cisco:ios:15.6\\(1\\)t:*:*:*:*:*:*:*"", ""vulnerable"": true}, {""vendor"": ""cisco"", ""product"": ""ios"", ""version"": ""15.6\\(1\\)t0a"", ""criteria"": ""cpe:2.3:o:cisco:ios:15.6\\(1\\)t0a:*:*:*:*:*:*:*"", ""vulnerable"": true}, {""vendor"": ""cisco"", ""product"": ""ios"", ""version"": ""15.6\\(1\\)t1"", ""criteria"": ""cpe:2.3:o:cisco:ios:15.6\\(1\\)t1:*:*:*:*:*:*:*"", ""vulnerable"": true}, {""vendor"": ""cisco"", ""product"": ""ios"", ""version"": ""15.6\\(1\\)t2"", ""criteria"": ""cpe:2.3:o:cisco:ios:15.6\\(1\\)t2:*:*:*:*:*:*:*"", ""vulnerable"": true}, {""vendor"": ""cisco"", ""product"": ""ios"", ""version"": ""15.6\\(2\\)t"", ""criteria"": ""cpe:2.3:o:cisco:ios:15.6\\(2\\)t:*:*:*:*:*:*:*"", ""vulnerable"": true}, {""vendor"": ""cisco"", ""product"": ""ios"", ""version"": ""15.6\\(2\\)t1"", ""criteria"": ""cpe:2.3:o:cisco:ios:15.6\\(2\\)t1:*:*:*:*:*:*:*"", ""vulnerable"": true}, {""vendor"": ""cisco"", ""product"": ""ios"", ""version"": ""15.6\\(2\\)t2"", ""criteria"": ""cpe:2.3:o:cisco:ios:15.6\\(2\\)t2:*:*:*:*:*:*:*"", ""vulnerable"": true}, {""vendor"": ""cisco"", ""product"": ""ios"", ""version"": ""15.6\\(3\\)m"", ""criteria"": ""cpe:2.3:o:cisco:ios:15.6\\(3\\)m:*:*:*:*:*:*:*"", ""vulnerable"": true}, {""vendor"": ""cisco"", ""product"": ""ios"", ""version"": ""15.6\\(3\\)m0a"", ""criteria"": ""cpe:2.3:o:cisco:ios:15.6\\(3\\)m0a:*:*:*:*:*:*:*"", ""vulnerable"": true}, {""vendor"": ""cisco"", ""product"": ""ios"", ""version"": ""15.6\\(3\\)m1"", ""criteria"": ""cpe:2.3:o:cisco:ios:15.6\\(3\\)m1:*:*:*:*:*:*:*"", ""vulnerable"": true}, {""vendor"": ""cisco"", ""product"": ""ios"", ""version"": ""15.6\\(3\\)m1b"", ""criteria"": ""cpe:2.3:o:cisco:ios:15.6\\(3\\)m1b:*:*:*:*:*:*:*"", ""vulnerable"": true}, {""vendor"": ""cisco"", ""product"": ""ios"", ""version"": ""15.6\\(3\\)m2"", ""criteria"": ""cpe:2.3:o:cisco:ios:15.6\\(3\\)m2:*:*:*:*:*:*:*"", ""vulnerable"": true}, {""vendor"": ""cisco"", ""product"": ""ios"", ""version"": ""15.6\\(3\\)m2a"", ""criteria"": ""cpe:2.3:o:cisco:ios:15.6\\(3\\)m2a:*:*:*:*:*:*:*"", ""vulnerable"": true}, {""vendor"": ""cisco"", ""product"": ""ios"", ""version"": ""15.6\\(3\\)m3"", ""criteria"": ""cpe:2.3:o:cisco:ios:15.6\\(3\\)m3:*:*:*:*:*:*:*"", ""vulnerable"": true}]","[{""url"": ""https://sec.cloudapps.cisco.com/security/center/content/CiscoSecurityAdvisory/cisco-sa-20170629-snmp"", ""source"": ""psirt@cisco.com"", ""tags"": [""Vendor Advisory""]}, {""url"": ""https://sec.cloudapps.cisco.com/security/center/content/CiscoSecurityAdvisory/cisco-sa-20170629-snmp"", ""source"": ""af854a3a-2127-422b-91ae-364da2661108"", ""tags"": [""Vendor Advisory""]}, {""url"": ""https://www.cisa.gov/known-exploited-vulnerabilities-catalog?field_cve=CVE-2017-6744"", ""source"": ""134c704f-9b21-4f2e-91b3-4a467353bcc0"", ""tags"": [""US Government Resource""]}]",True,"[""nvd"", ""cisa_kev""]",gold_evidence_removed,False
CVE-2017-6744-REMOVED-Q4,CVE-2017-6744,severity_reason,CVE-2017-6744의 위험도가 HIGH로 평가되는 이유는 무엇인가?,"The Simple Network Management Protocol (SNMP) subsystem of Cisco IOS and IOS XE Software contains multiple vulnerabilities that could allow an authenticated, remote attacker to remotely execute code on an affected system or cause an affected system to reload. An attacker could exploit these vulnerabilities by sending a crafted SNMP packet to an affected system via IPv4 or IPv6. Only traffic directed to an affected system can be used to exploit these vulnerabilities. The vulnerabilities are due to a buffer overflow condition in the SNMP subsystem of the affected software. The vulnerabilities affect all versions of SNMP - Versions 1, 2c, and 3. To exploit these vulnerabilities via SNMP Version 2c or earlier, the attacker must know the SNMP read-only community string for the affected system. To exploit these vulnerabilities via SNMP Version 3, the attacker must have user credentials for the affected system. A successful exploit could allow the attacker to execute arbitrary code and obtain full control of the affected system or cause the affected system to reload. Customers are advised to apply the workaround as contained in the Workarounds section below. Fixed software information is available via the Cisco IOS Software Checker. All devices that have enabled SNMP and have not explicitly excluded the affected MIBs or OIDs should be considered vulnerable. There are workarounds that address these vulnerabilities.",HIGH,8.8,NETWORK,LOW,LOW,NONE,"[""CWE-119""]","[{""vendor"": ""cisco"", ""product"": ""ios"", ""version"": ""12.2\\(33\\)sxi"", ""criteria"": ""cpe:2.3:o:cisco:ios:12.2\\(33\\)sxi:*:*:*:*:*:*:*"", ""vulnerable"": true}, {""vendor"": ""cisco"", ""product"": ""ios"", ""version"": ""12.2\\(33\\)sxi1"", ""criteria"": ""cpe:2.3:o:cisco:ios:12.2\\(33\\)sxi1:*:*:*:*:*:*:*"", ""vulnerable"": true}, {""vendor"": ""cisco"", ""product"": ""ios"", ""version"": ""12.2\\(50\\)se"", ""criteria"": ""cpe:2.3:o:cisco:ios:12.2\\(50\\)se:*:*:*:*:*:*:*"", ""vulnerable"": true}, {""vendor"": ""cisco"", ""product"": ""ios"", ""version"": ""12.2\\(50\\)se1"", ""criteria"": ""cpe:2.3:o:cisco:ios:12.2\\(50\\)se1:*:*:*:*:*:*:*"", ""vulnerable"": true}, {""vendor"": ""cisco"", ""product"": ""ios"", ""version"": ""12.2\\(50\\)se2"", ""criteria"": ""cpe:2.3:o:cisco:ios:12.2\\(50\\)se2:*:*:*:*:*:*:*"", ""vulnerable"": true}, {""vendor"": ""cisco"", ""product"": ""ios"", ""version"": ""12.2\\(50\\)se3"", ""criteria"": ""cpe:2.3:o:cisco:ios:12.2\\(50\\)se3:*:*:*:*:*:*:*"", ""vulnerable"": true}, {""vendor"": ""cisco"", ""product"": ""ios"", ""version"": ""12.2\\(50\\)se4"", ""criteria"": ""cpe:2.3:o:cisco:ios:12.2\\(50\\)se4:*:*:*:*:*:*:*"", ""vulnerable"": true}, {""vendor"": ""cisco"", ""product"": ""ios"", ""version"": ""12.2\\(50\\)se5"", ""criteria"": ""cpe:2.3:o:cisco:ios:12.2\\(50\\)se5:*:*:*:*:*:*:*"", ""vulnerable"": true}, {""vendor"": ""cisco"", ""product"": ""ios"", ""version"": ""12.2\\(50\\)sg"", ""criteria"": ""cpe:2.3:o:cisco:ios:12.2\\(50\\)sg:*:*:*:*:*:*:*"", ""vulnerable"": true}, {""vendor"": ""cisco"", ""product"": ""ios"", ""version"": ""12.2\\(50\\)sg1"", ""criteria"": ""cpe:2.3:o:cisco:ios:12.2\\(50\\)sg1:*:*:*:*:*:*:*"", ""vulnerable"": true}, {""vendor"": ""cisco"", ""product"": ""ios"", ""version"": ""12.2\\(50\\)sg2"", ""criteria"": ""cpe:2.3:o:cisco:ios:12.2\\(50\\)sg2:*:*:*:*:*:*:*"", ""vulnerable"": true}, {""vendor"": ""cisco"", ""product"": ""ios"", ""version"": ""12.2\\(50\\)sg3"", ""criteria"": ""cpe:2.3:o:cisco:ios:12.2\\(50\\)sg3:*:*:*:*:*:*:*"", ""vulnerable"": true}, {""vendor"": ""cisco"", ""product"": ""ios"", ""version"": ""12.2\\(50\\)sg4"", ""criteria"": ""cpe:2.3:o:cisco:ios:12.2\\(50\\)sg4:*:*:*:*:*:*:*"", ""vulnerable"": true}, {""vendor"": ""cisco"", ""product"": ""ios"", ""version"": ""12.2\\(50\\)sg5"", ""criteria"": ""cpe:2.3:o:cisco:ios:12.2\\(50\\)sg5:*:*:*:*:*:*:*"", ""vulnerable"": true}, {""vendor"": ""cisco"", ""product"": ""ios"", ""version"": ""12.2\\(50\\)sg6"", ""criteria"": ""cpe:2.3:o:cisco:ios:12.2\\(50\\)sg6:*:*:*:*:*:*:*"", ""vulnerable"": true}, {""vendor"": ""cisco"", ""product"": ""ios"", ""version"": ""12.2\\(50\\)sg7"", ""criteria"": ""cpe:2.3:o:cisco:ios:12.2\\(50\\)sg7:*:*:*:*:*:*:*"", ""vulnerable"": true}, {""vendor"": ""cisco"", ""product"": ""ios"", ""version"": ""12.2\\(50\\)sg8"", ""criteria"": ""cpe:2.3:o:cisco:ios:12.2\\(50\\)sg8:*:*:*:*:*:*:*"", ""vulnerable"": true}, {""vendor"": ""cisco"", ""product"": ""ios"", ""version"": ""12.2\\(50\\)sq"", ""criteria"": ""cpe:2.3:o:cisco:ios:12.2\\(50\\)sq:*:*:*:*:*:*:*"", ""vulnerable"": true}, {""vendor"": ""cisco"", ""product"": ""ios"", ""version"": ""12.2\\(50\\)sq1"", ""criteria"": ""cpe:2.3:o:cisco:ios:12.2\\(50\\)sq1:*:*:*:*:*:*:*"", ""vulnerable"": true}, {""vendor"": ""cisco"", ""product"": ""ios"", ""version"": ""12.2\\(50\\)sq2"", ""criteria"": ""cpe:2.3:o:cisco:ios:12.2\\(50\\)sq2:*:*:*:*:*:*:*"", ""vulnerable"": true}, {""vendor"": ""cisco"", ""product"": ""ios"", ""version"": ""12.2\\(50\\)sq3"", ""criteria"": ""cpe:2.3:o:cisco:ios:12.2\\(50\\)sq3:*:*:*:*:*:*:*"", ""vulnerable"": true}, {""vendor"": ""cisco"", ""product"": ""ios"", ""version"": ""12.2\\(50\\)sq4"", ""criteria"": ""cpe:2.3:o:cisco:ios:12.2\\(50\\)sq4:*:*:*:*:*:*:*"", ""vulnerable"": true}, {""vendor"": ""cisco"", ""product"": ""ios"", ""version"": ""12.2\\(50\\)sq5"", ""criteria"": ""cpe:2.3:o:cisco:ios:12.2\\(50\\)sq5:*:*:*:*:*:*:*"", ""vulnerable"": true}, {""vendor"": ""cisco"", ""product"": ""ios"", ""version"": ""12.2\\(50\\)sq6"", ""criteria"": ""cpe:2.3:o:cisco:ios:12.2\\(50\\)sq6:*:*:*:*:*:*:*"", ""vulnerable"": true}, {""vendor"": ""cisco"", ""product"": ""ios"", ""version"": ""12.2\\(50\\)sq7"", ""criteria"": ""cpe:2.3:o:cisco:ios:12.2\\(50\\)sq7:*:*:*:*:*:*:*"", ""vulnerable"": true}, {""vendor"": ""cisco"", ""product"": ""ios"", ""version"": ""12.2\\(52\\)ex"", ""criteria"": ""cpe:2.3:o:cisco:ios:12.2\\(52\\)ex:*:*:*:*:*:*:*"", ""vulnerable"": true}, {""vendor"": ""cisco"", ""product"": ""ios"", ""version"": ""12.2\\(52\\)ex1"", ""criteria"": ""cpe:2.3:o:cisco:ios:12.2\\(52\\)ex1:*:*:*:*:*:*:*"", ""vulnerable"": true}, {""vendor"": ""cisco"", ""product"": ""ios"", ""version"": ""12.2\\(52\\)ey"", ""criteria"": ""cpe:2.3:o:cisco:ios:12.2\\(52\\)ey:*:*:*:*:*:*:*"", ""vulnerable"": true}, {""vendor"": ""cisco"", ""product"": ""ios"", ""version"": ""12.2\\(52\\)ey1"", ""criteria"": ""cpe:2.3:o:cisco:ios:12.2\\(52\\)ey1:*:*:*:*:*:*:*"", ""vulnerable"": true}, {""vendor"": ""cisco"", ""product"": ""ios"", ""version"": ""12.2\\(52\\)ey1b"", ""criteria"": ""cpe:2.3:o:cisco:ios:12.2\\(52\\)ey1b:*:*:*:*:*:*:*"", ""vulnerable"": true}, {""vendor"": ""cisco"", ""product"": ""ios"", ""version"": ""12.2\\(52\\)ey1c"", ""criteria"": ""cpe:2.3:o:cisco:ios:12.2\\(52\\)ey1c:*:*:*:*:*:*:*"", ""vulnerable"": true}, {""vendor"": ""cisco"", ""product"": ""ios"", ""version"": ""12.2\\(52\\)ey2"", ""criteria"": ""cpe:2.3:o:cisco:ios:12.2\\(52\\)ey2:*:*:*:*:*:*:*"", ""vulnerable"": true}, {""vendor"": ""cisco"", ""product"": ""ios"", ""version"": ""12.2\\(52\\)ey2a"", ""criteria"": ""cpe:2.3:o:cisco:ios:12.2\\(52\\)ey2a:*:*:*:*:*:*:*"", ""vulnerable"": true}, {""vendor"": ""cisco"", ""product"": ""ios"", ""version"": ""12.2\\(52\\)ey3"", ""criteria"": ""cpe:2.3:o:cisco:ios:12.2\\(52\\)ey3:*:*:*:*:*:*:*"", ""vulnerable"": true}, {""vendor"": ""cisco"", ""product"": ""ios"", ""version"": ""12.2\\(52\\)ey3a"", ""criteria"": ""cpe:2.3:o:cisco:ios:12.2\\(52\\)ey3a:*:*:*:*:*:*:*"", ""vulnerable"": true}, {""vendor"": ""cisco"", ""product"": ""ios"", ""version"": ""12.2\\(52\\)ey4"", ""criteria"": ""cpe:2.3:o:cisco:ios:12.2\\(52\\)ey4:*:*:*:*:*:*:*"", ""vulnerable"": true}, {""vendor"": ""cisco"", ""product"": ""ios"", ""version"": ""12.2\\(52\\)se"", ""criteria"": ""cpe:2.3:o:cisco:ios:12.2\\(52\\)se:*:*:*:*:*:*:*"", ""vulnerable"": true}, {""vendor"": ""cisco"", ""product"": ""ios"", ""version"": ""12.2\\(52\\)se1"", ""criteria"": ""cpe:2.3:o:cisco:ios:12.2\\(52\\)se1:*:*:*:*:*:*:*"", ""vulnerable"": true}, {""vendor"": ""cisco"", ""product"": ""ios"", ""version"": ""12.2\\(52\\)sg"", ""criteria"": ""cpe:2.3:o:cisco:ios:12.2\\(52\\)sg:*:*:*:*:*:*:*"", ""vulnerable"": true}, {""vendor"": ""cisco"", ""product"": ""ios"", ""version"": ""12.2\\(52\\)xo"", ""criteria"": ""cpe:2.3:o:cisco:ios:12.2\\(52\\)xo:*:*:*:*:*:*:*"", ""vulnerable"": true}, {""vendor"": ""cisco"", ""product"": ""ios"", ""version"": ""12.2\\(53\\)ex"", ""criteria"": ""cpe:2.3:o:cisco:ios:12.2\\(53\\)ex:*:*:*:*:*:*:*"", ""vulnerable"": true}, {""vendor"": ""cisco"", ""product"": ""ios"", ""version"": ""12.2\\(53\\)ey"", ""criteria"": ""cpe:2.3:o:cisco:ios:12.2\\(53\\)ey:*:*:*:*:*:*:*"", ""vulnerable"": true}, {""vendor"": ""cisco"", ""product"": ""ios"", ""version"": ""12.2\\(53\\)ez"", ""criteria"": ""cpe:2.3:o:cisco:ios:12.2\\(53\\)ez:*:*:*:*:*:*:*"", ""vulnerable"": true}, {""vendor"": ""cisco"", ""product"": ""ios"", ""version"": ""12.2\\(53\\)se"", ""criteria"": ""cpe:2.3:o:cisco:ios:12.2\\(53\\)se:*:*:*:*:*:*:*"", ""vulnerable"": true}, {""vendor"": ""cisco"", ""product"": ""ios"", ""version"": ""12.2\\(53\\)se1"", ""criteria"": ""cpe:2.3:o:cisco:ios:12.2\\(53\\)se1:*:*:*:*:*:*:*"", ""vulnerable"": true}, {""vendor"": ""cisco"", ""product"": ""ios"", ""version"": ""12.2\\(53\\)se2"", ""criteria"": ""cpe:2.3:o:cisco:ios:12.2\\(53\\)se2:*:*:*:*:*:*:*"", ""vulnerable"": true}, {""vendor"": ""cisco"", ""product"": ""ios"", ""version"": ""12.2\\(53\\)sg"", ""criteria"": ""cpe:2.3:o:cisco:ios:12.2\\(53\\)sg:*:*:*:*:*:*:*"", ""vulnerable"": true}, {""vendor"": ""cisco"", ""product"": ""ios"", ""version"": ""12.2\\(53\\)sg1"", ""criteria"": ""cpe:2.3:o:cisco:ios:12.2\\(53\\)sg1:*:*:*:*:*:*:*"", ""vulnerable"": true}, {""vendor"": ""cisco"", ""product"": ""ios"", ""version"": ""12.2\\(53\\)sg2"", ""criteria"": ""cpe:2.3:o:cisco:ios:12.2\\(53\\)sg2:*:*:*:*:*:*:*"", ""vulnerable"": true}, {""vendor"": ""cisco"", ""product"": ""ios"", ""version"": ""12.2\\(53\\)sg3"", ""criteria"": ""cpe:2.3:o:cisco:ios:12.2\\(53\\)sg3:*:*:*:*:*:*:*"", ""vulnerable"": true}, {""vendor"": ""cisco"", ""product"": ""ios"", ""version"": ""12.2\\(53\\)sg4"", ""criteria"": ""cpe:2.3:o:cisco:ios:12.2\\(53\\)sg4:*:*:*:*:*:*:*"", ""vulnerable"": true}, {""vendor"": ""cisco"", ""product"": ""ios"", ""version"": ""12.2\\(53\\)sg5"", ""criteria"": ""cpe:2.3:o:cisco:ios:12.2\\(53\\)sg5:*:*:*:*:*:*:*"", ""vulnerable"": true}, {""vendor"": ""cisco"", ""product"": ""ios"", ""version"": ""12.2\\(53\\)sg6"", ""criteria"": ""cpe:2.3:o:cisco:ios:12.2\\(53\\)sg6:*:*:*:*:*:*:*"", ""vulnerable"": true}, {""vendor"": ""cisco"", ""product"": ""ios"", ""version"": ""12.2\\(53\\)sg7"", ""criteria"": ""cpe:2.3:o:cisco:ios:12.2\\(53\\)sg7:*:*:*:*:*:*:*"", ""vulnerable"": true}, {""vendor"": ""cisco"", ""product"": ""ios"", ""version"": ""12.2\\(53\\)sg8"", ""criteria"": ""cpe:2.3:o:cisco:ios:12.2\\(53\\)sg8:*:*:*:*:*:*:*"", ""vulnerable"": true}, {""vendor"": ""cisco"", ""product"": ""ios"", ""version"": ""12.2\\(53\\)sg9"", ""criteria"": ""cpe:2.3:o:cisco:ios:12.2\\(53\\)sg9:*:*:*:*:*:*:*"", ""vulnerable"": true}, {""vendor"": ""cisco"", ""product"": ""ios"", ""version"": ""12.2\\(53\\)sg10"", ""criteria"": ""cpe:2.3:o:cisco:ios:12.2\\(53\\)sg10:*:*:*:*:*:*:*"", ""vulnerable"": true}, {""vendor"": ""cisco"", ""product"": ""ios"", ""version"": ""12.2\\(53\\)sg11"", ""criteria"": ""cpe:2.3:o:cisco:ios:12.2\\(53\\)sg11:*:*:*:*:*:*:*"", ""vulnerable"": true}, {""vendor"": ""cisco"", ""product"": ""ios"", ""version"": ""12.2\\(54\\)se"", ""criteria"": ""cpe:2.3:o:cisco:ios:12.2\\(54\\)se:*:*:*:*:*:*:*"", ""vulnerable"": true}, {""vendor"": ""cisco"", ""product"": ""ios"", ""version"": ""12.2\\(54\\)sg"", ""criteria"": ""cpe:2.3:o:cisco:ios:12.2\\(54\\)sg:*:*:*:*:*:*:*"", ""vulnerable"": true}, {""vendor"": ""cisco"", ""product"": ""ios"", ""version"": ""12.2\\(54\\)sg1"", ""criteria"": ""cpe:2.3:o:cisco:ios:12.2\\(54\\)sg1:*:*:*:*:*:*:*"", ""vulnerable"": true}, {""vendor"": ""cisco"", ""product"": ""ios"", ""version"": ""12.2\\(54\\)wo"", ""criteria"": ""cpe:2.3:o:cisco:ios:12.2\\(54\\)wo:*:*:*:*:*:*:*"", ""vulnerable"": true}, {""vendor"": ""cisco"", ""product"": ""ios"", ""version"": ""12.2\\(54\\)xo"", ""criteria"": ""cpe:2.3:o:cisco:ios:12.2\\(54\\)xo:*:*:*:*:*:*:*"", ""vulnerable"": true}, {""vendor"": ""cisco"", ""product"": ""ios"", ""version"": ""12.2\\(55\\)ex"", ""criteria"": ""cpe:2.3:o:cisco:ios:12.2\\(55\\)ex:*:*:*:*:*:*:*"", ""vulnerable"": true}, {""vendor"": ""cisco"", ""product"": ""ios"", ""version"": ""12.2\\(55\\)ex1"", ""criteria"": ""cpe:2.3:o:cisco:ios:12.2\\(55\\)ex1:*:*:*:*:*:*:*"", ""vulnerable"": true}, {""vendor"": ""cisco"", ""product"": ""ios"", ""version"": ""12.2\\(55\\)ex2"", ""criteria"": ""cpe:2.3:o:cisco:ios:12.2\\(55\\)ex2:*:*:*:*:*:*:*"", ""vulnerable"": true}, {""vendor"": ""cisco"", ""product"": ""ios"", ""version"": ""12.2\\(55\\)ex3"", ""criteria"": ""cpe:2.3:o:cisco:ios:12.2\\(55\\)ex3:*:*:*:*:*:*:*"", ""vulnerable"": true}, {""vendor"": ""cisco"", ""product"": ""ios"", ""version"": ""12.2\\(55\\)ey"", ""criteria"": ""cpe:2.3:o:cisco:ios:12.2\\(55\\)ey:*:*:*:*:*:*:*"", ""vulnerable"": true}, {""vendor"": ""cisco"", ""product"": ""ios"", ""version"": ""12.2\\(55\\)ez"", ""criteria"": ""cpe:2.3:o:cisco:ios:12.2\\(55\\)ez:*:*:*:*:*:*:*"", ""vulnerable"": true}, {""vendor"": ""cisco"", ""product"": ""ios"", ""version"": ""12.2\\(55\\)se"", ""criteria"": ""cpe:2.3:o:cisco:ios:12.2\\(55\\)se:*:*:*:*:*:*:*"", ""vulnerable"": true}, {""vendor"": ""cisco"", ""product"": ""ios"", ""version"": ""12.2\\(55\\)se1"", ""criteria"": ""cpe:2.3:o:cisco:ios:12.2\\(55\\)se1:*:*:*:*:*:*:*"", ""vulnerable"": true}, {""vendor"": ""cisco"", ""product"": ""ios"", ""version"": ""12.2\\(55\\)se2"", ""criteria"": ""cpe:2.3:o:cisco:ios:12.2\\(55\\)se2:*:*:*:*:*:*:*"", ""vulnerable"": true}, {""vendor"": ""cisco"", ""product"": ""ios"", ""version"": ""12.2\\(55\\)se3"", ""criteria"": ""cpe:2.3:o:cisco:ios:12.2\\(55\\)se3:*:*:*:*:*:*:*"", ""vulnerable"": true}, {""vendor"": ""cisco"", ""product"": ""ios"", ""version"": ""12.2\\(55\\)se4"", ""criteria"": ""cpe:2.3:o:cisco:ios:12.2\\(55\\)se4:*:*:*:*:*:*:*"", ""vulnerable"": true}, {""vendor"": ""cisco"", ""product"": ""ios"", ""version"": ""12.2\\(55\\)se5"", ""criteria"": ""cpe:2.3:o:cisco:ios:12.2\\(55\\)se5:*:*:*:*:*:*:*"", ""vulnerable"": true}, {""vendor"": ""cisco"", ""product"": ""ios"", ""version"": ""12.2\\(55\\)se6"", ""criteria"": ""cpe:2.3:o:cisco:ios:12.2\\(55\\)se6:*:*:*:*:*:*:*"", ""vulnerable"": true}, {""vendor"": ""cisco"", ""product"": ""ios"", ""version"": ""12.2\\(55\\)se7"", ""criteria"": ""cpe:2.3:o:cisco:ios:12.2\\(55\\)se7:*:*:*:*:*:*:*"", ""vulnerable"": true}, {""vendor"": ""cisco"", ""product"": ""ios"", ""version"": ""12.2\\(55\\)se8"", ""criteria"": ""cpe:2.3:o:cisco:ios:12.2\\(55\\)se8:*:*:*:*:*:*:*"", ""vulnerable"": true}, {""vendor"": ""cisco"", ""product"": ""ios"", ""version"": ""12.2\\(55\\)se9"", ""criteria"": ""cpe:2.3:o:cisco:ios:12.2\\(55\\)se9:*:*:*:*:*:*:*"", ""vulnerable"": true}, {""vendor"": ""cisco"", ""product"": ""ios"", ""version"": ""12.2\\(55\\)se10"", ""criteria"": ""cpe:2.3:o:cisco:ios:12.2\\(55\\)se10:*:*:*:*:*:*:*"", ""vulnerable"": true}, {""vendor"": ""cisco"", ""product"": ""ios"", ""version"": ""12.2\\(55\\)se11"", ""criteria"": ""cpe:2.3:o:cisco:ios:12.2\\(55\\)se11:*:*:*:*:*:*:*"", ""vulnerable"": true}, {""vendor"": ""cisco"", ""product"": ""ios"", ""version"": ""12.2\\(58\\)ex"", ""criteria"": ""cpe:2.3:o:cisco:ios:12.2\\(58\\)ex:*:*:*:*:*:*:*"", ""vulnerable"": true}, {""vendor"": ""cisco"", ""product"": ""ios"", ""version"": ""12.2\\(58\\)ey"", ""criteria"": ""cpe:2.3:o:cisco:ios:12.2\\(58\\)ey:*:*:*:*:*:*:*"", ""vulnerable"": true}, {""vendor"": ""cisco"", ""product"": ""ios"", ""version"": ""12.2\\(58\\)ey1"", ""criteria"": ""cpe:2.3:o:cisco:ios:12.2\\(58\\)ey1:*:*:*:*:*:*:*"", ""vulnerable"": true}, {""vendor"": ""cisco"", ""product"": ""ios"", ""version"": ""12.2\\(58\\)ey2"", ""criteria"": ""cpe:2.3:o:cisco:ios:12.2\\(58\\)ey2:*:*:*:*:*:*:*"", ""vulnerable"": true}, {""vendor"": ""cisco"", ""product"": ""ios"", ""version"": ""12.2\\(58\\)ez"", ""criteria"": ""cpe:2.3:o:cisco:ios:12.2\\(58\\)ez:*:*:*:*:*:*:*"", ""vulnerable"": true}, {""vendor"": ""cisco"", ""product"": ""ios"", ""version"": ""12.2\\(58\\)se"", ""criteria"": ""cpe:2.3:o:cisco:ios:12.2\\(58\\)se:*:*:*:*:*:*:*"", ""vulnerable"": true}, {""vendor"": ""cisco"", ""product"": ""ios"", ""version"": ""12.2\\(58\\)se1"", ""criteria"": ""cpe:2.3:o:cisco:ios:12.2\\(58\\)se1:*:*:*:*:*:*:*"", ""vulnerable"": true}, {""vendor"": ""cisco"", ""product"": ""ios"", ""version"": ""12.2\\(58\\)se2"", ""criteria"": ""cpe:2.3:o:cisco:ios:12.2\\(58\\)se2:*:*:*:*:*:*:*"", ""vulnerable"": true}, {""vendor"": ""cisco"", ""product"": ""ios"", ""version"": ""12.2\\(60\\)ez"", ""criteria"": ""cpe:2.3:o:cisco:ios:12.2\\(60\\)ez:*:*:*:*:*:*:*"", ""vulnerable"": true}, {""vendor"": ""cisco"", ""product"": ""ios"", ""version"": ""12.2\\(60\\)ez1"", ""criteria"": ""cpe:2.3:o:cisco:ios:12.2\\(60\\)ez1:*:*:*:*:*:*:*"", ""vulnerable"": true}, {""vendor"": ""cisco"", ""product"": ""ios"", ""version"": ""12.2\\(60\\)ez2"", ""criteria"": ""cpe:2.3:o:cisco:ios:12.2\\(60\\)ez2:*:*:*:*:*:*:*"", ""vulnerable"": true}, {""vendor"": ""cisco"", ""product"": ""ios"", ""version"": ""12.2\\(60\\)ez3"", ""criteria"": ""cpe:2.3:o:cisco:ios:12.2\\(60\\)ez3:*:*:*:*:*:*:*"", ""vulnerable"": true}, {""vendor"": ""cisco"", ""product"": ""ios"", ""version"": ""12.2\\(60\\)ez4"", ""criteria"": ""cpe:2.3:o:cisco:ios:12.2\\(60\\)ez4:*:*:*:*:*:*:*"", ""vulnerable"": true}, {""vendor"": ""cisco"", ""product"": ""ios"", ""version"": ""12.2\\(60\\)ez5"", ""criteria"": ""cpe:2.3:o:cisco:ios:12.2\\(60\\)ez5:*:*:*:*:*:*:*"", ""vulnerable"": true}, {""vendor"": ""cisco"", ""product"": ""ios"", ""version"": ""12.2\\(60\\)ez6"", ""criteria"": ""cpe:2.3:o:cisco:ios:12.2\\(60\\)ez6:*:*:*:*:*:*:*"", ""vulnerable"": true}, {""vendor"": ""cisco"", ""product"": ""ios"", ""version"": ""12.2\\(60\\)ez7"", ""criteria"": ""cpe:2.3:o:cisco:ios:12.2\\(60\\)ez7:*:*:*:*:*:*:*"", ""vulnerable"": true}, {""vendor"": ""cisco"", ""product"": ""ios"", ""version"": ""12.2\\(60\\)ez8"", ""criteria"": ""cpe:2.3:o:cisco:ios:12.2\\(60\\)ez8:*:*:*:*:*:*:*"", ""vulnerable"": true}, {""vendor"": ""cisco"", ""product"": ""ios"", ""version"": ""12.2\\(60\\)ez9"", ""criteria"": ""cpe:2.3:o:cisco:ios:12.2\\(60\\)ez9:*:*:*:*:*:*:*"", ""vulnerable"": true}, {""vendor"": ""cisco"", ""product"": ""ios"", ""version"": ""12.2\\(60\\)ez10"", ""criteria"": ""cpe:2.3:o:cisco:ios:12.2\\(60\\)ez10:*:*:*:*:*:*:*"", ""vulnerable"": true}, {""vendor"": ""cisco"", ""product"": ""ios"", ""version"": ""12.2\\(60\\)ez11"", ""criteria"": ""cpe:2.3:o:cisco:ios:12.2\\(60\\)ez11:*:*:*:*:*:*:*"", ""vulnerable"": true}, {""vendor"": ""cisco"", ""product"": ""ios"", ""version"": ""15.0\\(1\\)ex"", ""criteria"": ""cpe:2.3:o:cisco:ios:15.0\\(1\\)ex:*:*:*:*:*:*:*"", ""vulnerable"": true}, {""vendor"": ""cisco"", ""product"": ""ios"", ""version"": ""15.0\\(1\\)ey"", ""criteria"": ""cpe:2.3:o:cisco:ios:15.0\\(1\\)ey:*:*:*:*:*:*:*"", ""vulnerable"": true}, {""vendor"": ""cisco"", ""product"": ""ios"", ""version"": ""15.0\\(1\\)ey1"", ""criteria"": ""cpe:2.3:o:cisco:ios:15.0\\(1\\)ey1:*:*:*:*:*:*:*"", ""vulnerable"": true}, {""vendor"": ""cisco"", ""product"": ""ios"", ""version"": ""15.0\\(1\\)ey2"", ""criteria"": ""cpe:2.3:o:cisco:ios:15.0\\(1\\)ey2:*:*:*:*:*:*:*"", ""vulnerable"": true}, {""vendor"": ""cisco"", ""product"": ""ios"", ""version"": ""15.0\\(1\\)se"", ""criteria"": ""cpe:2.3:o:cisco:ios:15.0\\(1\\)se:*:*:*:*:*:*:*"", ""vulnerable"": true}, {""vendor"": ""cisco"", ""product"": ""ios"", ""version"": ""15.0\\(1\\)se1"", ""criteria"": ""cpe:2.3:o:cisco:ios:15.0\\(1\\)se1:*:*:*:*:*:*:*"", ""vulnerable"": true}, {""vendor"": ""cisco"", ""product"": ""ios"", ""version"": ""15.0\\(1\\)se2"", ""criteria"": ""cpe:2.3:o:cisco:ios:15.0\\(1\\)se2:*:*:*:*:*:*:*"", ""vulnerable"": true}, {""vendor"": ""cisco"", ""product"": ""ios"", ""version"": ""15.0\\(1\\)se3"", ""criteria"": ""cpe:2.3:o:cisco:ios:15.0\\(1\\)se3:*:*:*:*:*:*:*"", ""vulnerable"": true}, {""vendor"": ""cisco"", ""product"": ""ios"", ""version"": ""15.0\\(1\\)xo"", ""criteria"": ""cpe:2.3:o:cisco:ios:15.0\\(1\\)xo:*:*:*:*:*:*:*"", ""vulnerable"": true}, {""vendor"": ""cisco"", ""product"": ""ios"", ""version"": ""15.0\\(1\\)xo1"", ""criteria"": ""cpe:2.3:o:cisco:ios:15.0\\(1\\)xo1:*:*:*:*:*:*:*"", ""vulnerable"": true}, {""vendor"": ""cisco"", ""product"": ""ios"", ""version"": ""15.0\\(2\\)ea1"", ""criteria"": ""cpe:2.3:o:cisco:ios:15.0\\(2\\)ea1:*:*:*:*:*:*:*"", ""vulnerable"": true}, {""vendor"": ""cisco"", ""product"": ""ios"", ""version"": ""15.0\\(2\\)eb"", ""criteria"": ""cpe:2.3:o:cisco:ios:15.0\\(2\\)eb:*:*:*:*:*:*:*"", ""vulnerable"": true}, {""vendor"": ""cisco"", ""product"": ""ios"", ""version"": ""15.0\\(2\\)ec"", ""criteria"": ""cpe:2.3:o:cisco:ios:15.0\\(2\\)ec:*:*:*:*:*:*:*"", ""vulnerable"": true}, {""vendor"": ""cisco"", ""product"": ""ios"", ""version"": ""15.0\\(2\\)ed"", ""criteria"": ""cpe:2.3:o:cisco:ios:15.0\\(2\\)ed:*:*:*:*:*:*:*"", ""vulnerable"": true}, {""vendor"": ""cisco"", ""product"": ""ios"", ""version"": ""15.0\\(2\\)ed1"", ""criteria"": ""cpe:2.3:o:cisco:ios:15.0\\(2\\)ed1:*:*:*:*:*:*:*"", ""vulnerable"": true}, {""vendor"": ""cisco"", ""product"": ""ios"", ""version"": ""15.0\\(2\\)eh"", ""criteria"": ""cpe:2.3:o:cisco:ios:15.0\\(2\\)eh:*:*:*:*:*:*:*"", ""vulnerable"": true}, {""vendor"": ""cisco"", ""product"": ""ios"", ""version"": ""15.0\\(2\\)ej"", ""criteria"": ""cpe:2.3:o:cisco:ios:15.0\\(2\\)ej:*:*:*:*:*:*:*"", ""vulnerable"": true}, {""vendor"": ""cisco"", ""product"": ""ios"", ""version"": ""15.0\\(2\\)ej1"", ""criteria"": ""cpe:2.3:o:cisco:ios:15.0\\(2\\)ej1:*:*:*:*:*:*:*"", ""vulnerable"": true}, {""vendor"": ""cisco"", ""product"": ""ios"", ""version"": ""15.0\\(2\\)ek"", ""criteria"": ""cpe:2.3:o:cisco:ios:15.0\\(2\\)ek:*:*:*:*:*:*:*"", ""vulnerable"": true}, {""vendor"": ""cisco"", ""product"": ""ios"", ""version"": ""15.0\\(2\\)ek1"", ""criteria"": ""cpe:2.3:o:cisco:ios:15.0\\(2\\)ek1:*:*:*:*:*:*:*"", ""vulnerable"": true}, {""vendor"": ""cisco"", ""product"": ""ios"", ""version"": ""15.0\\(2\\)ex"", ""criteria"": ""cpe:2.3:o:cisco:ios:15.0\\(2\\)ex:*:*:*:*:*:*:*"", ""vulnerable"": true}, {""vendor"": ""cisco"", ""product"": ""ios"", ""version"": ""15.0\\(2\\)ex1"", ""criteria"": ""cpe:2.3:o:cisco:ios:15.0\\(2\\)ex1:*:*:*:*:*:*:*"", ""vulnerable"": true}, {""vendor"": ""cisco"", ""product"": ""ios"", ""version"": ""15.0\\(2\\)ex2"", ""criteria"": ""cpe:2.3:o:cisco:ios:15.0\\(2\\)ex2:*:*:*:*:*:*:*"", ""vulnerable"": true}, {""vendor"": ""cisco"", ""product"": ""ios"", ""version"": ""15.0\\(2\\)ex3"", ""criteria"": ""cpe:2.3:o:cisco:ios:15.0\\(2\\)ex3:*:*:*:*:*:*:*"", ""vulnerable"": true}, {""vendor"": ""cisco"", ""product"": ""ios"", ""version"": ""15.0\\(2\\)ex4"", ""criteria"": ""cpe:2.3:o:cisco:ios:15.0\\(2\\)ex4:*:*:*:*:*:*:*"", ""vulnerable"": true}, {""vendor"": ""cisco"", ""product"": ""ios"", ""version"": ""15.0\\(2\\)ex5"", ""criteria"": ""cpe:2.3:o:cisco:ios:15.0\\(2\\)ex5:*:*:*:*:*:*:*"", ""vulnerable"": true}, {""vendor"": ""cisco"", ""product"": ""ios"", ""version"": ""15.0\\(2\\)ex8"", ""criteria"": ""cpe:2.3:o:cisco:ios:15.0\\(2\\)ex8:*:*:*:*:*:*:*"", ""vulnerable"": true}, {""vendor"": ""cisco"", ""product"": ""ios"", ""version"": ""15.0\\(2\\)ex10"", ""criteria"": ""cpe:2.3:o:cisco:ios:15.0\\(2\\)ex10:*:*:*:*:*:*:*"", ""vulnerable"": true}, {""vendor"": ""cisco"", ""product"": ""ios"", ""version"": ""15.0\\(2\\)ey"", ""criteria"": ""cpe:2.3:o:cisco:ios:15.0\\(2\\)ey:*:*:*:*:*:*:*"", ""vulnerable"": true}, {""vendor"": ""cisco"", ""product"": ""ios"", ""version"": ""15.0\\(2\\)ey1"", ""criteria"": ""cpe:2.3:o:cisco:ios:15.0\\(2\\)ey1:*:*:*:*:*:*:*"", ""vulnerable"": true}, {""vendor"": ""cisco"", ""product"": ""ios"", ""version"": ""15.0\\(2\\)ey2"", ""criteria"": ""cpe:2.3:o:cisco:ios:15.0\\(2\\)ey2:*:*:*:*:*:*:*"", ""vulnerable"": true}, {""vendor"": ""cisco"", ""product"": ""ios"", ""version"": ""15.0\\(2\\)ey3"", ""criteria"": ""cpe:2.3:o:cisco:ios:15.0\\(2\\)ey3:*:*:*:*:*:*:*"", ""vulnerable"": true}, {""vendor"": ""cisco"", ""product"": ""ios"", ""version"": ""15.0\\(2\\)ez"", ""criteria"": ""cpe:2.3:o:cisco:ios:15.0\\(2\\)ez:*:*:*:*:*:*:*"", ""vulnerable"": true}, {""vendor"": ""cisco"", ""product"": ""ios"", ""version"": ""15.0\\(2\\)se"", ""criteria"": ""cpe:2.3:o:cisco:ios:15.0\\(2\\)se:*:*:*:*:*:*:*"", ""vulnerable"": true}, {""vendor"": ""cisco"", ""product"": ""ios"", ""version"": ""15.0\\(2\\)se1"", ""criteria"": ""cpe:2.3:o:cisco:ios:15.0\\(2\\)se1:*:*:*:*:*:*:*"", ""vulnerable"": true}, {""vendor"": ""cisco"", ""product"": ""ios"", ""version"": ""15.0\\(2\\)se2"", ""criteria"": ""cpe:2.3:o:cisco:ios:15.0\\(2\\)se2:*:*:*:*:*:*:*"", ""vulnerable"": true}, {""vendor"": ""cisco"", ""product"": ""ios"", ""version"": ""15.0\\(2\\)se3"", ""criteria"": ""cpe:2.3:o:cisco:ios:15.0\\(2\\)se3:*:*:*:*:*:*:*"", ""vulnerable"": true}, {""vendor"": ""cisco"", ""product"": ""ios"", ""version"": ""15.0\\(2\\)se4"", ""criteria"": ""cpe:2.3:o:cisco:ios:15.0\\(2\\)se4:*:*:*:*:*:*:*"", ""vulnerable"": true}, {""vendor"": ""cisco"", ""product"": ""ios"", ""version"": ""15.0\\(2\\)se5"", ""criteria"": ""cpe:2.3:o:cisco:ios:15.0\\(2\\)se5:*:*:*:*:*:*:*"", ""vulnerable"": true}, {""vendor"": ""cisco"", ""product"": ""ios"", ""version"": ""15.0\\(2\\)se6"", ""criteria"": ""cpe:2.3:o:cisco:ios:15.0\\(2\\)se6:*:*:*:*:*:*:*"", ""vulnerable"": true}, {""vendor"": ""cisco"", ""product"": ""ios"", ""version"": ""15.0\\(2\\)se7"", ""criteria"": ""cpe:2.3:o:cisco:ios:15.0\\(2\\)se7:*:*:*:*:*:*:*"", ""vulnerable"": true}, {""vendor"": ""cisco"", ""product"": ""ios"", ""version"": ""15.0\\(2\\)se9"", ""criteria"": ""cpe:2.3:o:cisco:ios:15.0\\(2\\)se9:*:*:*:*:*:*:*"", ""vulnerable"": true}, {""vendor"": ""cisco"", ""product"": ""ios"", ""version"": ""15.0\\(2\\)se10"", ""criteria"": ""cpe:2.3:o:cisco:ios:15.0\\(2\\)se10:*:*:*:*:*:*:*"", ""vulnerable"": true}, {""vendor"": ""cisco"", ""product"": ""ios"", ""version"": ""15.0\\(2\\)se10a"", ""criteria"": ""cpe:2.3:o:cisco:ios:15.0\\(2\\)se10a:*:*:*:*:*:*:*"", ""vulnerable"": true}, {""vendor"": ""cisco"", ""product"": ""ios"", ""version"": ""15.0\\(2\\)sg"", ""criteria"": ""cpe:2.3:o:cisco:ios:15.0\\(2\\)sg:*:*:*:*:*:*:*"", ""vulnerable"": true}, {""vendor"": ""cisco"", ""product"": ""ios"", ""version"": ""15.0\\(2\\)sg1"", ""criteria"": ""cpe:2.3:o:cisco:ios:15.0\\(2\\)sg1:*:*:*:*:*:*:*"", ""vulnerable"": true}, {""vendor"": ""cisco"", ""product"": ""ios"", ""version"": ""15.0\\(2\\)sg2"", ""criteria"": ""cpe:2.3:o:cisco:ios:15.0\\(2\\)sg2:*:*:*:*:*:*:*"", ""vulnerable"": true}, {""vendor"": ""cisco"", ""product"": ""ios"", ""version"": ""15.0\\(2\\)sg3"", ""criteria"": ""cpe:2.3:o:cisco:ios:15.0\\(2\\)sg3:*:*:*:*:*:*:*"", ""vulnerable"": true}, {""vendor"": ""cisco"", ""product"": ""ios"", ""version"": ""15.0\\(2\\)sg4"", ""criteria"": ""cpe:2.3:o:cisco:ios:15.0\\(2\\)sg4:*:*:*:*:*:*:*"", ""vulnerable"": true}, {""vendor"": ""cisco"", ""product"": ""ios"", ""version"": ""15.0\\(2\\)sg5"", ""criteria"": ""cpe:2.3:o:cisco:ios:15.0\\(2\\)sg5:*:*:*:*:*:*:*"", ""vulnerable"": true}, {""vendor"": ""cisco"", ""product"": ""ios"", ""version"": ""15.0\\(2\\)sg6"", ""criteria"": ""cpe:2.3:o:cisco:ios:15.0\\(2\\)sg6:*:*:*:*:*:*:*"", ""vulnerable"": true}, {""vendor"": ""cisco"", ""product"": ""ios"", ""version"": ""15.0\\(2\\)sg7"", ""criteria"": ""cpe:2.3:o:cisco:ios:15.0\\(2\\)sg7:*:*:*:*:*:*:*"", ""vulnerable"": true}, {""vendor"": ""cisco"", ""product"": ""ios"", ""version"": ""15.0\\(2\\)sg8"", ""criteria"": ""cpe:2.3:o:cisco:ios:15.0\\(2\\)sg8:*:*:*:*:*:*:*"", ""vulnerable"": true}, {""vendor"": ""cisco"", ""product"": ""ios"", ""version"": ""15.0\\(2\\)sg9"", ""criteria"": ""cpe:2.3:o:cisco:ios:15.0\\(2\\)sg9:*:*:*:*:*:*:*"", ""vulnerable"": true}, {""vendor"": ""cisco"", ""product"": ""ios"", ""version"": ""15.0\\(2\\)sg10"", ""criteria"": ""cpe:2.3:o:cisco:ios:15.0\\(2\\)sg10:*:*:*:*:*:*:*"", ""vulnerable"": true}, {""vendor"": ""cisco"", ""product"": ""ios"", ""version"": ""15.0\\(2\\)sg11"", ""criteria"": ""cpe:2.3:o:cisco:ios:15.0\\(2\\)sg11:*:*:*:*:*:*:*"", ""vulnerable"": true}, {""vendor"": ""cisco"", ""product"": ""ios"", ""version"": ""15.0\\(2\\)sqd"", ""criteria"": ""cpe:2.3:o:cisco:ios:15.0\\(2\\)sqd:*:*:*:*:*:*:*"", ""vulnerable"": true}, {""vendor"": ""cisco"", ""product"": ""ios"", ""version"": ""15.0\\(2\\)sqd1"", ""criteria"": ""cpe:2.3:o:cisco:ios:15.0\\(2\\)sqd1:*:*:*:*:*:*:*"", ""vulnerable"": true}, {""vendor"": ""cisco"", ""product"": ""ios"", ""version"": ""15.0\\(2\\)sqd2"", ""criteria"": ""cpe:2.3:o:cisco:ios:15.0\\(2\\)sqd2:*:*:*:*:*:*:*"", ""vulnerable"": true}, {""vendor"": ""cisco"", ""product"": ""ios"", ""version"": ""15.0\\(2\\)sqd3"", ""criteria"": ""cpe:2.3:o:cisco:ios:15.0\\(2\\)sqd3:*:*:*:*:*:*:*"", ""vulnerable"": true}, {""vendor"": ""cisco"", ""product"": ""ios"", ""version"": ""15.0\\(2\\)sqd5"", ""criteria"": ""cpe:2.3:o:cisco:ios:15.0\\(2\\)sqd5:*:*:*:*:*:*:*"", ""vulnerable"": true}, {""vendor"": ""cisco"", ""product"": ""ios"", ""version"": ""15.0\\(2\\)sqd6"", ""criteria"": ""cpe:2.3:o:cisco:ios:15.0\\(2\\)sqd6:*:*:*:*:*:*:*"", ""vulnerable"": true}, {""vendor"": ""cisco"", ""product"": ""ios"", ""version"": ""15.0\\(2\\)xo"", ""criteria"": ""cpe:2.3:o:cisco:ios:15.0\\(2\\)xo:*:*:*:*:*:*:*"", ""vulnerable"": true}, {""vendor"": ""cisco"", ""product"": ""ios"", ""version"": ""15.0\\(2a\\)ex5"", ""criteria"": ""cpe:2.3:o:cisco:ios:15.0\\(2a\\)ex5:*:*:*:*:*:*:*"", ""vulnerable"": true}, {""vendor"": ""cisco"", ""product"": ""ios"", ""version"": ""15.0\\(2a\\)se9"", ""criteria"": ""cpe:2.3:o:cisco:ios:15.0\\(2a\\)se9:*:*:*:*:*:*:*"", ""vulnerable"": true}, {""vendor"": ""cisco"", ""product"": ""ios"", ""version"": ""15.1\\(1\\)sg"", ""criteria"": ""cpe:2.3:o:cisco:ios:15.1\\(1\\)sg:*:*:*:*:*:*:*"", ""vulnerable"": true}, {""vendor"": ""cisco"", ""product"": ""ios"", ""version"": ""15.1\\(1\\)sg1"", ""criteria"": ""cpe:2.3:o:cisco:ios:15.1\\(1\\)sg1:*:*:*:*:*:*:*"", ""vulnerable"": true}, {""vendor"": ""cisco"", ""product"": ""ios"", ""version"": ""15.1\\(1\\)sg2"", ""criteria"": ""cpe:2.3:o:cisco:ios:15.1\\(1\\)sg2:*:*:*:*:*:*:*"", ""vulnerable"": true}, {""vendor"": ""cisco"", ""product"": ""ios"", ""version"": ""15.1\\(2\\)sg"", ""criteria"": ""cpe:2.3:o:cisco:ios:15.1\\(2\\)sg:*:*:*:*:*:*:*"", ""vulnerable"": true}, {""vendor"": ""cisco"", ""product"": ""ios"", ""version"": ""15.1\\(2\\)sg1"", ""criteria"": ""cpe:2.3:o:cisco:ios:15.1\\(2\\)sg1:*:*:*:*:*:*:*"", ""vulnerable"": true}, {""vendor"": ""cisco"", ""product"": ""ios"", ""version"": ""15.1\\(2\\)sg2"", ""criteria"": ""cpe:2.3:o:cisco:ios:15.1\\(2\\)sg2:*:*:*:*:*:*:*"", ""vulnerable"": true}, {""vendor"": ""cisco"", ""product"": ""ios"", ""version"": ""15.1\\(2\\)sg3"", ""criteria"": ""cpe:2.3:o:cisco:ios:15.1\\(2\\)sg3:*:*:*:*:*:*:*"", ""vulnerable"": true}, {""vendor"": ""cisco"", ""product"": ""ios"", ""version"": ""15.1\\(2\\)sg4"", ""criteria"": ""cpe:2.3:o:cisco:ios:15.1\\(2\\)sg4:*:*:*:*:*:*:*"", ""vulnerable"": true}, {""vendor"": ""cisco"", ""product"": ""ios"", ""version"": ""15.1\\(2\\)sg5"", ""criteria"": ""cpe:2.3:o:cisco:ios:15.1\\(2\\)sg5:*:*:*:*:*:*:*"", ""vulnerable"": true}, {""vendor"": ""cisco"", ""product"": ""ios"", ""version"": ""15.1\\(2\\)sg6"", ""criteria"": ""cpe:2.3:o:cisco:ios:15.1\\(2\\)sg6:*:*:*:*:*:*:*"", ""vulnerable"": true}, {""vendor"": ""cisco"", ""product"": ""ios"", ""version"": ""15.1\\(2\\)sg7"", ""criteria"": ""cpe:2.3:o:cisco:ios:15.1\\(2\\)sg7:*:*:*:*:*:*:*"", ""vulnerable"": true}, {""vendor"": ""cisco"", ""product"": ""ios"", ""version"": ""15.1\\(2\\)sg8"", ""criteria"": ""cpe:2.3:o:cisco:ios:15.1\\(2\\)sg8:*:*:*:*:*:*:*"", ""vulnerable"": true}, {""vendor"": ""cisco"", ""product"": ""ios"", ""version"": ""15.2\\(1\\)e"", ""criteria"": ""cpe:2.3:o:cisco:ios:15.2\\(1\\)e:*:*:*:*:*:*:*"", ""vulnerable"": true}, {""vendor"": ""cisco"", ""product"": ""ios"", ""version"": ""15.2\\(1\\)e1"", ""criteria"": ""cpe:2.3:o:cisco:ios:15.2\\(1\\)e1:*:*:*:*:*:*:*"", ""vulnerable"": true}, {""vendor"": ""cisco"", ""product"": ""ios"", ""version"": ""15.2\\(1\\)e2"", ""criteria"": ""cpe:2.3:o:cisco:ios:15.2\\(1\\)e2:*:*:*:*:*:*:*"", ""vulnerable"": true}, {""vendor"": ""cisco"", ""product"": ""ios"", ""version"": ""15.2\\(1\\)e3"", ""criteria"": ""cpe:2.3:o:cisco:ios:15.2\\(1\\)e3:*:*:*:*:*:*:*"", ""vulnerable"": true}, {""vendor"": ""cisco"", ""product"": ""ios"", ""version"": ""15.2\\(1\\)ey"", ""criteria"": ""cpe:2.3:o:cisco:ios:15.2\\(1\\)ey:*:*:*:*:*:*:*"", ""vulnerable"": true}, {""vendor"": ""cisco"", ""product"": ""ios"", ""version"": ""15.2\\(1\\)sy"", ""criteria"": ""cpe:2.3:o:cisco:ios:15.2\\(1\\)sy:*:*:*:*:*:*:*"", ""vulnerable"": true}, {""vendor"": ""cisco"", ""product"": ""ios"", ""version"": ""15.2\\(1\\)sy0a"", ""criteria"": ""cpe:2.3:o:cisco:ios:15.2\\(1\\)sy0a:*:*:*:*:*:*:*"", ""vulnerable"": true}, {""vendor"": ""cisco"", ""product"": ""ios"", ""version"": ""15.2\\(1\\)sy1"", ""criteria"": ""cpe:2.3:o:cisco:ios:15.2\\(1\\)sy1:*:*:*:*:*:*:*"", ""vulnerable"": true}, {""vendor"": ""cisco"", ""product"": ""ios"", ""version"": ""15.2\\(1\\)sy1a"", ""criteria"": ""cpe:2.3:o:cisco:ios:15.2\\(1\\)sy1a:*:*:*:*:*:*:*"", ""vulnerable"": true}, {""vendor"": ""cisco"", ""product"": ""ios"", ""version"": ""15.2\\(1\\)sy2"", ""criteria"": ""cpe:2.3:o:cisco:ios:15.2\\(1\\)sy2:*:*:*:*:*:*:*"", ""vulnerable"": true}, {""vendor"": ""cisco"", ""product"": ""ios"", ""version"": ""15.2\\(1\\)sy3"", ""criteria"": ""cpe:2.3:o:cisco:ios:15.2\\(1\\)sy3:*:*:*:*:*:*:*"", ""vulnerable"": true}, {""vendor"": ""cisco"", ""product"": ""ios"", ""version"": ""15.2\\(1\\)sy4"", ""criteria"": ""cpe:2.3:o:cisco:ios:15.2\\(1\\)sy4:*:*:*:*:*:*:*"", ""vulnerable"": true}, {""vendor"": ""cisco"", ""product"": ""ios"", ""version"": ""15.2\\(2\\)e"", ""criteria"": ""cpe:2.3:o:cisco:ios:15.2\\(2\\)e:*:*:*:*:*:*:*"", ""vulnerable"": true}, {""vendor"": ""cisco"", ""product"": ""ios"", ""version"": ""15.2\\(2\\)e1"", ""criteria"": ""cpe:2.3:o:cisco:ios:15.2\\(2\\)e1:*:*:*:*:*:*:*"", ""vulnerable"": true}, {""vendor"": ""cisco"", ""product"": ""ios"", ""version"": ""15.2\\(2\\)e2"", ""criteria"": ""cpe:2.3:o:cisco:ios:15.2\\(2\\)e2:*:*:*:*:*:*:*"", ""vulnerable"": true}, {""vendor"": ""cisco"", ""product"": ""ios"", ""version"": ""15.2\\(2\\)e3"", ""criteria"": ""cpe:2.3:o:cisco:ios:15.2\\(2\\)e3:*:*:*:*:*:*:*"", ""vulnerable"": true}, {""vendor"": ""cisco"", ""product"": ""ios"", ""version"": ""15.2\\(2\\)e4"", ""criteria"": ""cpe:2.3:o:cisco:ios:15.2\\(2\\)e4:*:*:*:*:*:*:*"", ""vulnerable"": true}, {""vendor"": ""cisco"", ""product"": ""ios"", ""version"": ""15.2\\(2\\)e5"", ""criteria"": ""cpe:2.3:o:cisco:ios:15.2\\(2\\)e5:*:*:*:*:*:*:*"", ""vulnerable"": true}, {""vendor"": ""cisco"", ""product"": ""ios"", ""version"": ""15.2\\(2\\)e5a"", ""criteria"": ""cpe:2.3:o:cisco:ios:15.2\\(2\\)e5a:*:*:*:*:*:*:*"", ""vulnerable"": true}, {""vendor"": ""cisco"", ""product"": ""ios"", ""version"": ""15.2\\(2\\)ea1"", ""criteria"": ""cpe:2.3:o:cisco:ios:15.2\\(2\\)ea1:*:*:*:*:*:*:*"", ""vulnerable"": true}, {""vendor"": ""cisco"", ""product"": ""ios"", ""version"": ""15.2\\(2\\)ea2"", ""criteria"": ""cpe:2.3:o:cisco:ios:15.2\\(2\\)ea2:*:*:*:*:*:*:*"", ""vulnerable"": true}, {""vendor"": ""cisco"", ""product"": ""ios"", ""version"": ""15.2\\(2\\)ea3"", ""criteria"": ""cpe:2.3:o:cisco:ios:15.2\\(2\\)ea3:*:*:*:*:*:*:*"", ""vulnerable"": true}, {""vendor"": ""cisco"", ""product"": ""ios"", ""version"": ""15.2\\(2\\)eb"", ""criteria"": ""cpe:2.3:o:cisco:ios:15.2\\(2\\)eb:*:*:*:*:*:*:*"", ""vulnerable"": true}, {""vendor"": ""cisco"", ""product"": ""ios"", ""version"": ""15.2\\(2\\)eb1"", ""criteria"": ""cpe:2.3:o:cisco:ios:15.2\\(2\\)eb1:*:*:*:*:*:*:*"", ""vulnerable"": true}, {""vendor"": ""cisco"", ""product"": ""ios"", ""version"": ""15.2\\(2\\)eb2"", ""criteria"": ""cpe:2.3:o:cisco:ios:15.2\\(2\\)eb2:*:*:*:*:*:*:*"", ""vulnerable"": true}, {""vendor"": ""cisco"", ""product"": ""ios"", ""version"": ""15.2\\(2\\)gc"", ""criteria"": ""cpe:2.3:o:cisco:ios:15.2\\(2\\)gc:*:*:*:*:*:*:*"", ""vulnerable"": true}, {""vendor"": ""cisco"", ""product"": ""ios"", ""version"": ""15.2\\(2\\)sy"", ""criteria"": ""cpe:2.3:o:cisco:ios:15.2\\(2\\)sy:*:*:*:*:*:*:*"", ""vulnerable"": true}, {""vendor"": ""cisco"", ""product"": ""ios"", ""version"": ""15.2\\(2\\)sy1"", ""criteria"": ""cpe:2.3:o:cisco:ios:15.2\\(2\\)sy1:*:*:*:*:*:*:*"", ""vulnerable"": true}, {""vendor"": ""cisco"", ""product"": ""ios"", ""version"": ""15.2\\(2\\)sy2"", ""criteria"": ""cpe:2.3:o:cisco:ios:15.2\\(2\\)sy2:*:*:*:*:*:*:*"", ""vulnerable"": true}, {""vendor"": ""cisco"", ""product"": ""ios"", ""version"": ""15.2\\(2\\)t"", ""criteria"": ""cpe:2.3:o:cisco:ios:15.2\\(2\\)t:*:*:*:*:*:*:*"", ""vulnerable"": true}, {""vendor"": ""cisco"", ""product"": ""ios"", ""version"": ""15.2\\(2\\)t1"", ""criteria"": ""cpe:2.3:o:cisco:ios:15.2\\(2\\)t1:*:*:*:*:*:*:*"", ""vulnerable"": true}, {""vendor"": ""cisco"", ""product"": ""ios"", ""version"": ""15.2\\(2\\)t2"", ""criteria"": ""cpe:2.3:o:cisco:ios:15.2\\(2\\)t2:*:*:*:*:*:*:*"", ""vulnerable"": true}, {""vendor"": ""cisco"", ""product"": ""ios"", ""version"": ""15.2\\(2\\)t3"", ""criteria"": ""cpe:2.3:o:cisco:ios:15.2\\(2\\)t3:*:*:*:*:*:*:*"", ""vulnerable"": true}, {""vendor"": ""cisco"", ""product"": ""ios"", ""version"": ""15.2\\(2\\)t4"", ""criteria"": ""cpe:2.3:o:cisco:ios:15.2\\(2\\)t4:*:*:*:*:*:*:*"", ""vulnerable"": true}, {""vendor"": ""cisco"", ""product"": ""ios"", ""version"": ""15.2\\(2a\\)e1"", ""criteria"": ""cpe:2.3:o:cisco:ios:15.2\\(2a\\)e1:*:*:*:*:*:*:*"", ""vulnerable"": true}, {""vendor"": ""cisco"", ""product"": ""ios"", ""version"": ""15.2\\(3\\)e"", ""criteria"": ""cpe:2.3:o:cisco:ios:15.2\\(3\\)e:*:*:*:*:*:*:*"", ""vulnerable"": true}, {""vendor"": ""cisco"", ""product"": ""ios"", ""version"": ""15.2\\(3\\)e1"", ""criteria"": ""cpe:2.3:o:cisco:ios:15.2\\(3\\)e1:*:*:*:*:*:*:*"", ""vulnerable"": true}, {""vendor"": ""cisco"", ""product"": ""ios"", ""version"": ""15.2\\(3\\)e2"", ""criteria"": ""cpe:2.3:o:cisco:ios:15.2\\(3\\)e2:*:*:*:*:*:*:*"", ""vulnerable"": true}, {""vendor"": ""cisco"", ""product"": ""ios"", ""version"": ""15.2\\(3\\)e3"", ""criteria"": ""cpe:2.3:o:cisco:ios:15.2\\(3\\)e3:*:*:*:*:*:*:*"", ""vulnerable"": true}, {""vendor"": ""cisco"", ""product"": ""ios"", ""version"": ""15.2\\(3\\)ea"", ""criteria"": ""cpe:2.3:o:cisco:ios:15.2\\(3\\)ea:*:*:*:*:*:*:*"", ""vulnerable"": true}, {""vendor"": ""cisco"", ""product"": ""ios"", ""version"": ""15.2\\(3\\)gc"", ""criteria"": ""cpe:2.3:o:cisco:ios:15.2\\(3\\)gc:*:*:*:*:*:*:*"", ""vulnerable"": true}, {""vendor"": ""cisco"", ""product"": ""ios"", ""version"": ""15.2\\(3\\)gc1"", ""criteria"": ""cpe:2.3:o:cisco:ios:15.2\\(3\\)gc1:*:*:*:*:*:*:*"", ""vulnerable"": true}, {""vendor"": ""cisco"", ""product"": ""ios"", ""version"": ""15.2\\(3\\)t"", ""criteria"": ""cpe:2.3:o:cisco:ios:15.2\\(3\\)t:*:*:*:*:*:*:*"", ""vulnerable"": true}, {""vendor"": ""cisco"", ""product"": ""ios"", ""version"": ""15.2\\(3\\)t1"", ""criteria"": ""cpe:2.3:o:cisco:ios:15.2\\(3\\)t1:*:*:*:*:*:*:*"", ""vulnerable"": true}, {""vendor"": ""cisco"", ""product"": ""ios"", ""version"": ""15.2\\(3\\)t2"", ""criteria"": ""cpe:2.3:o:cisco:ios:15.2\\(3\\)t2:*:*:*:*:*:*:*"", ""vulnerable"": true}, {""vendor"": ""cisco"", ""product"": ""ios"", ""version"": ""15.2\\(3\\)t3"", ""criteria"": ""cpe:2.3:o:cisco:ios:15.2\\(3\\)t3:*:*:*:*:*:*:*"", ""vulnerable"": true}, {""vendor"": ""cisco"", ""product"": ""ios"", ""version"": ""15.2\\(3\\)t4"", ""criteria"": ""cpe:2.3:o:cisco:ios:15.2\\(3\\)t4:*:*:*:*:*:*:*"", ""vulnerable"": true}, {""vendor"": ""cisco"", ""product"": ""ios"", ""version"": ""15.2\\(3a\\)e"", ""criteria"": ""cpe:2.3:o:cisco:ios:15.2\\(3a\\)e:*:*:*:*:*:*:*"", ""vulnerable"": true}, {""vendor"": ""cisco"", ""product"": ""ios"", ""version"": ""15.2\\(3m\\)e2"", ""criteria"": ""cpe:2.3:o:cisco:ios:15.2\\(3m\\)e2:*:*:*:*:*:*:*"", ""vulnerable"": true}, {""vendor"": ""cisco"", ""product"": ""ios"", ""version"": ""15.2\\(3m\\)e3"", ""criteria"": ""cpe:2.3:o:cisco:ios:15.2\\(3m\\)e3:*:*:*:*:*:*:*"", ""vulnerable"": true}, {""vendor"": ""cisco"", ""product"": ""ios"", ""version"": ""15.2\\(4\\)e"", ""criteria"": ""cpe:2.3:o:cisco:ios:15.2\\(4\\)e:*:*:*:*:*:*:*"", ""vulnerable"": true}, {""vendor"": ""cisco"", ""product"": ""ios"", ""version"": ""15.2\\(4\\)e1"", ""criteria"": ""cpe:2.3:o:cisco:ios:15.2\\(4\\)e1:*:*:*:*:*:*:*"", ""vulnerable"": true}, {""vendor"": ""cisco"", ""product"": ""ios"", ""version"": ""15.2\\(4\\)e2"", ""criteria"": ""cpe:2.3:o:cisco:ios:15.2\\(4\\)e2:*:*:*:*:*:*:*"", ""vulnerable"": true}, {""vendor"": ""cisco"", ""product"": ""ios"", ""version"": ""15.2\\(4\\)e3"", ""criteria"": ""cpe:2.3:o:cisco:ios:15.2\\(4\\)e3:*:*:*:*:*:*:*"", ""vulnerable"": true}, {""vendor"": ""cisco"", ""product"": ""ios"", ""version"": ""15.2\\(4\\)e4"", ""criteria"": ""cpe:2.3:o:cisco:ios:15.2\\(4\\)e4:*:*:*:*:*:*:*"", ""vulnerable"": true}, {""vendor"": ""cisco"", ""product"": ""ios"", ""version"": ""15.2\\(4\\)ea"", ""criteria"": ""cpe:2.3:o:cisco:ios:15.2\\(4\\)ea:*:*:*:*:*:*:*"", ""vulnerable"": true}, {""vendor"": ""cisco"", ""product"": ""ios"", ""version"": ""15.2\\(4\\)ea1"", ""criteria"": ""cpe:2.3:o:cisco:ios:15.2\\(4\\)ea1:*:*:*:*:*:*:*"", ""vulnerable"": true}, {""vendor"": ""cisco"", ""product"": ""ios"", ""version"": ""15.2\\(4\\)ea3"", ""criteria"": ""cpe:2.3:o:cisco:ios:15.2\\(4\\)ea3:*:*:*:*:*:*:*"", ""vulnerable"": true}, {""vendor"": ""cisco"", ""product"": ""ios"", ""version"": ""15.2\\(4\\)ea4"", ""criteria"": ""cpe:2.3:o:cisco:ios:15.2\\(4\\)ea4:*:*:*:*:*:*:*"", ""vulnerable"": true}, {""vendor"": ""cisco"", ""product"": ""ios"", ""version"": ""15.2\\(4\\)ec1"", ""criteria"": ""cpe:2.3:o:cisco:ios:15.2\\(4\\)ec1:*:*:*:*:*:*:*"", ""vulnerable"": true}, {""vendor"": ""cisco"", ""product"": ""ios"", ""version"": ""15.2\\(4\\)gc"", ""criteria"": ""cpe:2.3:o:cisco:ios:15.2\\(4\\)gc:*:*:*:*:*:*:*"", ""vulnerable"": true}, {""vendor"": ""cisco"", ""product"": ""ios"", ""version"": ""15.2\\(4\\)gc1"", ""criteria"": ""cpe:2.3:o:cisco:ios:15.2\\(4\\)gc1:*:*:*:*:*:*:*"", ""vulnerable"": true}, {""vendor"": ""cisco"", ""product"": ""ios"", ""version"": ""15.2\\(4\\)gc2"", ""criteria"": ""cpe:2.3:o:cisco:ios:15.2\\(4\\)gc2:*:*:*:*:*:*:*"", ""vulnerable"": true}, {""vendor"": ""cisco"", ""product"": ""ios"", ""version"": ""15.2\\(4\\)gc3"", ""criteria"": ""cpe:2.3:o:cisco:ios:15.2\\(4\\)gc3:*:*:*:*:*:*:*"", ""vulnerable"": true}, {""vendor"": ""cisco"", ""product"": ""ios"", ""version"": ""15.2\\(4\\)m"", ""criteria"": ""cpe:2.3:o:cisco:ios:15.2\\(4\\)m:*:*:*:*:*:*:*"", ""vulnerable"": true}, {""vendor"": ""cisco"", ""product"": ""ios"", ""version"": ""15.2\\(4\\)m1"", ""criteria"": ""cpe:2.3:o:cisco:ios:15.2\\(4\\)m1:*:*:*:*:*:*:*"", ""vulnerable"": true}, {""vendor"": ""cisco"", ""product"": ""ios"", ""version"": ""15.2\\(4\\)m2"", ""criteria"": ""cpe:2.3:o:cisco:ios:15.2\\(4\\)m2:*:*:*:*:*:*:*"", ""vulnerable"": true}, {""vendor"": ""cisco"", ""product"": ""ios"", ""version"": ""15.2\\(4\\)m3"", ""criteria"": ""cpe:2.3:o:cisco:ios:15.2\\(4\\)m3:*:*:*:*:*:*:*"", ""vulnerable"": true}, {""vendor"": ""cisco"", ""product"": ""ios"", ""version"": ""15.2\\(4\\)m4"", ""criteria"": ""cpe:2.3:o:cisco:ios:15.2\\(4\\)m4:*:*:*:*:*:*:*"", ""vulnerable"": true}, {""vendor"": ""cisco"", ""product"": ""ios"", ""version"": ""15.2\\(4\\)m5"", ""criteria"": ""cpe:2.3:o:cisco:ios:15.2\\(4\\)m5:*:*:*:*:*:*:*"", ""vulnerable"": true}, {""vendor"": ""cisco"", ""product"": ""ios"", ""version"": ""15.2\\(4\\)m6"", ""criteria"": ""cpe:2.3:o:cisco:ios:15.2\\(4\\)m6:*:*:*:*:*:*:*"", ""vulnerable"": true}, {""vendor"": ""cisco"", ""product"": ""ios"", ""version"": ""15.2\\(4\\)m6a"", ""criteria"": ""cpe:2.3:o:cisco:ios:15.2\\(4\\)m6a:*:*:*:*:*:*:*"", ""vulnerable"": true}, {""vendor"": ""cisco"", ""product"": ""ios"", ""version"": ""15.2\\(4\\)m7"", ""criteria"": ""cpe:2.3:o:cisco:ios:15.2\\(4\\)m7:*:*:*:*:*:*:*"", ""vulnerable"": true}, {""vendor"": ""cisco"", ""product"": ""ios"", ""version"": ""15.2\\(4\\)m8"", ""criteria"": ""cpe:2.3:o:cisco:ios:15.2\\(4\\)m8:*:*:*:*:*:*:*"", ""vulnerable"": true}, {""vendor"": ""cisco"", ""product"": ""ios"", ""version"": ""15.2\\(4\\)m9"", ""criteria"": ""cpe:2.3:o:cisco:ios:15.2\\(4\\)m9:*:*:*:*:*:*:*"", ""vulnerable"": true}, {""vendor"": ""cisco"", ""product"": ""ios"", ""version"": ""15.2\\(4\\)m10"", ""criteria"": ""cpe:2.3:o:cisco:ios:15.2\\(4\\)m10:*:*:*:*:*:*:*"", ""vulnerable"": true}, {""vendor"": ""cisco"", ""product"": ""ios"", ""version"": ""15.2\\(4\\)m11"", ""criteria"": ""cpe:2.3:o:cisco:ios:15.2\\(4\\)m11:*:*:*:*:*:*:*"", ""vulnerable"": true}, {""vendor"": ""cisco"", ""product"": ""ios"", ""version"": ""15.2\\(4m\\)e1"", ""criteria"": ""cpe:2.3:o:cisco:ios:15.2\\(4m\\)e1:*:*:*:*:*:*:*"", ""vulnerable"": true}, {""vendor"": ""cisco"", ""product"": ""ios"", ""version"": ""15.2\\(4m\\)e3"", ""criteria"": ""cpe:2.3:o:cisco:ios:15.2\\(4m\\)e3:*:*:*:*:*:*:*"", ""vulnerable"": true}, {""vendor"": ""cisco"", ""product"": ""ios"", ""version"": ""15.2\\(4p\\)e1"", ""criteria"": ""cpe:2.3:o:cisco:ios:15.2\\(4p\\)e1:*:*:*:*:*:*:*"", ""vulnerable"": true}, {""vendor"": ""cisco"", ""product"": ""ios"", ""version"": ""15.2\\(5\\)e"", ""criteria"": ""cpe:2.3:o:cisco:ios:15.2\\(5\\)e:*:*:*:*:*:*:*"", ""vulnerable"": true}, {""vendor"": ""cisco"", ""product"": ""ios"", ""version"": ""15.2\\(5\\)e1"", ""criteria"": ""cpe:2.3:o:cisco:ios:15.2\\(5\\)e1:*:*:*:*:*:*:*"", ""vulnerable"": true}, {""vendor"": ""cisco"", ""product"": ""ios"", ""version"": ""15.2\\(5\\)e2"", ""criteria"": ""cpe:2.3:o:cisco:ios:15.2\\(5\\)e2:*:*:*:*:*:*:*"", ""vulnerable"": true}, {""vendor"": ""cisco"", ""product"": ""ios"", ""version"": ""15.2\\(5\\)e2a"", ""criteria"": ""cpe:2.3:o:cisco:ios:15.2\\(5\\)e2a:*:*:*:*:*:*:*"", ""vulnerable"": true}, {""vendor"": ""cisco"", ""product"": ""ios"", ""version"": ""15.2\\(5\\)ea"", ""criteria"": ""cpe:2.3:o:cisco:ios:15.2\\(5\\)ea:*:*:*:*:*:*:*"", ""vulnerable"": true}, {""vendor"": ""cisco"", ""product"": ""ios"", ""version"": ""15.2\\(5\\)ex"", ""criteria"": ""cpe:2.3:o:cisco:ios:15.2\\(5\\)ex:*:*:*:*:*:*:*"", ""vulnerable"": true}, {""vendor"": ""cisco"", ""product"": ""ios"", ""version"": ""15.2\\(5a\\)e"", ""criteria"": ""cpe:2.3:o:cisco:ios:15.2\\(5a\\)e:*:*:*:*:*:*:*"", ""vulnerable"": true}, {""vendor"": ""cisco"", ""product"": ""ios"", ""version"": ""15.2\\(5a\\)e1"", ""criteria"": ""cpe:2.3:o:cisco:ios:15.2\\(5a\\)e1:*:*:*:*:*:*:*"", ""vulnerable"": true}, {""vendor"": ""cisco"", ""product"": ""ios"", ""version"": ""15.2\\(5b\\)e"", ""criteria"": ""cpe:2.3:o:cisco:ios:15.2\\(5b\\)e:*:*:*:*:*:*:*"", ""vulnerable"": true}, {""vendor"": ""cisco"", ""product"": ""ios"", ""version"": ""15.2\\(5c\\)e"", ""criteria"": ""cpe:2.3:o:cisco:ios:15.2\\(5c\\)e:*:*:*:*:*:*:*"", ""vulnerable"": true}, {""vendor"": ""cisco"", ""product"": ""ios"", ""version"": ""15.3\\(1\\)sy"", ""criteria"": ""cpe:2.3:o:cisco:ios:15.3\\(1\\)sy:*:*:*:*:*:*:*"", ""vulnerable"": true}, {""vendor"": ""cisco"", ""product"": ""ios"", ""version"": ""15.3\\(1\\)sy2"", ""criteria"": ""cpe:2.3:o:cisco:ios:15.3\\(1\\)sy2:*:*:*:*:*:*:*"", ""vulnerable"": true}, {""vendor"": ""cisco"", ""product"": ""ios"", ""version"": ""15.3\\(1\\)t"", ""criteria"": ""cpe:2.3:o:cisco:ios:15.3\\(1\\)t:*:*:*:*:*:*:*"", ""vulnerable"": true}, {""vendor"": ""cisco"", ""product"": ""ios"", ""version"": ""15.3\\(1\\)t1"", ""criteria"": ""cpe:2.3:o:cisco:ios:15.3\\(1\\)t1:*:*:*:*:*:*:*"", ""vulnerable"": true}, {""vendor"": ""cisco"", ""product"": ""ios"", ""version"": ""15.3\\(1\\)t2"", ""criteria"": ""cpe:2.3:o:cisco:ios:15.3\\(1\\)t2:*:*:*:*:*:*:*"", ""vulnerable"": true}, {""vendor"": ""cisco"", ""product"": ""ios"", ""version"": ""15.3\\(1\\)t3"", ""criteria"": ""cpe:2.3:o:cisco:ios:15.3\\(1\\)t3:*:*:*:*:*:*:*"", ""vulnerable"": true}, {""vendor"": ""cisco"", ""product"": ""ios"", ""version"": ""15.3\\(1\\)t4"", ""criteria"": ""cpe:2.3:o:cisco:ios:15.3\\(1\\)t4:*:*:*:*:*:*:*"", ""vulnerable"": true}, {""vendor"": ""cisco"", ""product"": ""ios"", ""version"": ""15.3\\(2\\)t"", ""criteria"": ""cpe:2.3:o:cisco:ios:15.3\\(2\\)t:*:*:*:*:*:*:*"", ""vulnerable"": true}, {""vendor"": ""cisco"", ""product"": ""ios"", ""version"": ""15.3\\(2\\)t1"", ""criteria"": ""cpe:2.3:o:cisco:ios:15.3\\(2\\)t1:*:*:*:*:*:*:*"", ""vulnerable"": true}, {""vendor"": ""cisco"", ""product"": ""ios"", ""version"": ""15.3\\(2\\)t2"", ""criteria"": ""cpe:2.3:o:cisco:ios:15.3\\(2\\)t2:*:*:*:*:*:*:*"", ""vulnerable"": true}, {""vendor"": ""cisco"", ""product"": ""ios"", ""version"": ""15.3\\(2\\)t3"", ""criteria"": ""cpe:2.3:o:cisco:ios:15.3\\(2\\)t3:*:*:*:*:*:*:*"", ""vulnerable"": true}, {""vendor"": ""cisco"", ""product"": ""ios"", ""version"": ""15.3\\(2\\)t4"", ""criteria"": ""cpe:2.3:o:cisco:ios:15.3\\(2\\)t4:*:*:*:*:*:*:*"", ""vulnerable"": true}, {""vendor"": ""cisco"", ""product"": ""ios"", ""version"": ""15.3\\(3\\)m"", ""criteria"": ""cpe:2.3:o:cisco:ios:15.3\\(3\\)m:*:*:*:*:*:*:*"", ""vulnerable"": true}, {""vendor"": ""cisco"", ""product"": ""ios"", ""version"": ""15.3\\(3\\)m1"", ""criteria"": ""cpe:2.3:o:cisco:ios:15.3\\(3\\)m1:*:*:*:*:*:*:*"", ""vulnerable"": true}, {""vendor"": ""cisco"", ""product"": ""ios"", ""version"": ""15.3\\(3\\)m2"", ""criteria"": ""cpe:2.3:o:cisco:ios:15.3\\(3\\)m2:*:*:*:*:*:*:*"", ""vulnerable"": true}, {""vendor"": ""cisco"", ""product"": ""ios"", ""version"": ""15.3\\(3\\)m3"", ""criteria"": ""cpe:2.3:o:cisco:ios:15.3\\(3\\)m3:*:*:*:*:*:*:*"", ""vulnerable"": true}, {""vendor"": ""cisco"", ""product"": ""ios"", ""version"": ""15.3\\(3\\)m4"", ""criteria"": ""cpe:2.3:o:cisco:ios:15.3\\(3\\)m4:*:*:*:*:*:*:*"", ""vulnerable"": true}, {""vendor"": ""cisco"", ""product"": ""ios"", ""version"": ""15.3\\(3\\)m5"", ""criteria"": ""cpe:2.3:o:cisco:ios:15.3\\(3\\)m5:*:*:*:*:*:*:*"", ""vulnerable"": true}, {""vendor"": ""cisco"", ""product"": ""ios"", ""version"": ""15.3\\(3\\)m6"", ""criteria"": ""cpe:2.3:o:cisco:ios:15.3\\(3\\)m6:*:*:*:*:*:*:*"", ""vulnerable"": true}, {""vendor"": ""cisco"", ""product"": ""ios"", ""version"": ""15.3\\(3\\)m7"", ""criteria"": ""cpe:2.3:o:cisco:ios:15.3\\(3\\)m7:*:*:*:*:*:*:*"", ""vulnerable"": true}, {""vendor"": ""cisco"", ""product"": ""ios"", ""version"": ""15.3\\(3\\)m9"", ""criteria"": ""cpe:2.3:o:cisco:ios:15.3\\(3\\)m9:*:*:*:*:*:*:*"", ""vulnerable"": true}, {""vendor"": ""cisco"", ""product"": ""ios"", ""version"": ""15.4\\(1\\)cg"", ""criteria"": ""cpe:2.3:o:cisco:ios:15.4\\(1\\)cg:*:*:*:*:*:*:*"", ""vulnerable"": true}, {""vendor"": ""cisco"", ""product"": ""ios"", ""version"": ""15.4\\(1\\)cg1"", ""criteria"": ""cpe:2.3:o:cisco:ios:15.4\\(1\\)cg1:*:*:*:*:*:*:*"", ""vulnerable"": true}, {""vendor"": ""cisco"", ""product"": ""ios"", ""version"": ""15.4\\(1\\)sy"", ""criteria"": ""cpe:2.3:o:cisco:ios:15.4\\(1\\)sy:*:*:*:*:*:*:*"", ""vulnerable"": true}, {""vendor"": ""cisco"", ""product"": ""ios"", ""version"": ""15.4\\(1\\)sy1"", ""criteria"": ""cpe:2.3:o:cisco:ios:15.4\\(1\\)sy1:*:*:*:*:*:*:*"", ""vulnerable"": true}, {""vendor"": ""cisco"", ""product"": ""ios"", ""version"": ""15.4\\(1\\)sy2"", ""criteria"": ""cpe:2.3:o:cisco:ios:15.4\\(1\\)sy2:*:*:*:*:*:*:*"", ""vulnerable"": true}, {""vendor"": ""cisco"", ""product"": ""ios"", ""version"": ""15.4\\(1\\)t"", ""criteria"": ""cpe:2.3:o:cisco:ios:15.4\\(1\\)t:*:*:*:*:*:*:*"", ""vulnerable"": true}, {""vendor"": ""cisco"", ""product"": ""ios"", ""version"": ""15.4\\(1\\)t1"", ""criteria"": ""cpe:2.3:o:cisco:ios:15.4\\(1\\)t1:*:*:*:*:*:*:*"", ""vulnerable"": true}, {""vendor"": ""cisco"", ""product"": ""ios"", ""version"": ""15.4\\(1\\)t2"", ""criteria"": ""cpe:2.3:o:cisco:ios:15.4\\(1\\)t2:*:*:*:*:*:*:*"", ""vulnerable"": true}, {""vendor"": ""cisco"", ""product"": ""ios"", ""version"": ""15.4\\(1\\)t3"", ""criteria"": ""cpe:2.3:o:cisco:ios:15.4\\(1\\)t3:*:*:*:*:*:*:*"", ""vulnerable"": true}, {""vendor"": ""cisco"", ""product"": ""ios"", ""version"": ""15.4\\(1\\)t4"", ""criteria"": ""cpe:2.3:o:cisco:ios:15.4\\(1\\)t4:*:*:*:*:*:*:*"", ""vulnerable"": true}, {""vendor"": ""cisco"", ""product"": ""ios"", ""version"": ""15.4\\(2\\)cg"", ""criteria"": ""cpe:2.3:o:cisco:ios:15.4\\(2\\)cg:*:*:*:*:*:*:*"", ""vulnerable"": true}, {""vendor"": ""cisco"", ""product"": ""ios"", ""version"": ""15.4\\(2\\)t"", ""criteria"": ""cpe:2.3:o:cisco:ios:15.4\\(2\\)t:*:*:*:*:*:*:*"", ""vulnerable"": true}, {""vendor"": ""cisco"", ""product"": ""ios"", ""version"": ""15.4\\(2\\)t1"", ""criteria"": ""cpe:2.3:o:cisco:ios:15.4\\(2\\)t1:*:*:*:*:*:*:*"", ""vulnerable"": true}, {""vendor"": ""cisco"", ""product"": ""ios"", ""version"": ""15.4\\(2\\)t2"", ""criteria"": ""cpe:2.3:o:cisco:ios:15.4\\(2\\)t2:*:*:*:*:*:*:*"", ""vulnerable"": true}, {""vendor"": ""cisco"", ""product"": ""ios"", ""version"": ""15.4\\(2\\)t3"", ""criteria"": ""cpe:2.3:o:cisco:ios:15.4\\(2\\)t3:*:*:*:*:*:*:*"", ""vulnerable"": true}, {""vendor"": ""cisco"", ""product"": ""ios"", ""version"": ""15.4\\(2\\)t4"", ""criteria"": ""cpe:2.3:o:cisco:ios:15.4\\(2\\)t4:*:*:*:*:*:*:*"", ""vulnerable"": true}, {""vendor"": ""cisco"", ""product"": ""ios"", ""version"": ""15.4\\(3\\)m"", ""criteria"": ""cpe:2.3:o:cisco:ios:15.4\\(3\\)m:*:*:*:*:*:*:*"", ""vulnerable"": true}, {""vendor"": ""cisco"", ""product"": ""ios"", ""version"": ""15.4\\(3\\)m1"", ""criteria"": ""cpe:2.3:o:cisco:ios:15.4\\(3\\)m1:*:*:*:*:*:*:*"", ""vulnerable"": true}, {""vendor"": ""cisco"", ""product"": ""ios"", ""version"": ""15.4\\(3\\)m2"", ""criteria"": ""cpe:2.3:o:cisco:ios:15.4\\(3\\)m2:*:*:*:*:*:*:*"", ""vulnerable"": true}, {""vendor"": ""cisco"", ""product"": ""ios"", ""version"": ""15.4\\(3\\)m3"", ""criteria"": ""cpe:2.3:o:cisco:ios:15.4\\(3\\)m3:*:*:*:*:*:*:*"", ""vulnerable"": true}, {""vendor"": ""cisco"", ""product"": ""ios"", ""version"": ""15.4\\(3\\)m4"", ""criteria"": ""cpe:2.3:o:cisco:ios:15.4\\(3\\)m4:*:*:*:*:*:*:*"", ""vulnerable"": true}, {""vendor"": ""cisco"", ""product"": ""ios"", ""version"": ""15.4\\(3\\)m5"", ""criteria"": ""cpe:2.3:o:cisco:ios:15.4\\(3\\)m5:*:*:*:*:*:*:*"", ""vulnerable"": true}, {""vendor"": ""cisco"", ""product"": ""ios"", ""version"": ""15.4\\(3\\)m6"", ""criteria"": ""cpe:2.3:o:cisco:ios:15.4\\(3\\)m6:*:*:*:*:*:*:*"", ""vulnerable"": true}, {""vendor"": ""cisco"", ""product"": ""ios"", ""version"": ""15.4\\(3\\)m6a"", ""criteria"": ""cpe:2.3:o:cisco:ios:15.4\\(3\\)m6a:*:*:*:*:*:*:*"", ""vulnerable"": true}, {""vendor"": ""cisco"", ""product"": ""ios"", ""version"": ""15.4\\(3\\)m7"", ""criteria"": ""cpe:2.3:o:cisco:ios:15.4\\(3\\)m7:*:*:*:*:*:*:*"", ""vulnerable"": true}, {""vendor"": ""cisco"", ""product"": ""ios"", ""version"": ""15.5\\(1\\)sy"", ""criteria"": ""cpe:2.3:o:cisco:ios:15.5\\(1\\)sy:*:*:*:*:*:*:*"", ""vulnerable"": true}, {""vendor"": ""cisco"", ""product"": ""ios"", ""version"": ""15.5\\(1\\)t"", ""criteria"": ""cpe:2.3:o:cisco:ios:15.5\\(1\\)t:*:*:*:*:*:*:*"", ""vulnerable"": true}, {""vendor"": ""cisco"", ""product"": ""ios"", ""version"": ""15.5\\(1\\)t1"", ""criteria"": ""cpe:2.3:o:cisco:ios:15.5\\(1\\)t1:*:*:*:*:*:*:*"", ""vulnerable"": true}, {""vendor"": ""cisco"", ""product"": ""ios"", ""version"": ""15.5\\(1\\)t2"", ""criteria"": ""cpe:2.3:o:cisco:ios:15.5\\(1\\)t2:*:*:*:*:*:*:*"", ""vulnerable"": true}, {""vendor"": ""cisco"", ""product"": ""ios"", ""version"": ""15.5\\(1\\)t3"", ""criteria"": ""cpe:2.3:o:cisco:ios:15.5\\(1\\)t3:*:*:*:*:*:*:*"", ""vulnerable"": true}, {""vendor"": ""cisco"", ""product"": ""ios"", ""version"": ""15.5\\(1\\)t4"", ""criteria"": ""cpe:2.3:o:cisco:ios:15.5\\(1\\)t4:*:*:*:*:*:*:*"", ""vulnerable"": true}, {""vendor"": ""cisco"", ""product"": ""ios"", ""version"": ""15.5\\(2\\)t"", ""criteria"": ""cpe:2.3:o:cisco:ios:15.5\\(2\\)t:*:*:*:*:*:*:*"", ""vulnerable"": true}, {""vendor"": ""cisco"", ""product"": ""ios"", ""version"": ""15.5\\(2\\)t1"", ""criteria"": ""cpe:2.3:o:cisco:ios:15.5\\(2\\)t1:*:*:*:*:*:*:*"", ""vulnerable"": true}, {""vendor"": ""cisco"", ""product"": ""ios"", ""version"": ""15.5\\(2\\)t2"", ""criteria"": ""cpe:2.3:o:cisco:ios:15.5\\(2\\)t2:*:*:*:*:*:*:*"", ""vulnerable"": true}, {""vendor"": ""cisco"", ""product"": ""ios"", ""version"": ""15.5\\(2\\)t3"", ""criteria"": ""cpe:2.3:o:cisco:ios:15.5\\(2\\)t3:*:*:*:*:*:*:*"", ""vulnerable"": true}, {""vendor"": ""cisco"", ""product"": ""ios"", ""version"": ""15.5\\(2\\)t4"", ""criteria"": ""cpe:2.3:o:cisco:ios:15.5\\(2\\)t4:*:*:*:*:*:*:*"", ""vulnerable"": true}, {""vendor"": ""cisco"", ""product"": ""ios"", ""version"": ""15.5\\(3\\)m0a"", ""criteria"": ""cpe:2.3:o:cisco:ios:15.5\\(3\\)m0a:*:*:*:*:*:*:*"", ""vulnerable"": true}, {""vendor"": ""cisco"", ""product"": ""ios"", ""version"": ""15.5\\(3\\)m1"", ""criteria"": ""cpe:2.3:o:cisco:ios:15.5\\(3\\)m1:*:*:*:*:*:*:*"", ""vulnerable"": true}, {""vendor"": ""cisco"", ""product"": ""ios"", ""version"": ""15.5\\(3\\)m2"", ""criteria"": ""cpe:2.3:o:cisco:ios:15.5\\(3\\)m2:*:*:*:*:*:*:*"", ""vulnerable"": true}, {""vendor"": ""cisco"", ""product"": ""ios"", ""version"": ""15.5\\(3\\)m3"", ""criteria"": ""cpe:2.3:o:cisco:ios:15.5\\(3\\)m3:*:*:*:*:*:*:*"", ""vulnerable"": true}, {""vendor"": ""cisco"", ""product"": ""ios"", ""version"": ""15.5\\(3\\)m4"", ""criteria"": ""cpe:2.3:o:cisco:ios:15.5\\(3\\)m4:*:*:*:*:*:*:*"", ""vulnerable"": true}, {""vendor"": ""cisco"", ""product"": ""ios"", ""version"": ""15.5\\(3\\)m4a"", ""criteria"": ""cpe:2.3:o:cisco:ios:15.5\\(3\\)m4a:*:*:*:*:*:*:*"", ""vulnerable"": true}, {""vendor"": ""cisco"", ""product"": ""ios"", ""version"": ""15.5\\(3\\)m5"", ""criteria"": ""cpe:2.3:o:cisco:ios:15.5\\(3\\)m5:*:*:*:*:*:*:*"", ""vulnerable"": true}, {""vendor"": ""cisco"", ""product"": ""ios"", ""version"": ""15.5\\(3\\)m6"", ""criteria"": ""cpe:2.3:o:cisco:ios:15.5\\(3\\)m6:*:*:*:*:*:*:*"", ""vulnerable"": true}, {""vendor"": ""cisco"", ""product"": ""ios"", ""version"": ""15.6\\(1\\)t"", ""criteria"": ""cpe:2.3:o:cisco:ios:15.6\\(1\\)t:*:*:*:*:*:*:*"", ""vulnerable"": true}, {""vendor"": ""cisco"", ""product"": ""ios"", ""version"": ""15.6\\(1\\)t0a"", ""criteria"": ""cpe:2.3:o:cisco:ios:15.6\\(1\\)t0a:*:*:*:*:*:*:*"", ""vulnerable"": true}, {""vendor"": ""cisco"", ""product"": ""ios"", ""version"": ""15.6\\(1\\)t1"", ""criteria"": ""cpe:2.3:o:cisco:ios:15.6\\(1\\)t1:*:*:*:*:*:*:*"", ""vulnerable"": true}, {""vendor"": ""cisco"", ""product"": ""ios"", ""version"": ""15.6\\(1\\)t2"", ""criteria"": ""cpe:2.3:o:cisco:ios:15.6\\(1\\)t2:*:*:*:*:*:*:*"", ""vulnerable"": true}, {""vendor"": ""cisco"", ""product"": ""ios"", ""version"": ""15.6\\(2\\)t"", ""criteria"": ""cpe:2.3:o:cisco:ios:15.6\\(2\\)t:*:*:*:*:*:*:*"", ""vulnerable"": true}, {""vendor"": ""cisco"", ""product"": ""ios"", ""version"": ""15.6\\(2\\)t1"", ""criteria"": ""cpe:2.3:o:cisco:ios:15.6\\(2\\)t1:*:*:*:*:*:*:*"", ""vulnerable"": true}, {""vendor"": ""cisco"", ""product"": ""ios"", ""version"": ""15.6\\(2\\)t2"", ""criteria"": ""cpe:2.3:o:cisco:ios:15.6\\(2\\)t2:*:*:*:*:*:*:*"", ""vulnerable"": true}, {""vendor"": ""cisco"", ""product"": ""ios"", ""version"": ""15.6\\(3\\)m"", ""criteria"": ""cpe:2.3:o:cisco:ios:15.6\\(3\\)m:*:*:*:*:*:*:*"", ""vulnerable"": true}, {""vendor"": ""cisco"", ""product"": ""ios"", ""version"": ""15.6\\(3\\)m0a"", ""criteria"": ""cpe:2.3:o:cisco:ios:15.6\\(3\\)m0a:*:*:*:*:*:*:*"", ""vulnerable"": true}, {""vendor"": ""cisco"", ""product"": ""ios"", ""version"": ""15.6\\(3\\)m1"", ""criteria"": ""cpe:2.3:o:cisco:ios:15.6\\(3\\)m1:*:*:*:*:*:*:*"", ""vulnerable"": true}, {""vendor"": ""cisco"", ""product"": ""ios"", ""version"": ""15.6\\(3\\)m1b"", ""criteria"": ""cpe:2.3:o:cisco:ios:15.6\\(3\\)m1b:*:*:*:*:*:*:*"", ""vulnerable"": true}, {""vendor"": ""cisco"", ""product"": ""ios"", ""version"": ""15.6\\(3\\)m2"", ""criteria"": ""cpe:2.3:o:cisco:ios:15.6\\(3\\)m2:*:*:*:*:*:*:*"", ""vulnerable"": true}, {""vendor"": ""cisco"", ""product"": ""ios"", ""version"": ""15.6\\(3\\)m2a"", ""criteria"": ""cpe:2.3:o:cisco:ios:15.6\\(3\\)m2a:*:*:*:*:*:*:*"", ""vulnerable"": true}, {""vendor"": ""cisco"", ""product"": ""ios"", ""version"": ""15.6\\(3\\)m3"", ""criteria"": ""cpe:2.3:o:cisco:ios:15.6\\(3\\)m3:*:*:*:*:*:*:*"", ""vulnerable"": true}]","[{""url"": ""https://sec.cloudapps.cisco.com/security/center/content/CiscoSecurityAdvisory/cisco-sa-20170629-snmp"", ""source"": ""psirt@cisco.com"", ""tags"": [""Vendor Advisory""]}, {""url"": ""https://sec.cloudapps.cisco.com/security/center/content/CiscoSecurityAdvisory/cisco-sa-20170629-snmp"", ""source"": ""af854a3a-2127-422b-91ae-364da2661108"", ""tags"": [""Vendor Advisory""]}, {""url"": ""https://www.cisa.gov/known-exploited-vulnerabilities-catalog?field_cve=CVE-2017-6744"", ""source"": ""134c704f-9b21-4f2e-91b3-4a467353bcc0"", ""tags"": [""US Government Resource""]}]",True,"[""nvd"", ""cisa_kev""]",gold_evidence_removed,False
CVE-2017-6744-REMOVED-Q5,CVE-2017-6744,mitigation,CVE-2017-6744에 대한 대응 방법이나 완화 방안은 무엇인가?,"The Simple Network Management Protocol (SNMP) subsystem of Cisco IOS and IOS XE Software contains multiple vulnerabilities that could allow an authenticated, remote attacker to remotely execute code on an affected system or cause an affected system to reload. An attacker could exploit these vulnerabilities by sending a crafted SNMP packet to an affected system via IPv4 or IPv6. Only traffic directed to an affected system can be used to exploit these vulnerabilities. The vulnerabilities are due to a buffer overflow condition in the SNMP subsystem of the affected software. The vulnerabilities affect all versions of SNMP - Versions 1, 2c, and 3. To exploit these vulnerabilities via SNMP Version 2c or earlier, the attacker must know the SNMP read-only community string for the affected system. To exploit these vulnerabilities via SNMP Version 3, the attacker must have user credentials for the affected system. A successful exploit could allow the attacker to execute arbitrary code and obtain full control of the affected system or cause the affected system to reload. Customers are advised to apply the workaround as contained in the Workarounds section below. Fixed software information is available via the Cisco IOS Software Checker. All devices that have enabled SNMP and have not explicitly excluded the affected MIBs or OIDs should be considered vulnerable. There are workarounds that address these vulnerabilities.",HIGH,8.8,NETWORK,LOW,LOW,NONE,"[""CWE-119""]","[{""vendor"": ""cisco"", ""product"": ""ios"", ""version"": ""12.2\\(33\\)sxi"", ""criteria"": ""cpe:2.3:o:cisco:ios:12.2\\(33\\)sxi:*:*:*:*:*:*:*"", ""vulnerable"": true}, {""vendor"": ""cisco"", ""product"": ""ios"", ""version"": ""12.2\\(33\\)sxi1"", ""criteria"": ""cpe:2.3:o:cisco:ios:12.2\\(33\\)sxi1:*:*:*:*:*:*:*"", ""vulnerable"": true}, {""vendor"": ""cisco"", ""product"": ""ios"", ""version"": ""12.2\\(50\\)se"", ""criteria"": ""cpe:2.3:o:cisco:ios:12.2\\(50\\)se:*:*:*:*:*:*:*"", ""vulnerable"": true}, {""vendor"": ""cisco"", ""product"": ""ios"", ""version"": ""12.2\\(50\\)se1"", ""criteria"": ""cpe:2.3:o:cisco:ios:12.2\\(50\\)se1:*:*:*:*:*:*:*"", ""vulnerable"": true}, {""vendor"": ""cisco"", ""product"": ""ios"", ""version"": ""12.2\\(50\\)se2"", ""criteria"": ""cpe:2.3:o:cisco:ios:12.2\\(50\\)se2:*:*:*:*:*:*:*"", ""vulnerable"": true}, {""vendor"": ""cisco"", ""product"": ""ios"", ""version"": ""12.2\\(50\\)se3"", ""criteria"": ""cpe:2.3:o:cisco:ios:12.2\\(50\\)se3:*:*:*:*:*:*:*"", ""vulnerable"": true}, {""vendor"": ""cisco"", ""product"": ""ios"", ""version"": ""12.2\\(50\\)se4"", ""criteria"": ""cpe:2.3:o:cisco:ios:12.2\\(50\\)se4:*:*:*:*:*:*:*"", ""vulnerable"": true}, {""vendor"": ""cisco"", ""product"": ""ios"", ""version"": ""12.2\\(50\\)se5"", ""criteria"": ""cpe:2.3:o:cisco:ios:12.2\\(50\\)se5:*:*:*:*:*:*:*"", ""vulnerable"": true}, {""vendor"": ""cisco"", ""product"": ""ios"", ""version"": ""12.2\\(50\\)sg"", ""criteria"": ""cpe:2.3:o:cisco:ios:12.2\\(50\\)sg:*:*:*:*:*:*:*"", ""vulnerable"": true}, {""vendor"": ""cisco"", ""product"": ""ios"", ""version"": ""12.2\\(50\\)sg1"", ""criteria"": ""cpe:2.3:o:cisco:ios:12.2\\(50\\)sg1:*:*:*:*:*:*:*"", ""vulnerable"": true}, {""vendor"": ""cisco"", ""product"": ""ios"", ""version"": ""12.2\\(50\\)sg2"", ""criteria"": ""cpe:2.3:o:cisco:ios:12.2\\(50\\)sg2:*:*:*:*:*:*:*"", ""vulnerable"": true}, {""vendor"": ""cisco"", ""product"": ""ios"", ""version"": ""12.2\\(50\\)sg3"", ""criteria"": ""cpe:2.3:o:cisco:ios:12.2\\(50\\)sg3:*:*:*:*:*:*:*"", ""vulnerable"": true}, {""vendor"": ""cisco"", ""product"": ""ios"", ""version"": ""12.2\\(50\\)sg4"", ""criteria"": ""cpe:2.3:o:cisco:ios:12.2\\(50\\)sg4:*:*:*:*:*:*:*"", ""vulnerable"": true}, {""vendor"": ""cisco"", ""product"": ""ios"", ""version"": ""12.2\\(50\\)sg5"", ""criteria"": ""cpe:2.3:o:cisco:ios:12.2\\(50\\)sg5:*:*:*:*:*:*:*"", ""vulnerable"": true}, {""vendor"": ""cisco"", ""product"": ""ios"", ""version"": ""12.2\\(50\\)sg6"", ""criteria"": ""cpe:2.3:o:cisco:ios:12.2\\(50\\)sg6:*:*:*:*:*:*:*"", ""vulnerable"": true}, {""vendor"": ""cisco"", ""product"": ""ios"", ""version"": ""12.2\\(50\\)sg7"", ""criteria"": ""cpe:2.3:o:cisco:ios:12.2\\(50\\)sg7:*:*:*:*:*:*:*"", ""vulnerable"": true}, {""vendor"": ""cisco"", ""product"": ""ios"", ""version"": ""12.2\\(50\\)sg8"", ""criteria"": ""cpe:2.3:o:cisco:ios:12.2\\(50\\)sg8:*:*:*:*:*:*:*"", ""vulnerable"": true}, {""vendor"": ""cisco"", ""product"": ""ios"", ""version"": ""12.2\\(50\\)sq"", ""criteria"": ""cpe:2.3:o:cisco:ios:12.2\\(50\\)sq:*:*:*:*:*:*:*"", ""vulnerable"": true}, {""vendor"": ""cisco"", ""product"": ""ios"", ""version"": ""12.2\\(50\\)sq1"", ""criteria"": ""cpe:2.3:o:cisco:ios:12.2\\(50\\)sq1:*:*:*:*:*:*:*"", ""vulnerable"": true}, {""vendor"": ""cisco"", ""product"": ""ios"", ""version"": ""12.2\\(50\\)sq2"", ""criteria"": ""cpe:2.3:o:cisco:ios:12.2\\(50\\)sq2:*:*:*:*:*:*:*"", ""vulnerable"": true}, {""vendor"": ""cisco"", ""product"": ""ios"", ""version"": ""12.2\\(50\\)sq3"", ""criteria"": ""cpe:2.3:o:cisco:ios:12.2\\(50\\)sq3:*:*:*:*:*:*:*"", ""vulnerable"": true}, {""vendor"": ""cisco"", ""product"": ""ios"", ""version"": ""12.2\\(50\\)sq4"", ""criteria"": ""cpe:2.3:o:cisco:ios:12.2\\(50\\)sq4:*:*:*:*:*:*:*"", ""vulnerable"": true}, {""vendor"": ""cisco"", ""product"": ""ios"", ""version"": ""12.2\\(50\\)sq5"", ""criteria"": ""cpe:2.3:o:cisco:ios:12.2\\(50\\)sq5:*:*:*:*:*:*:*"", ""vulnerable"": true}, {""vendor"": ""cisco"", ""product"": ""ios"", ""version"": ""12.2\\(50\\)sq6"", ""criteria"": ""cpe:2.3:o:cisco:ios:12.2\\(50\\)sq6:*:*:*:*:*:*:*"", ""vulnerable"": true}, {""vendor"": ""cisco"", ""product"": ""ios"", ""version"": ""12.2\\(50\\)sq7"", ""criteria"": ""cpe:2.3:o:cisco:ios:12.2\\(50\\)sq7:*:*:*:*:*:*:*"", ""vulnerable"": true}, {""vendor"": ""cisco"", ""product"": ""ios"", ""version"": ""12.2\\(52\\)ex"", ""criteria"": ""cpe:2.3:o:cisco:ios:12.2\\(52\\)ex:*:*:*:*:*:*:*"", ""vulnerable"": true}, {""vendor"": ""cisco"", ""product"": ""ios"", ""version"": ""12.2\\(52\\)ex1"", ""criteria"": ""cpe:2.3:o:cisco:ios:12.2\\(52\\)ex1:*:*:*:*:*:*:*"", ""vulnerable"": true}, {""vendor"": ""cisco"", ""product"": ""ios"", ""version"": ""12.2\\(52\\)ey"", ""criteria"": ""cpe:2.3:o:cisco:ios:12.2\\(52\\)ey:*:*:*:*:*:*:*"", ""vulnerable"": true}, {""vendor"": ""cisco"", ""product"": ""ios"", ""version"": ""12.2\\(52\\)ey1"", ""criteria"": ""cpe:2.3:o:cisco:ios:12.2\\(52\\)ey1:*:*:*:*:*:*:*"", ""vulnerable"": true}, {""vendor"": ""cisco"", ""product"": ""ios"", ""version"": ""12.2\\(52\\)ey1b"", ""criteria"": ""cpe:2.3:o:cisco:ios:12.2\\(52\\)ey1b:*:*:*:*:*:*:*"", ""vulnerable"": true}, {""vendor"": ""cisco"", ""product"": ""ios"", ""version"": ""12.2\\(52\\)ey1c"", ""criteria"": ""cpe:2.3:o:cisco:ios:12.2\\(52\\)ey1c:*:*:*:*:*:*:*"", ""vulnerable"": true}, {""vendor"": ""cisco"", ""product"": ""ios"", ""version"": ""12.2\\(52\\)ey2"", ""criteria"": ""cpe:2.3:o:cisco:ios:12.2\\(52\\)ey2:*:*:*:*:*:*:*"", ""vulnerable"": true}, {""vendor"": ""cisco"", ""product"": ""ios"", ""version"": ""12.2\\(52\\)ey2a"", ""criteria"": ""cpe:2.3:o:cisco:ios:12.2\\(52\\)ey2a:*:*:*:*:*:*:*"", ""vulnerable"": true}, {""vendor"": ""cisco"", ""product"": ""ios"", ""version"": ""12.2\\(52\\)ey3"", ""criteria"": ""cpe:2.3:o:cisco:ios:12.2\\(52\\)ey3:*:*:*:*:*:*:*"", ""vulnerable"": true}, {""vendor"": ""cisco"", ""product"": ""ios"", ""version"": ""12.2\\(52\\)ey3a"", ""criteria"": ""cpe:2.3:o:cisco:ios:12.2\\(52\\)ey3a:*:*:*:*:*:*:*"", ""vulnerable"": true}, {""vendor"": ""cisco"", ""product"": ""ios"", ""version"": ""12.2\\(52\\)ey4"", ""criteria"": ""cpe:2.3:o:cisco:ios:12.2\\(52\\)ey4:*:*:*:*:*:*:*"", ""vulnerable"": true}, {""vendor"": ""cisco"", ""product"": ""ios"", ""version"": ""12.2\\(52\\)se"", ""criteria"": ""cpe:2.3:o:cisco:ios:12.2\\(52\\)se:*:*:*:*:*:*:*"", ""vulnerable"": true}, {""vendor"": ""cisco"", ""product"": ""ios"", ""version"": ""12.2\\(52\\)se1"", ""criteria"": ""cpe:2.3:o:cisco:ios:12.2\\(52\\)se1:*:*:*:*:*:*:*"", ""vulnerable"": true}, {""vendor"": ""cisco"", ""product"": ""ios"", ""version"": ""12.2\\(52\\)sg"", ""criteria"": ""cpe:2.3:o:cisco:ios:12.2\\(52\\)sg:*:*:*:*:*:*:*"", ""vulnerable"": true}, {""vendor"": ""cisco"", ""product"": ""ios"", ""version"": ""12.2\\(52\\)xo"", ""criteria"": ""cpe:2.3:o:cisco:ios:12.2\\(52\\)xo:*:*:*:*:*:*:*"", ""vulnerable"": true}, {""vendor"": ""cisco"", ""product"": ""ios"", ""version"": ""12.2\\(53\\)ex"", ""criteria"": ""cpe:2.3:o:cisco:ios:12.2\\(53\\)ex:*:*:*:*:*:*:*"", ""vulnerable"": true}, {""vendor"": ""cisco"", ""product"": ""ios"", ""version"": ""12.2\\(53\\)ey"", ""criteria"": ""cpe:2.3:o:cisco:ios:12.2\\(53\\)ey:*:*:*:*:*:*:*"", ""vulnerable"": true}, {""vendor"": ""cisco"", ""product"": ""ios"", ""version"": ""12.2\\(53\\)ez"", ""criteria"": ""cpe:2.3:o:cisco:ios:12.2\\(53\\)ez:*:*:*:*:*:*:*"", ""vulnerable"": true}, {""vendor"": ""cisco"", ""product"": ""ios"", ""version"": ""12.2\\(53\\)se"", ""criteria"": ""cpe:2.3:o:cisco:ios:12.2\\(53\\)se:*:*:*:*:*:*:*"", ""vulnerable"": true}, {""vendor"": ""cisco"", ""product"": ""ios"", ""version"": ""12.2\\(53\\)se1"", ""criteria"": ""cpe:2.3:o:cisco:ios:12.2\\(53\\)se1:*:*:*:*:*:*:*"", ""vulnerable"": true}, {""vendor"": ""cisco"", ""product"": ""ios"", ""version"": ""12.2\\(53\\)se2"", ""criteria"": ""cpe:2.3:o:cisco:ios:12.2\\(53\\)se2:*:*:*:*:*:*:*"", ""vulnerable"": true}, {""vendor"": ""cisco"", ""product"": ""ios"", ""version"": ""12.2\\(53\\)sg"", ""criteria"": ""cpe:2.3:o:cisco:ios:12.2\\(53\\)sg:*:*:*:*:*:*:*"", ""vulnerable"": true}, {""vendor"": ""cisco"", ""product"": ""ios"", ""version"": ""12.2\\(53\\)sg1"", ""criteria"": ""cpe:2.3:o:cisco:ios:12.2\\(53\\)sg1:*:*:*:*:*:*:*"", ""vulnerable"": true}, {""vendor"": ""cisco"", ""product"": ""ios"", ""version"": ""12.2\\(53\\)sg2"", ""criteria"": ""cpe:2.3:o:cisco:ios:12.2\\(53\\)sg2:*:*:*:*:*:*:*"", ""vulnerable"": true}, {""vendor"": ""cisco"", ""product"": ""ios"", ""version"": ""12.2\\(53\\)sg3"", ""criteria"": ""cpe:2.3:o:cisco:ios:12.2\\(53\\)sg3:*:*:*:*:*:*:*"", ""vulnerable"": true}, {""vendor"": ""cisco"", ""product"": ""ios"", ""version"": ""12.2\\(53\\)sg4"", ""criteria"": ""cpe:2.3:o:cisco:ios:12.2\\(53\\)sg4:*:*:*:*:*:*:*"", ""vulnerable"": true}, {""vendor"": ""cisco"", ""product"": ""ios"", ""version"": ""12.2\\(53\\)sg5"", ""criteria"": ""cpe:2.3:o:cisco:ios:12.2\\(53\\)sg5:*:*:*:*:*:*:*"", ""vulnerable"": true}, {""vendor"": ""cisco"", ""product"": ""ios"", ""version"": ""12.2\\(53\\)sg6"", ""criteria"": ""cpe:2.3:o:cisco:ios:12.2\\(53\\)sg6:*:*:*:*:*:*:*"", ""vulnerable"": true}, {""vendor"": ""cisco"", ""product"": ""ios"", ""version"": ""12.2\\(53\\)sg7"", ""criteria"": ""cpe:2.3:o:cisco:ios:12.2\\(53\\)sg7:*:*:*:*:*:*:*"", ""vulnerable"": true}, {""vendor"": ""cisco"", ""product"": ""ios"", ""version"": ""12.2\\(53\\)sg8"", ""criteria"": ""cpe:2.3:o:cisco:ios:12.2\\(53\\)sg8:*:*:*:*:*:*:*"", ""vulnerable"": true}, {""vendor"": ""cisco"", ""product"": ""ios"", ""version"": ""12.2\\(53\\)sg9"", ""criteria"": ""cpe:2.3:o:cisco:ios:12.2\\(53\\)sg9:*:*:*:*:*:*:*"", ""vulnerable"": true}, {""vendor"": ""cisco"", ""product"": ""ios"", ""version"": ""12.2\\(53\\)sg10"", ""criteria"": ""cpe:2.3:o:cisco:ios:12.2\\(53\\)sg10:*:*:*:*:*:*:*"", ""vulnerable"": true}, {""vendor"": ""cisco"", ""product"": ""ios"", ""version"": ""12.2\\(53\\)sg11"", ""criteria"": ""cpe:2.3:o:cisco:ios:12.2\\(53\\)sg11:*:*:*:*:*:*:*"", ""vulnerable"": true}, {""vendor"": ""cisco"", ""product"": ""ios"", ""version"": ""12.2\\(54\\)se"", ""criteria"": ""cpe:2.3:o:cisco:ios:12.2\\(54\\)se:*:*:*:*:*:*:*"", ""vulnerable"": true}, {""vendor"": ""cisco"", ""product"": ""ios"", ""version"": ""12.2\\(54\\)sg"", ""criteria"": ""cpe:2.3:o:cisco:ios:12.2\\(54\\)sg:*:*:*:*:*:*:*"", ""vulnerable"": true}, {""vendor"": ""cisco"", ""product"": ""ios"", ""version"": ""12.2\\(54\\)sg1"", ""criteria"": ""cpe:2.3:o:cisco:ios:12.2\\(54\\)sg1:*:*:*:*:*:*:*"", ""vulnerable"": true}, {""vendor"": ""cisco"", ""product"": ""ios"", ""version"": ""12.2\\(54\\)wo"", ""criteria"": ""cpe:2.3:o:cisco:ios:12.2\\(54\\)wo:*:*:*:*:*:*:*"", ""vulnerable"": true}, {""vendor"": ""cisco"", ""product"": ""ios"", ""version"": ""12.2\\(54\\)xo"", ""criteria"": ""cpe:2.3:o:cisco:ios:12.2\\(54\\)xo:*:*:*:*:*:*:*"", ""vulnerable"": true}, {""vendor"": ""cisco"", ""product"": ""ios"", ""version"": ""12.2\\(55\\)ex"", ""criteria"": ""cpe:2.3:o:cisco:ios:12.2\\(55\\)ex:*:*:*:*:*:*:*"", ""vulnerable"": true}, {""vendor"": ""cisco"", ""product"": ""ios"", ""version"": ""12.2\\(55\\)ex1"", ""criteria"": ""cpe:2.3:o:cisco:ios:12.2\\(55\\)ex1:*:*:*:*:*:*:*"", ""vulnerable"": true}, {""vendor"": ""cisco"", ""product"": ""ios"", ""version"": ""12.2\\(55\\)ex2"", ""criteria"": ""cpe:2.3:o:cisco:ios:12.2\\(55\\)ex2:*:*:*:*:*:*:*"", ""vulnerable"": true}, {""vendor"": ""cisco"", ""product"": ""ios"", ""version"": ""12.2\\(55\\)ex3"", ""criteria"": ""cpe:2.3:o:cisco:ios:12.2\\(55\\)ex3:*:*:*:*:*:*:*"", ""vulnerable"": true}, {""vendor"": ""cisco"", ""product"": ""ios"", ""version"": ""12.2\\(55\\)ey"", ""criteria"": ""cpe:2.3:o:cisco:ios:12.2\\(55\\)ey:*:*:*:*:*:*:*"", ""vulnerable"": true}, {""vendor"": ""cisco"", ""product"": ""ios"", ""version"": ""12.2\\(55\\)ez"", ""criteria"": ""cpe:2.3:o:cisco:ios:12.2\\(55\\)ez:*:*:*:*:*:*:*"", ""vulnerable"": true}, {""vendor"": ""cisco"", ""product"": ""ios"", ""version"": ""12.2\\(55\\)se"", ""criteria"": ""cpe:2.3:o:cisco:ios:12.2\\(55\\)se:*:*:*:*:*:*:*"", ""vulnerable"": true}, {""vendor"": ""cisco"", ""product"": ""ios"", ""version"": ""12.2\\(55\\)se1"", ""criteria"": ""cpe:2.3:o:cisco:ios:12.2\\(55\\)se1:*:*:*:*:*:*:*"", ""vulnerable"": true}, {""vendor"": ""cisco"", ""product"": ""ios"", ""version"": ""12.2\\(55\\)se2"", ""criteria"": ""cpe:2.3:o:cisco:ios:12.2\\(55\\)se2:*:*:*:*:*:*:*"", ""vulnerable"": true}, {""vendor"": ""cisco"", ""product"": ""ios"", ""version"": ""12.2\\(55\\)se3"", ""criteria"": ""cpe:2.3:o:cisco:ios:12.2\\(55\\)se3:*:*:*:*:*:*:*"", ""vulnerable"": true}, {""vendor"": ""cisco"", ""product"": ""ios"", ""version"": ""12.2\\(55\\)se4"", ""criteria"": ""cpe:2.3:o:cisco:ios:12.2\\(55\\)se4:*:*:*:*:*:*:*"", ""vulnerable"": true}, {""vendor"": ""cisco"", ""product"": ""ios"", ""version"": ""12.2\\(55\\)se5"", ""criteria"": ""cpe:2.3:o:cisco:ios:12.2\\(55\\)se5:*:*:*:*:*:*:*"", ""vulnerable"": true}, {""vendor"": ""cisco"", ""product"": ""ios"", ""version"": ""12.2\\(55\\)se6"", ""criteria"": ""cpe:2.3:o:cisco:ios:12.2\\(55\\)se6:*:*:*:*:*:*:*"", ""vulnerable"": true}, {""vendor"": ""cisco"", ""product"": ""ios"", ""version"": ""12.2\\(55\\)se7"", ""criteria"": ""cpe:2.3:o:cisco:ios:12.2\\(55\\)se7:*:*:*:*:*:*:*"", ""vulnerable"": true}, {""vendor"": ""cisco"", ""product"": ""ios"", ""version"": ""12.2\\(55\\)se8"", ""criteria"": ""cpe:2.3:o:cisco:ios:12.2\\(55\\)se8:*:*:*:*:*:*:*"", ""vulnerable"": true}, {""vendor"": ""cisco"", ""product"": ""ios"", ""version"": ""12.2\\(55\\)se9"", ""criteria"": ""cpe:2.3:o:cisco:ios:12.2\\(55\\)se9:*:*:*:*:*:*:*"", ""vulnerable"": true}, {""vendor"": ""cisco"", ""product"": ""ios"", ""version"": ""12.2\\(55\\)se10"", ""criteria"": ""cpe:2.3:o:cisco:ios:12.2\\(55\\)se10:*:*:*:*:*:*:*"", ""vulnerable"": true}, {""vendor"": ""cisco"", ""product"": ""ios"", ""version"": ""12.2\\(55\\)se11"", ""criteria"": ""cpe:2.3:o:cisco:ios:12.2\\(55\\)se11:*:*:*:*:*:*:*"", ""vulnerable"": true}, {""vendor"": ""cisco"", ""product"": ""ios"", ""version"": ""12.2\\(58\\)ex"", ""criteria"": ""cpe:2.3:o:cisco:ios:12.2\\(58\\)ex:*:*:*:*:*:*:*"", ""vulnerable"": true}, {""vendor"": ""cisco"", ""product"": ""ios"", ""version"": ""12.2\\(58\\)ey"", ""criteria"": ""cpe:2.3:o:cisco:ios:12.2\\(58\\)ey:*:*:*:*:*:*:*"", ""vulnerable"": true}, {""vendor"": ""cisco"", ""product"": ""ios"", ""version"": ""12.2\\(58\\)ey1"", ""criteria"": ""cpe:2.3:o:cisco:ios:12.2\\(58\\)ey1:*:*:*:*:*:*:*"", ""vulnerable"": true}, {""vendor"": ""cisco"", ""product"": ""ios"", ""version"": ""12.2\\(58\\)ey2"", ""criteria"": ""cpe:2.3:o:cisco:ios:12.2\\(58\\)ey2:*:*:*:*:*:*:*"", ""vulnerable"": true}, {""vendor"": ""cisco"", ""product"": ""ios"", ""version"": ""12.2\\(58\\)ez"", ""criteria"": ""cpe:2.3:o:cisco:ios:12.2\\(58\\)ez:*:*:*:*:*:*:*"", ""vulnerable"": true}, {""vendor"": ""cisco"", ""product"": ""ios"", ""version"": ""12.2\\(58\\)se"", ""criteria"": ""cpe:2.3:o:cisco:ios:12.2\\(58\\)se:*:*:*:*:*:*:*"", ""vulnerable"": true}, {""vendor"": ""cisco"", ""product"": ""ios"", ""version"": ""12.2\\(58\\)se1"", ""criteria"": ""cpe:2.3:o:cisco:ios:12.2\\(58\\)se1:*:*:*:*:*:*:*"", ""vulnerable"": true}, {""vendor"": ""cisco"", ""product"": ""ios"", ""version"": ""12.2\\(58\\)se2"", ""criteria"": ""cpe:2.3:o:cisco:ios:12.2\\(58\\)se2:*:*:*:*:*:*:*"", ""vulnerable"": true}, {""vendor"": ""cisco"", ""product"": ""ios"", ""version"": ""12.2\\(60\\)ez"", ""criteria"": ""cpe:2.3:o:cisco:ios:12.2\\(60\\)ez:*:*:*:*:*:*:*"", ""vulnerable"": true}, {""vendor"": ""cisco"", ""product"": ""ios"", ""version"": ""12.2\\(60\\)ez1"", ""criteria"": ""cpe:2.3:o:cisco:ios:12.2\\(60\\)ez1:*:*:*:*:*:*:*"", ""vulnerable"": true}, {""vendor"": ""cisco"", ""product"": ""ios"", ""version"": ""12.2\\(60\\)ez2"", ""criteria"": ""cpe:2.3:o:cisco:ios:12.2\\(60\\)ez2:*:*:*:*:*:*:*"", ""vulnerable"": true}, {""vendor"": ""cisco"", ""product"": ""ios"", ""version"": ""12.2\\(60\\)ez3"", ""criteria"": ""cpe:2.3:o:cisco:ios:12.2\\(60\\)ez3:*:*:*:*:*:*:*"", ""vulnerable"": true}, {""vendor"": ""cisco"", ""product"": ""ios"", ""version"": ""12.2\\(60\\)ez4"", ""criteria"": ""cpe:2.3:o:cisco:ios:12.2\\(60\\)ez4:*:*:*:*:*:*:*"", ""vulnerable"": true}, {""vendor"": ""cisco"", ""product"": ""ios"", ""version"": ""12.2\\(60\\)ez5"", ""criteria"": ""cpe:2.3:o:cisco:ios:12.2\\(60\\)ez5:*:*:*:*:*:*:*"", ""vulnerable"": true}, {""vendor"": ""cisco"", ""product"": ""ios"", ""version"": ""12.2\\(60\\)ez6"", ""criteria"": ""cpe:2.3:o:cisco:ios:12.2\\(60\\)ez6:*:*:*:*:*:*:*"", ""vulnerable"": true}, {""vendor"": ""cisco"", ""product"": ""ios"", ""version"": ""12.2\\(60\\)ez7"", ""criteria"": ""cpe:2.3:o:cisco:ios:12.2\\(60\\)ez7:*:*:*:*:*:*:*"", ""vulnerable"": true}, {""vendor"": ""cisco"", ""product"": ""ios"", ""version"": ""12.2\\(60\\)ez8"", ""criteria"": ""cpe:2.3:o:cisco:ios:12.2\\(60\\)ez8:*:*:*:*:*:*:*"", ""vulnerable"": true}, {""vendor"": ""cisco"", ""product"": ""ios"", ""version"": ""12.2\\(60\\)ez9"", ""criteria"": ""cpe:2.3:o:cisco:ios:12.2\\(60\\)ez9:*:*:*:*:*:*:*"", ""vulnerable"": true}, {""vendor"": ""cisco"", ""product"": ""ios"", ""version"": ""12.2\\(60\\)ez10"", ""criteria"": ""cpe:2.3:o:cisco:ios:12.2\\(60\\)ez10:*:*:*:*:*:*:*"", ""vulnerable"": true}, {""vendor"": ""cisco"", ""product"": ""ios"", ""version"": ""12.2\\(60\\)ez11"", ""criteria"": ""cpe:2.3:o:cisco:ios:12.2\\(60\\)ez11:*:*:*:*:*:*:*"", ""vulnerable"": true}, {""vendor"": ""cisco"", ""product"": ""ios"", ""version"": ""15.0\\(1\\)ex"", ""criteria"": ""cpe:2.3:o:cisco:ios:15.0\\(1\\)ex:*:*:*:*:*:*:*"", ""vulnerable"": true}, {""vendor"": ""cisco"", ""product"": ""ios"", ""version"": ""15.0\\(1\\)ey"", ""criteria"": ""cpe:2.3:o:cisco:ios:15.0\\(1\\)ey:*:*:*:*:*:*:*"", ""vulnerable"": true}, {""vendor"": ""cisco"", ""product"": ""ios"", ""version"": ""15.0\\(1\\)ey1"", ""criteria"": ""cpe:2.3:o:cisco:ios:15.0\\(1\\)ey1:*:*:*:*:*:*:*"", ""vulnerable"": true}, {""vendor"": ""cisco"", ""product"": ""ios"", ""version"": ""15.0\\(1\\)ey2"", ""criteria"": ""cpe:2.3:o:cisco:ios:15.0\\(1\\)ey2:*:*:*:*:*:*:*"", ""vulnerable"": true}, {""vendor"": ""cisco"", ""product"": ""ios"", ""version"": ""15.0\\(1\\)se"", ""criteria"": ""cpe:2.3:o:cisco:ios:15.0\\(1\\)se:*:*:*:*:*:*:*"", ""vulnerable"": true}, {""vendor"": ""cisco"", ""product"": ""ios"", ""version"": ""15.0\\(1\\)se1"", ""criteria"": ""cpe:2.3:o:cisco:ios:15.0\\(1\\)se1:*:*:*:*:*:*:*"", ""vulnerable"": true}, {""vendor"": ""cisco"", ""product"": ""ios"", ""version"": ""15.0\\(1\\)se2"", ""criteria"": ""cpe:2.3:o:cisco:ios:15.0\\(1\\)se2:*:*:*:*:*:*:*"", ""vulnerable"": true}, {""vendor"": ""cisco"", ""product"": ""ios"", ""version"": ""15.0\\(1\\)se3"", ""criteria"": ""cpe:2.3:o:cisco:ios:15.0\\(1\\)se3:*:*:*:*:*:*:*"", ""vulnerable"": true}, {""vendor"": ""cisco"", ""product"": ""ios"", ""version"": ""15.0\\(1\\)xo"", ""criteria"": ""cpe:2.3:o:cisco:ios:15.0\\(1\\)xo:*:*:*:*:*:*:*"", ""vulnerable"": true}, {""vendor"": ""cisco"", ""product"": ""ios"", ""version"": ""15.0\\(1\\)xo1"", ""criteria"": ""cpe:2.3:o:cisco:ios:15.0\\(1\\)xo1:*:*:*:*:*:*:*"", ""vulnerable"": true}, {""vendor"": ""cisco"", ""product"": ""ios"", ""version"": ""15.0\\(2\\)ea1"", ""criteria"": ""cpe:2.3:o:cisco:ios:15.0\\(2\\)ea1:*:*:*:*:*:*:*"", ""vulnerable"": true}, {""vendor"": ""cisco"", ""product"": ""ios"", ""version"": ""15.0\\(2\\)eb"", ""criteria"": ""cpe:2.3:o:cisco:ios:15.0\\(2\\)eb:*:*:*:*:*:*:*"", ""vulnerable"": true}, {""vendor"": ""cisco"", ""product"": ""ios"", ""version"": ""15.0\\(2\\)ec"", ""criteria"": ""cpe:2.3:o:cisco:ios:15.0\\(2\\)ec:*:*:*:*:*:*:*"", ""vulnerable"": true}, {""vendor"": ""cisco"", ""product"": ""ios"", ""version"": ""15.0\\(2\\)ed"", ""criteria"": ""cpe:2.3:o:cisco:ios:15.0\\(2\\)ed:*:*:*:*:*:*:*"", ""vulnerable"": true}, {""vendor"": ""cisco"", ""product"": ""ios"", ""version"": ""15.0\\(2\\)ed1"", ""criteria"": ""cpe:2.3:o:cisco:ios:15.0\\(2\\)ed1:*:*:*:*:*:*:*"", ""vulnerable"": true}, {""vendor"": ""cisco"", ""product"": ""ios"", ""version"": ""15.0\\(2\\)eh"", ""criteria"": ""cpe:2.3:o:cisco:ios:15.0\\(2\\)eh:*:*:*:*:*:*:*"", ""vulnerable"": true}, {""vendor"": ""cisco"", ""product"": ""ios"", ""version"": ""15.0\\(2\\)ej"", ""criteria"": ""cpe:2.3:o:cisco:ios:15.0\\(2\\)ej:*:*:*:*:*:*:*"", ""vulnerable"": true}, {""vendor"": ""cisco"", ""product"": ""ios"", ""version"": ""15.0\\(2\\)ej1"", ""criteria"": ""cpe:2.3:o:cisco:ios:15.0\\(2\\)ej1:*:*:*:*:*:*:*"", ""vulnerable"": true}, {""vendor"": ""cisco"", ""product"": ""ios"", ""version"": ""15.0\\(2\\)ek"", ""criteria"": ""cpe:2.3:o:cisco:ios:15.0\\(2\\)ek:*:*:*:*:*:*:*"", ""vulnerable"": true}, {""vendor"": ""cisco"", ""product"": ""ios"", ""version"": ""15.0\\(2\\)ek1"", ""criteria"": ""cpe:2.3:o:cisco:ios:15.0\\(2\\)ek1:*:*:*:*:*:*:*"", ""vulnerable"": true}, {""vendor"": ""cisco"", ""product"": ""ios"", ""version"": ""15.0\\(2\\)ex"", ""criteria"": ""cpe:2.3:o:cisco:ios:15.0\\(2\\)ex:*:*:*:*:*:*:*"", ""vulnerable"": true}, {""vendor"": ""cisco"", ""product"": ""ios"", ""version"": ""15.0\\(2\\)ex1"", ""criteria"": ""cpe:2.3:o:cisco:ios:15.0\\(2\\)ex1:*:*:*:*:*:*:*"", ""vulnerable"": true}, {""vendor"": ""cisco"", ""product"": ""ios"", ""version"": ""15.0\\(2\\)ex2"", ""criteria"": ""cpe:2.3:o:cisco:ios:15.0\\(2\\)ex2:*:*:*:*:*:*:*"", ""vulnerable"": true}, {""vendor"": ""cisco"", ""product"": ""ios"", ""version"": ""15.0\\(2\\)ex3"", ""criteria"": ""cpe:2.3:o:cisco:ios:15.0\\(2\\)ex3:*:*:*:*:*:*:*"", ""vulnerable"": true}, {""vendor"": ""cisco"", ""product"": ""ios"", ""version"": ""15.0\\(2\\)ex4"", ""criteria"": ""cpe:2.3:o:cisco:ios:15.0\\(2\\)ex4:*:*:*:*:*:*:*"", ""vulnerable"": true}, {""vendor"": ""cisco"", ""product"": ""ios"", ""version"": ""15.0\\(2\\)ex5"", ""criteria"": ""cpe:2.3:o:cisco:ios:15.0\\(2\\)ex5:*:*:*:*:*:*:*"", ""vulnerable"": true}, {""vendor"": ""cisco"", ""product"": ""ios"", ""version"": ""15.0\\(2\\)ex8"", ""criteria"": ""cpe:2.3:o:cisco:ios:15.0\\(2\\)ex8:*:*:*:*:*:*:*"", ""vulnerable"": true}, {""vendor"": ""cisco"", ""product"": ""ios"", ""version"": ""15.0\\(2\\)ex10"", ""criteria"": ""cpe:2.3:o:cisco:ios:15.0\\(2\\)ex10:*:*:*:*:*:*:*"", ""vulnerable"": true}, {""vendor"": ""cisco"", ""product"": ""ios"", ""version"": ""15.0\\(2\\)ey"", ""criteria"": ""cpe:2.3:o:cisco:ios:15.0\\(2\\)ey:*:*:*:*:*:*:*"", ""vulnerable"": true}, {""vendor"": ""cisco"", ""product"": ""ios"", ""version"": ""15.0\\(2\\)ey1"", ""criteria"": ""cpe:2.3:o:cisco:ios:15.0\\(2\\)ey1:*:*:*:*:*:*:*"", ""vulnerable"": true}, {""vendor"": ""cisco"", ""product"": ""ios"", ""version"": ""15.0\\(2\\)ey2"", ""criteria"": ""cpe:2.3:o:cisco:ios:15.0\\(2\\)ey2:*:*:*:*:*:*:*"", ""vulnerable"": true}, {""vendor"": ""cisco"", ""product"": ""ios"", ""version"": ""15.0\\(2\\)ey3"", ""criteria"": ""cpe:2.3:o:cisco:ios:15.0\\(2\\)ey3:*:*:*:*:*:*:*"", ""vulnerable"": true}, {""vendor"": ""cisco"", ""product"": ""ios"", ""version"": ""15.0\\(2\\)ez"", ""criteria"": ""cpe:2.3:o:cisco:ios:15.0\\(2\\)ez:*:*:*:*:*:*:*"", ""vulnerable"": true}, {""vendor"": ""cisco"", ""product"": ""ios"", ""version"": ""15.0\\(2\\)se"", ""criteria"": ""cpe:2.3:o:cisco:ios:15.0\\(2\\)se:*:*:*:*:*:*:*"", ""vulnerable"": true}, {""vendor"": ""cisco"", ""product"": ""ios"", ""version"": ""15.0\\(2\\)se1"", ""criteria"": ""cpe:2.3:o:cisco:ios:15.0\\(2\\)se1:*:*:*:*:*:*:*"", ""vulnerable"": true}, {""vendor"": ""cisco"", ""product"": ""ios"", ""version"": ""15.0\\(2\\)se2"", ""criteria"": ""cpe:2.3:o:cisco:ios:15.0\\(2\\)se2:*:*:*:*:*:*:*"", ""vulnerable"": true}, {""vendor"": ""cisco"", ""product"": ""ios"", ""version"": ""15.0\\(2\\)se3"", ""criteria"": ""cpe:2.3:o:cisco:ios:15.0\\(2\\)se3:*:*:*:*:*:*:*"", ""vulnerable"": true}, {""vendor"": ""cisco"", ""product"": ""ios"", ""version"": ""15.0\\(2\\)se4"", ""criteria"": ""cpe:2.3:o:cisco:ios:15.0\\(2\\)se4:*:*:*:*:*:*:*"", ""vulnerable"": true}, {""vendor"": ""cisco"", ""product"": ""ios"", ""version"": ""15.0\\(2\\)se5"", ""criteria"": ""cpe:2.3:o:cisco:ios:15.0\\(2\\)se5:*:*:*:*:*:*:*"", ""vulnerable"": true}, {""vendor"": ""cisco"", ""product"": ""ios"", ""version"": ""15.0\\(2\\)se6"", ""criteria"": ""cpe:2.3:o:cisco:ios:15.0\\(2\\)se6:*:*:*:*:*:*:*"", ""vulnerable"": true}, {""vendor"": ""cisco"", ""product"": ""ios"", ""version"": ""15.0\\(2\\)se7"", ""criteria"": ""cpe:2.3:o:cisco:ios:15.0\\(2\\)se7:*:*:*:*:*:*:*"", ""vulnerable"": true}, {""vendor"": ""cisco"", ""product"": ""ios"", ""version"": ""15.0\\(2\\)se9"", ""criteria"": ""cpe:2.3:o:cisco:ios:15.0\\(2\\)se9:*:*:*:*:*:*:*"", ""vulnerable"": true}, {""vendor"": ""cisco"", ""product"": ""ios"", ""version"": ""15.0\\(2\\)se10"", ""criteria"": ""cpe:2.3:o:cisco:ios:15.0\\(2\\)se10:*:*:*:*:*:*:*"", ""vulnerable"": true}, {""vendor"": ""cisco"", ""product"": ""ios"", ""version"": ""15.0\\(2\\)se10a"", ""criteria"": ""cpe:2.3:o:cisco:ios:15.0\\(2\\)se10a:*:*:*:*:*:*:*"", ""vulnerable"": true}, {""vendor"": ""cisco"", ""product"": ""ios"", ""version"": ""15.0\\(2\\)sg"", ""criteria"": ""cpe:2.3:o:cisco:ios:15.0\\(2\\)sg:*:*:*:*:*:*:*"", ""vulnerable"": true}, {""vendor"": ""cisco"", ""product"": ""ios"", ""version"": ""15.0\\(2\\)sg1"", ""criteria"": ""cpe:2.3:o:cisco:ios:15.0\\(2\\)sg1:*:*:*:*:*:*:*"", ""vulnerable"": true}, {""vendor"": ""cisco"", ""product"": ""ios"", ""version"": ""15.0\\(2\\)sg2"", ""criteria"": ""cpe:2.3:o:cisco:ios:15.0\\(2\\)sg2:*:*:*:*:*:*:*"", ""vulnerable"": true}, {""vendor"": ""cisco"", ""product"": ""ios"", ""version"": ""15.0\\(2\\)sg3"", ""criteria"": ""cpe:2.3:o:cisco:ios:15.0\\(2\\)sg3:*:*:*:*:*:*:*"", ""vulnerable"": true}, {""vendor"": ""cisco"", ""product"": ""ios"", ""version"": ""15.0\\(2\\)sg4"", ""criteria"": ""cpe:2.3:o:cisco:ios:15.0\\(2\\)sg4:*:*:*:*:*:*:*"", ""vulnerable"": true}, {""vendor"": ""cisco"", ""product"": ""ios"", ""version"": ""15.0\\(2\\)sg5"", ""criteria"": ""cpe:2.3:o:cisco:ios:15.0\\(2\\)sg5:*:*:*:*:*:*:*"", ""vulnerable"": true}, {""vendor"": ""cisco"", ""product"": ""ios"", ""version"": ""15.0\\(2\\)sg6"", ""criteria"": ""cpe:2.3:o:cisco:ios:15.0\\(2\\)sg6:*:*:*:*:*:*:*"", ""vulnerable"": true}, {""vendor"": ""cisco"", ""product"": ""ios"", ""version"": ""15.0\\(2\\)sg7"", ""criteria"": ""cpe:2.3:o:cisco:ios:15.0\\(2\\)sg7:*:*:*:*:*:*:*"", ""vulnerable"": true}, {""vendor"": ""cisco"", ""product"": ""ios"", ""version"": ""15.0\\(2\\)sg8"", ""criteria"": ""cpe:2.3:o:cisco:ios:15.0\\(2\\)sg8:*:*:*:*:*:*:*"", ""vulnerable"": true}, {""vendor"": ""cisco"", ""product"": ""ios"", ""version"": ""15.0\\(2\\)sg9"", ""criteria"": ""cpe:2.3:o:cisco:ios:15.0\\(2\\)sg9:*:*:*:*:*:*:*"", ""vulnerable"": true}, {""vendor"": ""cisco"", ""product"": ""ios"", ""version"": ""15.0\\(2\\)sg10"", ""criteria"": ""cpe:2.3:o:cisco:ios:15.0\\(2\\)sg10:*:*:*:*:*:*:*"", ""vulnerable"": true}, {""vendor"": ""cisco"", ""product"": ""ios"", ""version"": ""15.0\\(2\\)sg11"", ""criteria"": ""cpe:2.3:o:cisco:ios:15.0\\(2\\)sg11:*:*:*:*:*:*:*"", ""vulnerable"": true}, {""vendor"": ""cisco"", ""product"": ""ios"", ""version"": ""15.0\\(2\\)sqd"", ""criteria"": ""cpe:2.3:o:cisco:ios:15.0\\(2\\)sqd:*:*:*:*:*:*:*"", ""vulnerable"": true}, {""vendor"": ""cisco"", ""product"": ""ios"", ""version"": ""15.0\\(2\\)sqd1"", ""criteria"": ""cpe:2.3:o:cisco:ios:15.0\\(2\\)sqd1:*:*:*:*:*:*:*"", ""vulnerable"": true}, {""vendor"": ""cisco"", ""product"": ""ios"", ""version"": ""15.0\\(2\\)sqd2"", ""criteria"": ""cpe:2.3:o:cisco:ios:15.0\\(2\\)sqd2:*:*:*:*:*:*:*"", ""vulnerable"": true}, {""vendor"": ""cisco"", ""product"": ""ios"", ""version"": ""15.0\\(2\\)sqd3"", ""criteria"": ""cpe:2.3:o:cisco:ios:15.0\\(2\\)sqd3:*:*:*:*:*:*:*"", ""vulnerable"": true}, {""vendor"": ""cisco"", ""product"": ""ios"", ""version"": ""15.0\\(2\\)sqd5"", ""criteria"": ""cpe:2.3:o:cisco:ios:15.0\\(2\\)sqd5:*:*:*:*:*:*:*"", ""vulnerable"": true}, {""vendor"": ""cisco"", ""product"": ""ios"", ""version"": ""15.0\\(2\\)sqd6"", ""criteria"": ""cpe:2.3:o:cisco:ios:15.0\\(2\\)sqd6:*:*:*:*:*:*:*"", ""vulnerable"": true}, {""vendor"": ""cisco"", ""product"": ""ios"", ""version"": ""15.0\\(2\\)xo"", ""criteria"": ""cpe:2.3:o:cisco:ios:15.0\\(2\\)xo:*:*:*:*:*:*:*"", ""vulnerable"": true}, {""vendor"": ""cisco"", ""product"": ""ios"", ""version"": ""15.0\\(2a\\)ex5"", ""criteria"": ""cpe:2.3:o:cisco:ios:15.0\\(2a\\)ex5:*:*:*:*:*:*:*"", ""vulnerable"": true}, {""vendor"": ""cisco"", ""product"": ""ios"", ""version"": ""15.0\\(2a\\)se9"", ""criteria"": ""cpe:2.3:o:cisco:ios:15.0\\(2a\\)se9:*:*:*:*:*:*:*"", ""vulnerable"": true}, {""vendor"": ""cisco"", ""product"": ""ios"", ""version"": ""15.1\\(1\\)sg"", ""criteria"": ""cpe:2.3:o:cisco:ios:15.1\\(1\\)sg:*:*:*:*:*:*:*"", ""vulnerable"": true}, {""vendor"": ""cisco"", ""product"": ""ios"", ""version"": ""15.1\\(1\\)sg1"", ""criteria"": ""cpe:2.3:o:cisco:ios:15.1\\(1\\)sg1:*:*:*:*:*:*:*"", ""vulnerable"": true}, {""vendor"": ""cisco"", ""product"": ""ios"", ""version"": ""15.1\\(1\\)sg2"", ""criteria"": ""cpe:2.3:o:cisco:ios:15.1\\(1\\)sg2:*:*:*:*:*:*:*"", ""vulnerable"": true}, {""vendor"": ""cisco"", ""product"": ""ios"", ""version"": ""15.1\\(2\\)sg"", ""criteria"": ""cpe:2.3:o:cisco:ios:15.1\\(2\\)sg:*:*:*:*:*:*:*"", ""vulnerable"": true}, {""vendor"": ""cisco"", ""product"": ""ios"", ""version"": ""15.1\\(2\\)sg1"", ""criteria"": ""cpe:2.3:o:cisco:ios:15.1\\(2\\)sg1:*:*:*:*:*:*:*"", ""vulnerable"": true}, {""vendor"": ""cisco"", ""product"": ""ios"", ""version"": ""15.1\\(2\\)sg2"", ""criteria"": ""cpe:2.3:o:cisco:ios:15.1\\(2\\)sg2:*:*:*:*:*:*:*"", ""vulnerable"": true}, {""vendor"": ""cisco"", ""product"": ""ios"", ""version"": ""15.1\\(2\\)sg3"", ""criteria"": ""cpe:2.3:o:cisco:ios:15.1\\(2\\)sg3:*:*:*:*:*:*:*"", ""vulnerable"": true}, {""vendor"": ""cisco"", ""product"": ""ios"", ""version"": ""15.1\\(2\\)sg4"", ""criteria"": ""cpe:2.3:o:cisco:ios:15.1\\(2\\)sg4:*:*:*:*:*:*:*"", ""vulnerable"": true}, {""vendor"": ""cisco"", ""product"": ""ios"", ""version"": ""15.1\\(2\\)sg5"", ""criteria"": ""cpe:2.3:o:cisco:ios:15.1\\(2\\)sg5:*:*:*:*:*:*:*"", ""vulnerable"": true}, {""vendor"": ""cisco"", ""product"": ""ios"", ""version"": ""15.1\\(2\\)sg6"", ""criteria"": ""cpe:2.3:o:cisco:ios:15.1\\(2\\)sg6:*:*:*:*:*:*:*"", ""vulnerable"": true}, {""vendor"": ""cisco"", ""product"": ""ios"", ""version"": ""15.1\\(2\\)sg7"", ""criteria"": ""cpe:2.3:o:cisco:ios:15.1\\(2\\)sg7:*:*:*:*:*:*:*"", ""vulnerable"": true}, {""vendor"": ""cisco"", ""product"": ""ios"", ""version"": ""15.1\\(2\\)sg8"", ""criteria"": ""cpe:2.3:o:cisco:ios:15.1\\(2\\)sg8:*:*:*:*:*:*:*"", ""vulnerable"": true}, {""vendor"": ""cisco"", ""product"": ""ios"", ""version"": ""15.2\\(1\\)e"", ""criteria"": ""cpe:2.3:o:cisco:ios:15.2\\(1\\)e:*:*:*:*:*:*:*"", ""vulnerable"": true}, {""vendor"": ""cisco"", ""product"": ""ios"", ""version"": ""15.2\\(1\\)e1"", ""criteria"": ""cpe:2.3:o:cisco:ios:15.2\\(1\\)e1:*:*:*:*:*:*:*"", ""vulnerable"": true}, {""vendor"": ""cisco"", ""product"": ""ios"", ""version"": ""15.2\\(1\\)e2"", ""criteria"": ""cpe:2.3:o:cisco:ios:15.2\\(1\\)e2:*:*:*:*:*:*:*"", ""vulnerable"": true}, {""vendor"": ""cisco"", ""product"": ""ios"", ""version"": ""15.2\\(1\\)e3"", ""criteria"": ""cpe:2.3:o:cisco:ios:15.2\\(1\\)e3:*:*:*:*:*:*:*"", ""vulnerable"": true}, {""vendor"": ""cisco"", ""product"": ""ios"", ""version"": ""15.2\\(1\\)ey"", ""criteria"": ""cpe:2.3:o:cisco:ios:15.2\\(1\\)ey:*:*:*:*:*:*:*"", ""vulnerable"": true}, {""vendor"": ""cisco"", ""product"": ""ios"", ""version"": ""15.2\\(1\\)sy"", ""criteria"": ""cpe:2.3:o:cisco:ios:15.2\\(1\\)sy:*:*:*:*:*:*:*"", ""vulnerable"": true}, {""vendor"": ""cisco"", ""product"": ""ios"", ""version"": ""15.2\\(1\\)sy0a"", ""criteria"": ""cpe:2.3:o:cisco:ios:15.2\\(1\\)sy0a:*:*:*:*:*:*:*"", ""vulnerable"": true}, {""vendor"": ""cisco"", ""product"": ""ios"", ""version"": ""15.2\\(1\\)sy1"", ""criteria"": ""cpe:2.3:o:cisco:ios:15.2\\(1\\)sy1:*:*:*:*:*:*:*"", ""vulnerable"": true}, {""vendor"": ""cisco"", ""product"": ""ios"", ""version"": ""15.2\\(1\\)sy1a"", ""criteria"": ""cpe:2.3:o:cisco:ios:15.2\\(1\\)sy1a:*:*:*:*:*:*:*"", ""vulnerable"": true}, {""vendor"": ""cisco"", ""product"": ""ios"", ""version"": ""15.2\\(1\\)sy2"", ""criteria"": ""cpe:2.3:o:cisco:ios:15.2\\(1\\)sy2:*:*:*:*:*:*:*"", ""vulnerable"": true}, {""vendor"": ""cisco"", ""product"": ""ios"", ""version"": ""15.2\\(1\\)sy3"", ""criteria"": ""cpe:2.3:o:cisco:ios:15.2\\(1\\)sy3:*:*:*:*:*:*:*"", ""vulnerable"": true}, {""vendor"": ""cisco"", ""product"": ""ios"", ""version"": ""15.2\\(1\\)sy4"", ""criteria"": ""cpe:2.3:o:cisco:ios:15.2\\(1\\)sy4:*:*:*:*:*:*:*"", ""vulnerable"": true}, {""vendor"": ""cisco"", ""product"": ""ios"", ""version"": ""15.2\\(2\\)e"", ""criteria"": ""cpe:2.3:o:cisco:ios:15.2\\(2\\)e:*:*:*:*:*:*:*"", ""vulnerable"": true}, {""vendor"": ""cisco"", ""product"": ""ios"", ""version"": ""15.2\\(2\\)e1"", ""criteria"": ""cpe:2.3:o:cisco:ios:15.2\\(2\\)e1:*:*:*:*:*:*:*"", ""vulnerable"": true}, {""vendor"": ""cisco"", ""product"": ""ios"", ""version"": ""15.2\\(2\\)e2"", ""criteria"": ""cpe:2.3:o:cisco:ios:15.2\\(2\\)e2:*:*:*:*:*:*:*"", ""vulnerable"": true}, {""vendor"": ""cisco"", ""product"": ""ios"", ""version"": ""15.2\\(2\\)e3"", ""criteria"": ""cpe:2.3:o:cisco:ios:15.2\\(2\\)e3:*:*:*:*:*:*:*"", ""vulnerable"": true}, {""vendor"": ""cisco"", ""product"": ""ios"", ""version"": ""15.2\\(2\\)e4"", ""criteria"": ""cpe:2.3:o:cisco:ios:15.2\\(2\\)e4:*:*:*:*:*:*:*"", ""vulnerable"": true}, {""vendor"": ""cisco"", ""product"": ""ios"", ""version"": ""15.2\\(2\\)e5"", ""criteria"": ""cpe:2.3:o:cisco:ios:15.2\\(2\\)e5:*:*:*:*:*:*:*"", ""vulnerable"": true}, {""vendor"": ""cisco"", ""product"": ""ios"", ""version"": ""15.2\\(2\\)e5a"", ""criteria"": ""cpe:2.3:o:cisco:ios:15.2\\(2\\)e5a:*:*:*:*:*:*:*"", ""vulnerable"": true}, {""vendor"": ""cisco"", ""product"": ""ios"", ""version"": ""15.2\\(2\\)ea1"", ""criteria"": ""cpe:2.3:o:cisco:ios:15.2\\(2\\)ea1:*:*:*:*:*:*:*"", ""vulnerable"": true}, {""vendor"": ""cisco"", ""product"": ""ios"", ""version"": ""15.2\\(2\\)ea2"", ""criteria"": ""cpe:2.3:o:cisco:ios:15.2\\(2\\)ea2:*:*:*:*:*:*:*"", ""vulnerable"": true}, {""vendor"": ""cisco"", ""product"": ""ios"", ""version"": ""15.2\\(2\\)ea3"", ""criteria"": ""cpe:2.3:o:cisco:ios:15.2\\(2\\)ea3:*:*:*:*:*:*:*"", ""vulnerable"": true}, {""vendor"": ""cisco"", ""product"": ""ios"", ""version"": ""15.2\\(2\\)eb"", ""criteria"": ""cpe:2.3:o:cisco:ios:15.2\\(2\\)eb:*:*:*:*:*:*:*"", ""vulnerable"": true}, {""vendor"": ""cisco"", ""product"": ""ios"", ""version"": ""15.2\\(2\\)eb1"", ""criteria"": ""cpe:2.3:o:cisco:ios:15.2\\(2\\)eb1:*:*:*:*:*:*:*"", ""vulnerable"": true}, {""vendor"": ""cisco"", ""product"": ""ios"", ""version"": ""15.2\\(2\\)eb2"", ""criteria"": ""cpe:2.3:o:cisco:ios:15.2\\(2\\)eb2:*:*:*:*:*:*:*"", ""vulnerable"": true}, {""vendor"": ""cisco"", ""product"": ""ios"", ""version"": ""15.2\\(2\\)gc"", ""criteria"": ""cpe:2.3:o:cisco:ios:15.2\\(2\\)gc:*:*:*:*:*:*:*"", ""vulnerable"": true}, {""vendor"": ""cisco"", ""product"": ""ios"", ""version"": ""15.2\\(2\\)sy"", ""criteria"": ""cpe:2.3:o:cisco:ios:15.2\\(2\\)sy:*:*:*:*:*:*:*"", ""vulnerable"": true}, {""vendor"": ""cisco"", ""product"": ""ios"", ""version"": ""15.2\\(2\\)sy1"", ""criteria"": ""cpe:2.3:o:cisco:ios:15.2\\(2\\)sy1:*:*:*:*:*:*:*"", ""vulnerable"": true}, {""vendor"": ""cisco"", ""product"": ""ios"", ""version"": ""15.2\\(2\\)sy2"", ""criteria"": ""cpe:2.3:o:cisco:ios:15.2\\(2\\)sy2:*:*:*:*:*:*:*"", ""vulnerable"": true}, {""vendor"": ""cisco"", ""product"": ""ios"", ""version"": ""15.2\\(2\\)t"", ""criteria"": ""cpe:2.3:o:cisco:ios:15.2\\(2\\)t:*:*:*:*:*:*:*"", ""vulnerable"": true}, {""vendor"": ""cisco"", ""product"": ""ios"", ""version"": ""15.2\\(2\\)t1"", ""criteria"": ""cpe:2.3:o:cisco:ios:15.2\\(2\\)t1:*:*:*:*:*:*:*"", ""vulnerable"": true}, {""vendor"": ""cisco"", ""product"": ""ios"", ""version"": ""15.2\\(2\\)t2"", ""criteria"": ""cpe:2.3:o:cisco:ios:15.2\\(2\\)t2:*:*:*:*:*:*:*"", ""vulnerable"": true}, {""vendor"": ""cisco"", ""product"": ""ios"", ""version"": ""15.2\\(2\\)t3"", ""criteria"": ""cpe:2.3:o:cisco:ios:15.2\\(2\\)t3:*:*:*:*:*:*:*"", ""vulnerable"": true}, {""vendor"": ""cisco"", ""product"": ""ios"", ""version"": ""15.2\\(2\\)t4"", ""criteria"": ""cpe:2.3:o:cisco:ios:15.2\\(2\\)t4:*:*:*:*:*:*:*"", ""vulnerable"": true}, {""vendor"": ""cisco"", ""product"": ""ios"", ""version"": ""15.2\\(2a\\)e1"", ""criteria"": ""cpe:2.3:o:cisco:ios:15.2\\(2a\\)e1:*:*:*:*:*:*:*"", ""vulnerable"": true}, {""vendor"": ""cisco"", ""product"": ""ios"", ""version"": ""15.2\\(3\\)e"", ""criteria"": ""cpe:2.3:o:cisco:ios:15.2\\(3\\)e:*:*:*:*:*:*:*"", ""vulnerable"": true}, {""vendor"": ""cisco"", ""product"": ""ios"", ""version"": ""15.2\\(3\\)e1"", ""criteria"": ""cpe:2.3:o:cisco:ios:15.2\\(3\\)e1:*:*:*:*:*:*:*"", ""vulnerable"": true}, {""vendor"": ""cisco"", ""product"": ""ios"", ""version"": ""15.2\\(3\\)e2"", ""criteria"": ""cpe:2.3:o:cisco:ios:15.2\\(3\\)e2:*:*:*:*:*:*:*"", ""vulnerable"": true}, {""vendor"": ""cisco"", ""product"": ""ios"", ""version"": ""15.2\\(3\\)e3"", ""criteria"": ""cpe:2.3:o:cisco:ios:15.2\\(3\\)e3:*:*:*:*:*:*:*"", ""vulnerable"": true}, {""vendor"": ""cisco"", ""product"": ""ios"", ""version"": ""15.2\\(3\\)ea"", ""criteria"": ""cpe:2.3:o:cisco:ios:15.2\\(3\\)ea:*:*:*:*:*:*:*"", ""vulnerable"": true}, {""vendor"": ""cisco"", ""product"": ""ios"", ""version"": ""15.2\\(3\\)gc"", ""criteria"": ""cpe:2.3:o:cisco:ios:15.2\\(3\\)gc:*:*:*:*:*:*:*"", ""vulnerable"": true}, {""vendor"": ""cisco"", ""product"": ""ios"", ""version"": ""15.2\\(3\\)gc1"", ""criteria"": ""cpe:2.3:o:cisco:ios:15.2\\(3\\)gc1:*:*:*:*:*:*:*"", ""vulnerable"": true}, {""vendor"": ""cisco"", ""product"": ""ios"", ""version"": ""15.2\\(3\\)t"", ""criteria"": ""cpe:2.3:o:cisco:ios:15.2\\(3\\)t:*:*:*:*:*:*:*"", ""vulnerable"": true}, {""vendor"": ""cisco"", ""product"": ""ios"", ""version"": ""15.2\\(3\\)t1"", ""criteria"": ""cpe:2.3:o:cisco:ios:15.2\\(3\\)t1:*:*:*:*:*:*:*"", ""vulnerable"": true}, {""vendor"": ""cisco"", ""product"": ""ios"", ""version"": ""15.2\\(3\\)t2"", ""criteria"": ""cpe:2.3:o:cisco:ios:15.2\\(3\\)t2:*:*:*:*:*:*:*"", ""vulnerable"": true}, {""vendor"": ""cisco"", ""product"": ""ios"", ""version"": ""15.2\\(3\\)t3"", ""criteria"": ""cpe:2.3:o:cisco:ios:15.2\\(3\\)t3:*:*:*:*:*:*:*"", ""vulnerable"": true}, {""vendor"": ""cisco"", ""product"": ""ios"", ""version"": ""15.2\\(3\\)t4"", ""criteria"": ""cpe:2.3:o:cisco:ios:15.2\\(3\\)t4:*:*:*:*:*:*:*"", ""vulnerable"": true}, {""vendor"": ""cisco"", ""product"": ""ios"", ""version"": ""15.2\\(3a\\)e"", ""criteria"": ""cpe:2.3:o:cisco:ios:15.2\\(3a\\)e:*:*:*:*:*:*:*"", ""vulnerable"": true}, {""vendor"": ""cisco"", ""product"": ""ios"", ""version"": ""15.2\\(3m\\)e2"", ""criteria"": ""cpe:2.3:o:cisco:ios:15.2\\(3m\\)e2:*:*:*:*:*:*:*"", ""vulnerable"": true}, {""vendor"": ""cisco"", ""product"": ""ios"", ""version"": ""15.2\\(3m\\)e3"", ""criteria"": ""cpe:2.3:o:cisco:ios:15.2\\(3m\\)e3:*:*:*:*:*:*:*"", ""vulnerable"": true}, {""vendor"": ""cisco"", ""product"": ""ios"", ""version"": ""15.2\\(4\\)e"", ""criteria"": ""cpe:2.3:o:cisco:ios:15.2\\(4\\)e:*:*:*:*:*:*:*"", ""vulnerable"": true}, {""vendor"": ""cisco"", ""product"": ""ios"", ""version"": ""15.2\\(4\\)e1"", ""criteria"": ""cpe:2.3:o:cisco:ios:15.2\\(4\\)e1:*:*:*:*:*:*:*"", ""vulnerable"": true}, {""vendor"": ""cisco"", ""product"": ""ios"", ""version"": ""15.2\\(4\\)e2"", ""criteria"": ""cpe:2.3:o:cisco:ios:15.2\\(4\\)e2:*:*:*:*:*:*:*"", ""vulnerable"": true}, {""vendor"": ""cisco"", ""product"": ""ios"", ""version"": ""15.2\\(4\\)e3"", ""criteria"": ""cpe:2.3:o:cisco:ios:15.2\\(4\\)e3:*:*:*:*:*:*:*"", ""vulnerable"": true}, {""vendor"": ""cisco"", ""product"": ""ios"", ""version"": ""15.2\\(4\\)e4"", ""criteria"": ""cpe:2.3:o:cisco:ios:15.2\\(4\\)e4:*:*:*:*:*:*:*"", ""vulnerable"": true}, {""vendor"": ""cisco"", ""product"": ""ios"", ""version"": ""15.2\\(4\\)ea"", ""criteria"": ""cpe:2.3:o:cisco:ios:15.2\\(4\\)ea:*:*:*:*:*:*:*"", ""vulnerable"": true}, {""vendor"": ""cisco"", ""product"": ""ios"", ""version"": ""15.2\\(4\\)ea1"", ""criteria"": ""cpe:2.3:o:cisco:ios:15.2\\(4\\)ea1:*:*:*:*:*:*:*"", ""vulnerable"": true}, {""vendor"": ""cisco"", ""product"": ""ios"", ""version"": ""15.2\\(4\\)ea3"", ""criteria"": ""cpe:2.3:o:cisco:ios:15.2\\(4\\)ea3:*:*:*:*:*:*:*"", ""vulnerable"": true}, {""vendor"": ""cisco"", ""product"": ""ios"", ""version"": ""15.2\\(4\\)ea4"", ""criteria"": ""cpe:2.3:o:cisco:ios:15.2\\(4\\)ea4:*:*:*:*:*:*:*"", ""vulnerable"": true}, {""vendor"": ""cisco"", ""product"": ""ios"", ""version"": ""15.2\\(4\\)ec1"", ""criteria"": ""cpe:2.3:o:cisco:ios:15.2\\(4\\)ec1:*:*:*:*:*:*:*"", ""vulnerable"": true}, {""vendor"": ""cisco"", ""product"": ""ios"", ""version"": ""15.2\\(4\\)gc"", ""criteria"": ""cpe:2.3:o:cisco:ios:15.2\\(4\\)gc:*:*:*:*:*:*:*"", ""vulnerable"": true}, {""vendor"": ""cisco"", ""product"": ""ios"", ""version"": ""15.2\\(4\\)gc1"", ""criteria"": ""cpe:2.3:o:cisco:ios:15.2\\(4\\)gc1:*:*:*:*:*:*:*"", ""vulnerable"": true}, {""vendor"": ""cisco"", ""product"": ""ios"", ""version"": ""15.2\\(4\\)gc2"", ""criteria"": ""cpe:2.3:o:cisco:ios:15.2\\(4\\)gc2:*:*:*:*:*:*:*"", ""vulnerable"": true}, {""vendor"": ""cisco"", ""product"": ""ios"", ""version"": ""15.2\\(4\\)gc3"", ""criteria"": ""cpe:2.3:o:cisco:ios:15.2\\(4\\)gc3:*:*:*:*:*:*:*"", ""vulnerable"": true}, {""vendor"": ""cisco"", ""product"": ""ios"", ""version"": ""15.2\\(4\\)m"", ""criteria"": ""cpe:2.3:o:cisco:ios:15.2\\(4\\)m:*:*:*:*:*:*:*"", ""vulnerable"": true}, {""vendor"": ""cisco"", ""product"": ""ios"", ""version"": ""15.2\\(4\\)m1"", ""criteria"": ""cpe:2.3:o:cisco:ios:15.2\\(4\\)m1:*:*:*:*:*:*:*"", ""vulnerable"": true}, {""vendor"": ""cisco"", ""product"": ""ios"", ""version"": ""15.2\\(4\\)m2"", ""criteria"": ""cpe:2.3:o:cisco:ios:15.2\\(4\\)m2:*:*:*:*:*:*:*"", ""vulnerable"": true}, {""vendor"": ""cisco"", ""product"": ""ios"", ""version"": ""15.2\\(4\\)m3"", ""criteria"": ""cpe:2.3:o:cisco:ios:15.2\\(4\\)m3:*:*:*:*:*:*:*"", ""vulnerable"": true}, {""vendor"": ""cisco"", ""product"": ""ios"", ""version"": ""15.2\\(4\\)m4"", ""criteria"": ""cpe:2.3:o:cisco:ios:15.2\\(4\\)m4:*:*:*:*:*:*:*"", ""vulnerable"": true}, {""vendor"": ""cisco"", ""product"": ""ios"", ""version"": ""15.2\\(4\\)m5"", ""criteria"": ""cpe:2.3:o:cisco:ios:15.2\\(4\\)m5:*:*:*:*:*:*:*"", ""vulnerable"": true}, {""vendor"": ""cisco"", ""product"": ""ios"", ""version"": ""15.2\\(4\\)m6"", ""criteria"": ""cpe:2.3:o:cisco:ios:15.2\\(4\\)m6:*:*:*:*:*:*:*"", ""vulnerable"": true}, {""vendor"": ""cisco"", ""product"": ""ios"", ""version"": ""15.2\\(4\\)m6a"", ""criteria"": ""cpe:2.3:o:cisco:ios:15.2\\(4\\)m6a:*:*:*:*:*:*:*"", ""vulnerable"": true}, {""vendor"": ""cisco"", ""product"": ""ios"", ""version"": ""15.2\\(4\\)m7"", ""criteria"": ""cpe:2.3:o:cisco:ios:15.2\\(4\\)m7:*:*:*:*:*:*:*"", ""vulnerable"": true}, {""vendor"": ""cisco"", ""product"": ""ios"", ""version"": ""15.2\\(4\\)m8"", ""criteria"": ""cpe:2.3:o:cisco:ios:15.2\\(4\\)m8:*:*:*:*:*:*:*"", ""vulnerable"": true}, {""vendor"": ""cisco"", ""product"": ""ios"", ""version"": ""15.2\\(4\\)m9"", ""criteria"": ""cpe:2.3:o:cisco:ios:15.2\\(4\\)m9:*:*:*:*:*:*:*"", ""vulnerable"": true}, {""vendor"": ""cisco"", ""product"": ""ios"", ""version"": ""15.2\\(4\\)m10"", ""criteria"": ""cpe:2.3:o:cisco:ios:15.2\\(4\\)m10:*:*:*:*:*:*:*"", ""vulnerable"": true}, {""vendor"": ""cisco"", ""product"": ""ios"", ""version"": ""15.2\\(4\\)m11"", ""criteria"": ""cpe:2.3:o:cisco:ios:15.2\\(4\\)m11:*:*:*:*:*:*:*"", ""vulnerable"": true}, {""vendor"": ""cisco"", ""product"": ""ios"", ""version"": ""15.2\\(4m\\)e1"", ""criteria"": ""cpe:2.3:o:cisco:ios:15.2\\(4m\\)e1:*:*:*:*:*:*:*"", ""vulnerable"": true}, {""vendor"": ""cisco"", ""product"": ""ios"", ""version"": ""15.2\\(4m\\)e3"", ""criteria"": ""cpe:2.3:o:cisco:ios:15.2\\(4m\\)e3:*:*:*:*:*:*:*"", ""vulnerable"": true}, {""vendor"": ""cisco"", ""product"": ""ios"", ""version"": ""15.2\\(4p\\)e1"", ""criteria"": ""cpe:2.3:o:cisco:ios:15.2\\(4p\\)e1:*:*:*:*:*:*:*"", ""vulnerable"": true}, {""vendor"": ""cisco"", ""product"": ""ios"", ""version"": ""15.2\\(5\\)e"", ""criteria"": ""cpe:2.3:o:cisco:ios:15.2\\(5\\)e:*:*:*:*:*:*:*"", ""vulnerable"": true}, {""vendor"": ""cisco"", ""product"": ""ios"", ""version"": ""15.2\\(5\\)e1"", ""criteria"": ""cpe:2.3:o:cisco:ios:15.2\\(5\\)e1:*:*:*:*:*:*:*"", ""vulnerable"": true}, {""vendor"": ""cisco"", ""product"": ""ios"", ""version"": ""15.2\\(5\\)e2"", ""criteria"": ""cpe:2.3:o:cisco:ios:15.2\\(5\\)e2:*:*:*:*:*:*:*"", ""vulnerable"": true}, {""vendor"": ""cisco"", ""product"": ""ios"", ""version"": ""15.2\\(5\\)e2a"", ""criteria"": ""cpe:2.3:o:cisco:ios:15.2\\(5\\)e2a:*:*:*:*:*:*:*"", ""vulnerable"": true}, {""vendor"": ""cisco"", ""product"": ""ios"", ""version"": ""15.2\\(5\\)ea"", ""criteria"": ""cpe:2.3:o:cisco:ios:15.2\\(5\\)ea:*:*:*:*:*:*:*"", ""vulnerable"": true}, {""vendor"": ""cisco"", ""product"": ""ios"", ""version"": ""15.2\\(5\\)ex"", ""criteria"": ""cpe:2.3:o:cisco:ios:15.2\\(5\\)ex:*:*:*:*:*:*:*"", ""vulnerable"": true}, {""vendor"": ""cisco"", ""product"": ""ios"", ""version"": ""15.2\\(5a\\)e"", ""criteria"": ""cpe:2.3:o:cisco:ios:15.2\\(5a\\)e:*:*:*:*:*:*:*"", ""vulnerable"": true}, {""vendor"": ""cisco"", ""product"": ""ios"", ""version"": ""15.2\\(5a\\)e1"", ""criteria"": ""cpe:2.3:o:cisco:ios:15.2\\(5a\\)e1:*:*:*:*:*:*:*"", ""vulnerable"": true}, {""vendor"": ""cisco"", ""product"": ""ios"", ""version"": ""15.2\\(5b\\)e"", ""criteria"": ""cpe:2.3:o:cisco:ios:15.2\\(5b\\)e:*:*:*:*:*:*:*"", ""vulnerable"": true}, {""vendor"": ""cisco"", ""product"": ""ios"", ""version"": ""15.2\\(5c\\)e"", ""criteria"": ""cpe:2.3:o:cisco:ios:15.2\\(5c\\)e:*:*:*:*:*:*:*"", ""vulnerable"": true}, {""vendor"": ""cisco"", ""product"": ""ios"", ""version"": ""15.3\\(1\\)sy"", ""criteria"": ""cpe:2.3:o:cisco:ios:15.3\\(1\\)sy:*:*:*:*:*:*:*"", ""vulnerable"": true}, {""vendor"": ""cisco"", ""product"": ""ios"", ""version"": ""15.3\\(1\\)sy2"", ""criteria"": ""cpe:2.3:o:cisco:ios:15.3\\(1\\)sy2:*:*:*:*:*:*:*"", ""vulnerable"": true}, {""vendor"": ""cisco"", ""product"": ""ios"", ""version"": ""15.3\\(1\\)t"", ""criteria"": ""cpe:2.3:o:cisco:ios:15.3\\(1\\)t:*:*:*:*:*:*:*"", ""vulnerable"": true}, {""vendor"": ""cisco"", ""product"": ""ios"", ""version"": ""15.3\\(1\\)t1"", ""criteria"": ""cpe:2.3:o:cisco:ios:15.3\\(1\\)t1:*:*:*:*:*:*:*"", ""vulnerable"": true}, {""vendor"": ""cisco"", ""product"": ""ios"", ""version"": ""15.3\\(1\\)t2"", ""criteria"": ""cpe:2.3:o:cisco:ios:15.3\\(1\\)t2:*:*:*:*:*:*:*"", ""vulnerable"": true}, {""vendor"": ""cisco"", ""product"": ""ios"", ""version"": ""15.3\\(1\\)t3"", ""criteria"": ""cpe:2.3:o:cisco:ios:15.3\\(1\\)t3:*:*:*:*:*:*:*"", ""vulnerable"": true}, {""vendor"": ""cisco"", ""product"": ""ios"", ""version"": ""15.3\\(1\\)t4"", ""criteria"": ""cpe:2.3:o:cisco:ios:15.3\\(1\\)t4:*:*:*:*:*:*:*"", ""vulnerable"": true}, {""vendor"": ""cisco"", ""product"": ""ios"", ""version"": ""15.3\\(2\\)t"", ""criteria"": ""cpe:2.3:o:cisco:ios:15.3\\(2\\)t:*:*:*:*:*:*:*"", ""vulnerable"": true}, {""vendor"": ""cisco"", ""product"": ""ios"", ""version"": ""15.3\\(2\\)t1"", ""criteria"": ""cpe:2.3:o:cisco:ios:15.3\\(2\\)t1:*:*:*:*:*:*:*"", ""vulnerable"": true}, {""vendor"": ""cisco"", ""product"": ""ios"", ""version"": ""15.3\\(2\\)t2"", ""criteria"": ""cpe:2.3:o:cisco:ios:15.3\\(2\\)t2:*:*:*:*:*:*:*"", ""vulnerable"": true}, {""vendor"": ""cisco"", ""product"": ""ios"", ""version"": ""15.3\\(2\\)t3"", ""criteria"": ""cpe:2.3:o:cisco:ios:15.3\\(2\\)t3:*:*:*:*:*:*:*"", ""vulnerable"": true}, {""vendor"": ""cisco"", ""product"": ""ios"", ""version"": ""15.3\\(2\\)t4"", ""criteria"": ""cpe:2.3:o:cisco:ios:15.3\\(2\\)t4:*:*:*:*:*:*:*"", ""vulnerable"": true}, {""vendor"": ""cisco"", ""product"": ""ios"", ""version"": ""15.3\\(3\\)m"", ""criteria"": ""cpe:2.3:o:cisco:ios:15.3\\(3\\)m:*:*:*:*:*:*:*"", ""vulnerable"": true}, {""vendor"": ""cisco"", ""product"": ""ios"", ""version"": ""15.3\\(3\\)m1"", ""criteria"": ""cpe:2.3:o:cisco:ios:15.3\\(3\\)m1:*:*:*:*:*:*:*"", ""vulnerable"": true}, {""vendor"": ""cisco"", ""product"": ""ios"", ""version"": ""15.3\\(3\\)m2"", ""criteria"": ""cpe:2.3:o:cisco:ios:15.3\\(3\\)m2:*:*:*:*:*:*:*"", ""vulnerable"": true}, {""vendor"": ""cisco"", ""product"": ""ios"", ""version"": ""15.3\\(3\\)m3"", ""criteria"": ""cpe:2.3:o:cisco:ios:15.3\\(3\\)m3:*:*:*:*:*:*:*"", ""vulnerable"": true}, {""vendor"": ""cisco"", ""product"": ""ios"", ""version"": ""15.3\\(3\\)m4"", ""criteria"": ""cpe:2.3:o:cisco:ios:15.3\\(3\\)m4:*:*:*:*:*:*:*"", ""vulnerable"": true}, {""vendor"": ""cisco"", ""product"": ""ios"", ""version"": ""15.3\\(3\\)m5"", ""criteria"": ""cpe:2.3:o:cisco:ios:15.3\\(3\\)m5:*:*:*:*:*:*:*"", ""vulnerable"": true}, {""vendor"": ""cisco"", ""product"": ""ios"", ""version"": ""15.3\\(3\\)m6"", ""criteria"": ""cpe:2.3:o:cisco:ios:15.3\\(3\\)m6:*:*:*:*:*:*:*"", ""vulnerable"": true}, {""vendor"": ""cisco"", ""product"": ""ios"", ""version"": ""15.3\\(3\\)m7"", ""criteria"": ""cpe:2.3:o:cisco:ios:15.3\\(3\\)m7:*:*:*:*:*:*:*"", ""vulnerable"": true}, {""vendor"": ""cisco"", ""product"": ""ios"", ""version"": ""15.3\\(3\\)m9"", ""criteria"": ""cpe:2.3:o:cisco:ios:15.3\\(3\\)m9:*:*:*:*:*:*:*"", ""vulnerable"": true}, {""vendor"": ""cisco"", ""product"": ""ios"", ""version"": ""15.4\\(1\\)cg"", ""criteria"": ""cpe:2.3:o:cisco:ios:15.4\\(1\\)cg:*:*:*:*:*:*:*"", ""vulnerable"": true}, {""vendor"": ""cisco"", ""product"": ""ios"", ""version"": ""15.4\\(1\\)cg1"", ""criteria"": ""cpe:2.3:o:cisco:ios:15.4\\(1\\)cg1:*:*:*:*:*:*:*"", ""vulnerable"": true}, {""vendor"": ""cisco"", ""product"": ""ios"", ""version"": ""15.4\\(1\\)sy"", ""criteria"": ""cpe:2.3:o:cisco:ios:15.4\\(1\\)sy:*:*:*:*:*:*:*"", ""vulnerable"": true}, {""vendor"": ""cisco"", ""product"": ""ios"", ""version"": ""15.4\\(1\\)sy1"", ""criteria"": ""cpe:2.3:o:cisco:ios:15.4\\(1\\)sy1:*:*:*:*:*:*:*"", ""vulnerable"": true}, {""vendor"": ""cisco"", ""product"": ""ios"", ""version"": ""15.4\\(1\\)sy2"", ""criteria"": ""cpe:2.3:o:cisco:ios:15.4\\(1\\)sy2:*:*:*:*:*:*:*"", ""vulnerable"": true}, {""vendor"": ""cisco"", ""product"": ""ios"", ""version"": ""15.4\\(1\\)t"", ""criteria"": ""cpe:2.3:o:cisco:ios:15.4\\(1\\)t:*:*:*:*:*:*:*"", ""vulnerable"": true}, {""vendor"": ""cisco"", ""product"": ""ios"", ""version"": ""15.4\\(1\\)t1"", ""criteria"": ""cpe:2.3:o:cisco:ios:15.4\\(1\\)t1:*:*:*:*:*:*:*"", ""vulnerable"": true}, {""vendor"": ""cisco"", ""product"": ""ios"", ""version"": ""15.4\\(1\\)t2"", ""criteria"": ""cpe:2.3:o:cisco:ios:15.4\\(1\\)t2:*:*:*:*:*:*:*"", ""vulnerable"": true}, {""vendor"": ""cisco"", ""product"": ""ios"", ""version"": ""15.4\\(1\\)t3"", ""criteria"": ""cpe:2.3:o:cisco:ios:15.4\\(1\\)t3:*:*:*:*:*:*:*"", ""vulnerable"": true}, {""vendor"": ""cisco"", ""product"": ""ios"", ""version"": ""15.4\\(1\\)t4"", ""criteria"": ""cpe:2.3:o:cisco:ios:15.4\\(1\\)t4:*:*:*:*:*:*:*"", ""vulnerable"": true}, {""vendor"": ""cisco"", ""product"": ""ios"", ""version"": ""15.4\\(2\\)cg"", ""criteria"": ""cpe:2.3:o:cisco:ios:15.4\\(2\\)cg:*:*:*:*:*:*:*"", ""vulnerable"": true}, {""vendor"": ""cisco"", ""product"": ""ios"", ""version"": ""15.4\\(2\\)t"", ""criteria"": ""cpe:2.3:o:cisco:ios:15.4\\(2\\)t:*:*:*:*:*:*:*"", ""vulnerable"": true}, {""vendor"": ""cisco"", ""product"": ""ios"", ""version"": ""15.4\\(2\\)t1"", ""criteria"": ""cpe:2.3:o:cisco:ios:15.4\\(2\\)t1:*:*:*:*:*:*:*"", ""vulnerable"": true}, {""vendor"": ""cisco"", ""product"": ""ios"", ""version"": ""15.4\\(2\\)t2"", ""criteria"": ""cpe:2.3:o:cisco:ios:15.4\\(2\\)t2:*:*:*:*:*:*:*"", ""vulnerable"": true}, {""vendor"": ""cisco"", ""product"": ""ios"", ""version"": ""15.4\\(2\\)t3"", ""criteria"": ""cpe:2.3:o:cisco:ios:15.4\\(2\\)t3:*:*:*:*:*:*:*"", ""vulnerable"": true}, {""vendor"": ""cisco"", ""product"": ""ios"", ""version"": ""15.4\\(2\\)t4"", ""criteria"": ""cpe:2.3:o:cisco:ios:15.4\\(2\\)t4:*:*:*:*:*:*:*"", ""vulnerable"": true}, {""vendor"": ""cisco"", ""product"": ""ios"", ""version"": ""15.4\\(3\\)m"", ""criteria"": ""cpe:2.3:o:cisco:ios:15.4\\(3\\)m:*:*:*:*:*:*:*"", ""vulnerable"": true}, {""vendor"": ""cisco"", ""product"": ""ios"", ""version"": ""15.4\\(3\\)m1"", ""criteria"": ""cpe:2.3:o:cisco:ios:15.4\\(3\\)m1:*:*:*:*:*:*:*"", ""vulnerable"": true}, {""vendor"": ""cisco"", ""product"": ""ios"", ""version"": ""15.4\\(3\\)m2"", ""criteria"": ""cpe:2.3:o:cisco:ios:15.4\\(3\\)m2:*:*:*:*:*:*:*"", ""vulnerable"": true}, {""vendor"": ""cisco"", ""product"": ""ios"", ""version"": ""15.4\\(3\\)m3"", ""criteria"": ""cpe:2.3:o:cisco:ios:15.4\\(3\\)m3:*:*:*:*:*:*:*"", ""vulnerable"": true}, {""vendor"": ""cisco"", ""product"": ""ios"", ""version"": ""15.4\\(3\\)m4"", ""criteria"": ""cpe:2.3:o:cisco:ios:15.4\\(3\\)m4:*:*:*:*:*:*:*"", ""vulnerable"": true}, {""vendor"": ""cisco"", ""product"": ""ios"", ""version"": ""15.4\\(3\\)m5"", ""criteria"": ""cpe:2.3:o:cisco:ios:15.4\\(3\\)m5:*:*:*:*:*:*:*"", ""vulnerable"": true}, {""vendor"": ""cisco"", ""product"": ""ios"", ""version"": ""15.4\\(3\\)m6"", ""criteria"": ""cpe:2.3:o:cisco:ios:15.4\\(3\\)m6:*:*:*:*:*:*:*"", ""vulnerable"": true}, {""vendor"": ""cisco"", ""product"": ""ios"", ""version"": ""15.4\\(3\\)m6a"", ""criteria"": ""cpe:2.3:o:cisco:ios:15.4\\(3\\)m6a:*:*:*:*:*:*:*"", ""vulnerable"": true}, {""vendor"": ""cisco"", ""product"": ""ios"", ""version"": ""15.4\\(3\\)m7"", ""criteria"": ""cpe:2.3:o:cisco:ios:15.4\\(3\\)m7:*:*:*:*:*:*:*"", ""vulnerable"": true}, {""vendor"": ""cisco"", ""product"": ""ios"", ""version"": ""15.5\\(1\\)sy"", ""criteria"": ""cpe:2.3:o:cisco:ios:15.5\\(1\\)sy:*:*:*:*:*:*:*"", ""vulnerable"": true}, {""vendor"": ""cisco"", ""product"": ""ios"", ""version"": ""15.5\\(1\\)t"", ""criteria"": ""cpe:2.3:o:cisco:ios:15.5\\(1\\)t:*:*:*:*:*:*:*"", ""vulnerable"": true}, {""vendor"": ""cisco"", ""product"": ""ios"", ""version"": ""15.5\\(1\\)t1"", ""criteria"": ""cpe:2.3:o:cisco:ios:15.5\\(1\\)t1:*:*:*:*:*:*:*"", ""vulnerable"": true}, {""vendor"": ""cisco"", ""product"": ""ios"", ""version"": ""15.5\\(1\\)t2"", ""criteria"": ""cpe:2.3:o:cisco:ios:15.5\\(1\\)t2:*:*:*:*:*:*:*"", ""vulnerable"": true}, {""vendor"": ""cisco"", ""product"": ""ios"", ""version"": ""15.5\\(1\\)t3"", ""criteria"": ""cpe:2.3:o:cisco:ios:15.5\\(1\\)t3:*:*:*:*:*:*:*"", ""vulnerable"": true}, {""vendor"": ""cisco"", ""product"": ""ios"", ""version"": ""15.5\\(1\\)t4"", ""criteria"": ""cpe:2.3:o:cisco:ios:15.5\\(1\\)t4:*:*:*:*:*:*:*"", ""vulnerable"": true}, {""vendor"": ""cisco"", ""product"": ""ios"", ""version"": ""15.5\\(2\\)t"", ""criteria"": ""cpe:2.3:o:cisco:ios:15.5\\(2\\)t:*:*:*:*:*:*:*"", ""vulnerable"": true}, {""vendor"": ""cisco"", ""product"": ""ios"", ""version"": ""15.5\\(2\\)t1"", ""criteria"": ""cpe:2.3:o:cisco:ios:15.5\\(2\\)t1:*:*:*:*:*:*:*"", ""vulnerable"": true}, {""vendor"": ""cisco"", ""product"": ""ios"", ""version"": ""15.5\\(2\\)t2"", ""criteria"": ""cpe:2.3:o:cisco:ios:15.5\\(2\\)t2:*:*:*:*:*:*:*"", ""vulnerable"": true}, {""vendor"": ""cisco"", ""product"": ""ios"", ""version"": ""15.5\\(2\\)t3"", ""criteria"": ""cpe:2.3:o:cisco:ios:15.5\\(2\\)t3:*:*:*:*:*:*:*"", ""vulnerable"": true}, {""vendor"": ""cisco"", ""product"": ""ios"", ""version"": ""15.5\\(2\\)t4"", ""criteria"": ""cpe:2.3:o:cisco:ios:15.5\\(2\\)t4:*:*:*:*:*:*:*"", ""vulnerable"": true}, {""vendor"": ""cisco"", ""product"": ""ios"", ""version"": ""15.5\\(3\\)m0a"", ""criteria"": ""cpe:2.3:o:cisco:ios:15.5\\(3\\)m0a:*:*:*:*:*:*:*"", ""vulnerable"": true}, {""vendor"": ""cisco"", ""product"": ""ios"", ""version"": ""15.5\\(3\\)m1"", ""criteria"": ""cpe:2.3:o:cisco:ios:15.5\\(3\\)m1:*:*:*:*:*:*:*"", ""vulnerable"": true}, {""vendor"": ""cisco"", ""product"": ""ios"", ""version"": ""15.5\\(3\\)m2"", ""criteria"": ""cpe:2.3:o:cisco:ios:15.5\\(3\\)m2:*:*:*:*:*:*:*"", ""vulnerable"": true}, {""vendor"": ""cisco"", ""product"": ""ios"", ""version"": ""15.5\\(3\\)m3"", ""criteria"": ""cpe:2.3:o:cisco:ios:15.5\\(3\\)m3:*:*:*:*:*:*:*"", ""vulnerable"": true}, {""vendor"": ""cisco"", ""product"": ""ios"", ""version"": ""15.5\\(3\\)m4"", ""criteria"": ""cpe:2.3:o:cisco:ios:15.5\\(3\\)m4:*:*:*:*:*:*:*"", ""vulnerable"": true}, {""vendor"": ""cisco"", ""product"": ""ios"", ""version"": ""15.5\\(3\\)m4a"", ""criteria"": ""cpe:2.3:o:cisco:ios:15.5\\(3\\)m4a:*:*:*:*:*:*:*"", ""vulnerable"": true}, {""vendor"": ""cisco"", ""product"": ""ios"", ""version"": ""15.5\\(3\\)m5"", ""criteria"": ""cpe:2.3:o:cisco:ios:15.5\\(3\\)m5:*:*:*:*:*:*:*"", ""vulnerable"": true}, {""vendor"": ""cisco"", ""product"": ""ios"", ""version"": ""15.5\\(3\\)m6"", ""criteria"": ""cpe:2.3:o:cisco:ios:15.5\\(3\\)m6:*:*:*:*:*:*:*"", ""vulnerable"": true}, {""vendor"": ""cisco"", ""product"": ""ios"", ""version"": ""15.6\\(1\\)t"", ""criteria"": ""cpe:2.3:o:cisco:ios:15.6\\(1\\)t:*:*:*:*:*:*:*"", ""vulnerable"": true}, {""vendor"": ""cisco"", ""product"": ""ios"", ""version"": ""15.6\\(1\\)t0a"", ""criteria"": ""cpe:2.3:o:cisco:ios:15.6\\(1\\)t0a:*:*:*:*:*:*:*"", ""vulnerable"": true}, {""vendor"": ""cisco"", ""product"": ""ios"", ""version"": ""15.6\\(1\\)t1"", ""criteria"": ""cpe:2.3:o:cisco:ios:15.6\\(1\\)t1:*:*:*:*:*:*:*"", ""vulnerable"": true}, {""vendor"": ""cisco"", ""product"": ""ios"", ""version"": ""15.6\\(1\\)t2"", ""criteria"": ""cpe:2.3:o:cisco:ios:15.6\\(1\\)t2:*:*:*:*:*:*:*"", ""vulnerable"": true}, {""vendor"": ""cisco"", ""product"": ""ios"", ""version"": ""15.6\\(2\\)t"", ""criteria"": ""cpe:2.3:o:cisco:ios:15.6\\(2\\)t:*:*:*:*:*:*:*"", ""vulnerable"": true}, {""vendor"": ""cisco"", ""product"": ""ios"", ""version"": ""15.6\\(2\\)t1"", ""criteria"": ""cpe:2.3:o:cisco:ios:15.6\\(2\\)t1:*:*:*:*:*:*:*"", ""vulnerable"": true}, {""vendor"": ""cisco"", ""product"": ""ios"", ""version"": ""15.6\\(2\\)t2"", ""criteria"": ""cpe:2.3:o:cisco:ios:15.6\\(2\\)t2:*:*:*:*:*:*:*"", ""vulnerable"": true}, {""vendor"": ""cisco"", ""product"": ""ios"", ""version"": ""15.6\\(3\\)m"", ""criteria"": ""cpe:2.3:o:cisco:ios:15.6\\(3\\)m:*:*:*:*:*:*:*"", ""vulnerable"": true}, {""vendor"": ""cisco"", ""product"": ""ios"", ""version"": ""15.6\\(3\\)m0a"", ""criteria"": ""cpe:2.3:o:cisco:ios:15.6\\(3\\)m0a:*:*:*:*:*:*:*"", ""vulnerable"": true}, {""vendor"": ""cisco"", ""product"": ""ios"", ""version"": ""15.6\\(3\\)m1"", ""criteria"": ""cpe:2.3:o:cisco:ios:15.6\\(3\\)m1:*:*:*:*:*:*:*"", ""vulnerable"": true}, {""vendor"": ""cisco"", ""product"": ""ios"", ""version"": ""15.6\\(3\\)m1b"", ""criteria"": ""cpe:2.3:o:cisco:ios:15.6\\(3\\)m1b:*:*:*:*:*:*:*"", ""vulnerable"": true}, {""vendor"": ""cisco"", ""product"": ""ios"", ""version"": ""15.6\\(3\\)m2"", ""criteria"": ""cpe:2.3:o:cisco:ios:15.6\\(3\\)m2:*:*:*:*:*:*:*"", ""vulnerable"": true}, {""vendor"": ""cisco"", ""product"": ""ios"", ""version"": ""15.6\\(3\\)m2a"", ""criteria"": ""cpe:2.3:o:cisco:ios:15.6\\(3\\)m2a:*:*:*:*:*:*:*"", ""vulnerable"": true}, {""vendor"": ""cisco"", ""product"": ""ios"", ""version"": ""15.6\\(3\\)m3"", ""criteria"": ""cpe:2.3:o:cisco:ios:15.6\\(3\\)m3:*:*:*:*:*:*:*"", ""vulnerable"": true}]","[{""url"": ""https://sec.cloudapps.cisco.com/security/center/content/CiscoSecurityAdvisory/cisco-sa-20170629-snmp"", ""source"": ""psirt@cisco.com"", ""tags"": [""Vendor Advisory""]}, {""url"": ""https://sec.cloudapps.cisco.com/security/center/content/CiscoSecurityAdvisory/cisco-sa-20170629-snmp"", ""source"": ""af854a3a-2127-422b-91ae-364da2661108"", ""tags"": [""Vendor Advisory""]}, {""url"": ""https://www.cisa.gov/known-exploited-vulnerabilities-catalog?field_cve=CVE-2017-6744"", ""source"": ""134c704f-9b21-4f2e-91b3-4a467353bcc0"", ""tags"": [""US Government Resource""]}]",True,"[""nvd"", ""cisa_kev""]",gold_evidence_removed,False
CVE-2019-1069-REMOVED-Q1,CVE-2019-1069,vulnerability_summary,CVE-2019-1069는 어떤 취약점인가?,"An elevation of privilege vulnerability exists in the way the Task Scheduler Service validates certain file operations. An attacker who successfully exploited the vulnerability could gain elevated privileges on a victim system. To exploit the vulnerability, an attacker would require unprivileged code execution on a victim system. The security update addresses the vulnerability by correctly validating file operations.",HIGH,7.8,LOCAL,LOW,LOW,NONE,"[""CWE-59""]","[{""vendor"": ""microsoft"", ""product"": ""windows_10_1507"", ""version"": ""-"", ""criteria"": ""cpe:2.3:o:microsoft:windows_10_1507:-:*:*:*:*:*:*:*"", ""vulnerable"": true}, {""vendor"": ""microsoft"", ""product"": ""windows_10_1607"", ""version"": ""-"", ""criteria"": ""cpe:2.3:o:microsoft:windows_10_1607:-:*:*:*:*:*:*:*"", ""vulnerable"": true}, {""vendor"": ""microsoft"", ""product"": ""windows_10_1703"", ""version"": ""-"", ""criteria"": ""cpe:2.3:o:microsoft:windows_10_1703:-:*:*:*:*:*:*:*"", ""vulnerable"": true}, {""vendor"": ""microsoft"", ""product"": ""windows_10_1709"", ""version"": ""-"", ""criteria"": ""cpe:2.3:o:microsoft:windows_10_1709:-:*:*:*:*:*:*:*"", ""vulnerable"": true}, {""vendor"": ""microsoft"", ""product"": ""windows_10_1803"", ""version"": ""-"", ""criteria"": ""cpe:2.3:o:microsoft:windows_10_1803:-:*:*:*:*:*:*:*"", ""vulnerable"": true}, {""vendor"": ""microsoft"", ""product"": ""windows_10_1809"", ""version"": ""-"", ""criteria"": ""cpe:2.3:o:microsoft:windows_10_1809:-:*:*:*:*:*:*:*"", ""vulnerable"": true}, {""vendor"": ""microsoft"", ""product"": ""windows_10_1903"", ""version"": ""-"", ""criteria"": ""cpe:2.3:o:microsoft:windows_10_1903:-:*:*:*:*:*:*:*"", ""vulnerable"": true}, {""vendor"": ""microsoft"", ""product"": ""windows_server_1803"", ""version"": ""-"", ""criteria"": ""cpe:2.3:o:microsoft:windows_server_1803:-:*:*:*:*:*:*:*"", ""vulnerable"": true}, {""vendor"": ""microsoft"", ""product"": ""windows_server_1903"", ""version"": ""-"", ""criteria"": ""cpe:2.3:o:microsoft:windows_server_1903:-:*:*:*:*:*:*:*"", ""vulnerable"": true}, {""vendor"": ""microsoft"", ""product"": ""windows_server_2016"", ""version"": ""-"", ""criteria"": ""cpe:2.3:o:microsoft:windows_server_2016:-:*:*:*:*:*:*:*"", ""vulnerable"": true}, {""vendor"": ""microsoft"", ""product"": ""windows_server_2019"", ""version"": ""-"", ""criteria"": ""cpe:2.3:o:microsoft:windows_server_2019:-:*:*:*:*:*:*:*"", ""vulnerable"": true}]","[{""url"": ""https://msrc.microsoft.com/update-guide/vulnerability/CVE-2019-1069"", ""source"": ""secure@microsoft.com"", ""tags"": [""Patch"", ""Vendor Advisory""]}, {""url"": ""https://blog.0patch.com/2019/06/another-task-scheduler-0day-another.html"", ""source"": ""af854a3a-2127-422b-91ae-364da2661108"", ""tags"": [""Exploit"", ""Third Party Advisory""]}, {""url"": ""https://portal.msrc.microsoft.com/en-US/security-guidance/advisory/CVE-2019-1069"", ""source"": ""af854a3a-2127-422b-91ae-364da2661108"", ""tags"": [""Patch"", ""Vendor Advisory""]}, {""url"": ""https://www.kb.cert.org/vuls/id/119704"", ""source"": ""af854a3a-2127-422b-91ae-364da2661108"", ""tags"": [""Third Party Advisory"", ""US Government Resource""]}, {""url"": ""https://www.cisa.gov/known-exploited-vulnerabilities-catalog?field_cve=CVE-2019-1069"", ""source"": ""134c704f-9b21-4f2e-91b3-4a467353bcc0"", ""tags"": [""US Government Resource""]}]",True,"[""nvd"", ""cisa_kev""]",gold_evidence_removed,False
CVE-2019-1069-REMOVED-Q2,CVE-2019-1069,affected_product,CVE-2019-1069의 영향을 받는 제품이나 버전은 무엇인가?,"An elevation of privilege vulnerability exists in the way the Task Scheduler Service validates certain file operations. An attacker who successfully exploited the vulnerability could gain elevated privileges on a victim system. To exploit the vulnerability, an attacker would require unprivileged code execution on a victim system. The security update addresses the vulnerability by correctly validating file operations.",HIGH,7.8,LOCAL,LOW,LOW,NONE,"[""CWE-59""]","[{""vendor"": ""microsoft"", ""product"": ""windows_10_1507"", ""version"": ""-"", ""criteria"": ""cpe:2.3:o:microsoft:windows_10_1507:-:*:*:*:*:*:*:*"", ""vulnerable"": true}, {""vendor"": ""microsoft"", ""product"": ""windows_10_1607"", ""version"": ""-"", ""criteria"": ""cpe:2.3:o:microsoft:windows_10_1607:-:*:*:*:*:*:*:*"", ""vulnerable"": true}, {""vendor"": ""microsoft"", ""product"": ""windows_10_1703"", ""version"": ""-"", ""criteria"": ""cpe:2.3:o:microsoft:windows_10_1703:-:*:*:*:*:*:*:*"", ""vulnerable"": true}, {""vendor"": ""microsoft"", ""product"": ""windows_10_1709"", ""version"": ""-"", ""criteria"": ""cpe:2.3:o:microsoft:windows_10_1709:-:*:*:*:*:*:*:*"", ""vulnerable"": true}, {""vendor"": ""microsoft"", ""product"": ""windows_10_1803"", ""version"": ""-"", ""criteria"": ""cpe:2.3:o:microsoft:windows_10_1803:-:*:*:*:*:*:*:*"", ""vulnerable"": true}, {""vendor"": ""microsoft"", ""product"": ""windows_10_1809"", ""version"": ""-"", ""criteria"": ""cpe:2.3:o:microsoft:windows_10_1809:-:*:*:*:*:*:*:*"", ""vulnerable"": true}, {""vendor"": ""microsoft"", ""product"": ""windows_10_1903"", ""version"": ""-"", ""criteria"": ""cpe:2.3:o:microsoft:windows_10_1903:-:*:*:*:*:*:*:*"", ""vulnerable"": true}, {""vendor"": ""microsoft"", ""product"": ""windows_server_1803"", ""version"": ""-"", ""criteria"": ""cpe:2.3:o:microsoft:windows_server_1803:-:*:*:*:*:*:*:*"", ""vulnerable"": true}, {""vendor"": ""microsoft"", ""product"": ""windows_server_1903"", ""version"": ""-"", ""criteria"": ""cpe:2.3:o:microsoft:windows_server_1903:-:*:*:*:*:*:*:*"", ""vulnerable"": true}, {""vendor"": ""microsoft"", ""product"": ""windows_server_2016"", ""version"": ""-"", ""criteria"": ""cpe:2.3:o:microsoft:windows_server_2016:-:*:*:*:*:*:*:*"", ""vulnerable"": true}, {""vendor"": ""microsoft"", ""product"": ""windows_server_2019"", ""version"": ""-"", ""criteria"": ""cpe:2.3:o:microsoft:windows_server_2019:-:*:*:*:*:*:*:*"", ""vulnerable"": true}]","[{""url"": ""https://msrc.microsoft.com/update-guide/vulnerability/CVE-2019-1069"", ""source"": ""secure@microsoft.com"", ""tags"": [""Patch"", ""Vendor Advisory""]}, {""url"": ""https://blog.0patch.com/2019/06/another-task-scheduler-0day-another.html"", ""source"": ""af854a3a-2127-422b-91ae-364da2661108"", ""tags"": [""Exploit"", ""Third Party Advisory""]}, {""url"": ""https://portal.msrc.microsoft.com/en-US/security-guidance/advisory/CVE-2019-1069"", ""source"": ""af854a3a-2127-422b-91ae-364da2661108"", ""tags"": [""Patch"", ""Vendor Advisory""]}, {""url"": ""https://www.kb.cert.org/vuls/id/119704"", ""source"": ""af854a3a-2127-422b-91ae-364da2661108"", ""tags"": [""Third Party Advisory"", ""US Government Resource""]}, {""url"": ""https://www.cisa.gov/known-exploited-vulnerabilities-catalog?field_cve=CVE-2019-1069"", ""source"": ""134c704f-9b21-4f2e-91b3-4a467353bcc0"", ""tags"": [""US Government Resource""]}]",True,"[""nvd"", ""cisa_kev""]",gold_evidence_removed,False
CVE-2019-1069-REMOVED-Q3,CVE-2019-1069,attack_condition,CVE-2019-1069는 원격 공격이 가능한가? 인증이나 사용자 상호작용이 필요한가?,"An elevation of privilege vulnerability exists in the way the Task Scheduler Service validates certain file operations. An attacker who successfully exploited the vulnerability could gain elevated privileges on a victim system. To exploit the vulnerability, an attacker would require unprivileged code execution on a victim system. The security update addresses the vulnerability by correctly validating file operations.",HIGH,7.8,LOCAL,LOW,LOW,NONE,"[""CWE-59""]","[{""vendor"": ""microsoft"", ""product"": ""windows_10_1507"", ""version"": ""-"", ""criteria"": ""cpe:2.3:o:microsoft:windows_10_1507:-:*:*:*:*:*:*:*"", ""vulnerable"": true}, {""vendor"": ""microsoft"", ""product"": ""windows_10_1607"", ""version"": ""-"", ""criteria"": ""cpe:2.3:o:microsoft:windows_10_1607:-:*:*:*:*:*:*:*"", ""vulnerable"": true}, {""vendor"": ""microsoft"", ""product"": ""windows_10_1703"", ""version"": ""-"", ""criteria"": ""cpe:2.3:o:microsoft:windows_10_1703:-:*:*:*:*:*:*:*"", ""vulnerable"": true}, {""vendor"": ""microsoft"", ""product"": ""windows_10_1709"", ""version"": ""-"", ""criteria"": ""cpe:2.3:o:microsoft:windows_10_1709:-:*:*:*:*:*:*:*"", ""vulnerable"": true}, {""vendor"": ""microsoft"", ""product"": ""windows_10_1803"", ""version"": ""-"", ""criteria"": ""cpe:2.3:o:microsoft:windows_10_1803:-:*:*:*:*:*:*:*"", ""vulnerable"": true}, {""vendor"": ""microsoft"", ""product"": ""windows_10_1809"", ""version"": ""-"", ""criteria"": ""cpe:2.3:o:microsoft:windows_10_1809:-:*:*:*:*:*:*:*"", ""vulnerable"": true}, {""vendor"": ""microsoft"", ""product"": ""windows_10_1903"", ""version"": ""-"", ""criteria"": ""cpe:2.3:o:microsoft:windows_10_1903:-:*:*:*:*:*:*:*"", ""vulnerable"": true}, {""vendor"": ""microsoft"", ""product"": ""windows_server_1803"", ""version"": ""-"", ""criteria"": ""cpe:2.3:o:microsoft:windows_server_1803:-:*:*:*:*:*:*:*"", ""vulnerable"": true}, {""vendor"": ""microsoft"", ""product"": ""windows_server_1903"", ""version"": ""-"", ""criteria"": ""cpe:2.3:o:microsoft:windows_server_1903:-:*:*:*:*:*:*:*"", ""vulnerable"": true}, {""vendor"": ""microsoft"", ""product"": ""windows_server_2016"", ""version"": ""-"", ""criteria"": ""cpe:2.3:o:microsoft:windows_server_2016:-:*:*:*:*:*:*:*"", ""vulnerable"": true}, {""vendor"": ""microsoft"", ""product"": ""windows_server_2019"", ""version"": ""-"", ""criteria"": ""cpe:2.3:o:microsoft:windows_server_2019:-:*:*:*:*:*:*:*"", ""vulnerable"": true}]","[{""url"": ""https://msrc.microsoft.com/update-guide/vulnerability/CVE-2019-1069"", ""source"": ""secure@microsoft.com"", ""tags"": [""Patch"", ""Vendor Advisory""]}, {""url"": ""https://blog.0patch.com/2019/06/another-task-scheduler-0day-another.html"", ""source"": ""af854a3a-2127-422b-91ae-364da2661108"", ""tags"": [""Exploit"", ""Third Party Advisory""]}, {""url"": ""https://portal.msrc.microsoft.com/en-US/security-guidance/advisory/CVE-2019-1069"", ""source"": ""af854a3a-2127-422b-91ae-364da2661108"", ""tags"": [""Patch"", ""Vendor Advisory""]}, {""url"": ""https://www.kb.cert.org/vuls/id/119704"", ""source"": ""af854a3a-2127-422b-91ae-364da2661108"", ""tags"": [""Third Party Advisory"", ""US Government Resource""]}, {""url"": ""https://www.cisa.gov/known-exploited-vulnerabilities-catalog?field_cve=CVE-2019-1069"", ""source"": ""134c704f-9b21-4f2e-91b3-4a467353bcc0"", ""tags"": [""US Government Resource""]}]",True,"[""nvd"", ""cisa_kev""]",gold_evidence_removed,False
CVE-2019-1069-REMOVED-Q4,CVE-2019-1069,severity_reason,CVE-2019-1069의 위험도가 HIGH로 평가되는 이유는 무엇인가?,"An elevation of privilege vulnerability exists in the way the Task Scheduler Service validates certain file operations. An attacker who successfully exploited the vulnerability could gain elevated privileges on a victim system. To exploit the vulnerability, an attacker would require unprivileged code execution on a victim system. The security update addresses the vulnerability by correctly validating file operations.",HIGH,7.8,LOCAL,LOW,LOW,NONE,"[""CWE-59""]","[{""vendor"": ""microsoft"", ""product"": ""windows_10_1507"", ""version"": ""-"", ""criteria"": ""cpe:2.3:o:microsoft:windows_10_1507:-:*:*:*:*:*:*:*"", ""vulnerable"": true}, {""vendor"": ""microsoft"", ""product"": ""windows_10_1607"", ""version"": ""-"", ""criteria"": ""cpe:2.3:o:microsoft:windows_10_1607:-:*:*:*:*:*:*:*"", ""vulnerable"": true}, {""vendor"": ""microsoft"", ""product"": ""windows_10_1703"", ""version"": ""-"", ""criteria"": ""cpe:2.3:o:microsoft:windows_10_1703:-:*:*:*:*:*:*:*"", ""vulnerable"": true}, {""vendor"": ""microsoft"", ""product"": ""windows_10_1709"", ""version"": ""-"", ""criteria"": ""cpe:2.3:o:microsoft:windows_10_1709:-:*:*:*:*:*:*:*"", ""vulnerable"": true}, {""vendor"": ""microsoft"", ""product"": ""windows_10_1803"", ""version"": ""-"", ""criteria"": ""cpe:2.3:o:microsoft:windows_10_1803:-:*:*:*:*:*:*:*"", ""vulnerable"": true}, {""vendor"": ""microsoft"", ""product"": ""windows_10_1809"", ""version"": ""-"", ""criteria"": ""cpe:2.3:o:microsoft:windows_10_1809:-:*:*:*:*:*:*:*"", ""vulnerable"": true}, {""vendor"": ""microsoft"", ""product"": ""windows_10_1903"", ""version"": ""-"", ""criteria"": ""cpe:2.3:o:microsoft:windows_10_1903:-:*:*:*:*:*:*:*"", ""vulnerable"": true}, {""vendor"": ""microsoft"", ""product"": ""windows_server_1803"", ""version"": ""-"", ""criteria"": ""cpe:2.3:o:microsoft:windows_server_1803:-:*:*:*:*:*:*:*"", ""vulnerable"": true}, {""vendor"": ""microsoft"", ""product"": ""windows_server_1903"", ""version"": ""-"", ""criteria"": ""cpe:2.3:o:microsoft:windows_server_1903:-:*:*:*:*:*:*:*"", ""vulnerable"": true}, {""vendor"": ""microsoft"", ""product"": ""windows_server_2016"", ""version"": ""-"", ""criteria"": ""cpe:2.3:o:microsoft:windows_server_2016:-:*:*:*:*:*:*:*"", ""vulnerable"": true}, {""vendor"": ""microsoft"", ""product"": ""windows_server_2019"", ""version"": ""-"", ""criteria"": ""cpe:2.3:o:microsoft:windows_server_2019:-:*:*:*:*:*:*:*"", ""vulnerable"": true}]","[{""url"": ""https://msrc.microsoft.com/update-guide/vulnerability/CVE-2019-1069"", ""source"": ""secure@microsoft.com"", ""tags"": [""Patch"", ""Vendor Advisory""]}, {""url"": ""https://blog.0patch.com/2019/06/another-task-scheduler-0day-another.html"", ""source"": ""af854a3a-2127-422b-91ae-364da2661108"", ""tags"": [""Exploit"", ""Third Party Advisory""]}, {""url"": ""https://portal.msrc.microsoft.com/en-US/security-guidance/advisory/CVE-2019-1069"", ""source"": ""af854a3a-2127-422b-91ae-364da2661108"", ""tags"": [""Patch"", ""Vendor Advisory""]}, {""url"": ""https://www.kb.cert.org/vuls/id/119704"", ""source"": ""af854a3a-2127-422b-91ae-364da2661108"", ""tags"": [""Third Party Advisory"", ""US Government Resource""]}, {""url"": ""https://www.cisa.gov/known-exploited-vulnerabilities-catalog?field_cve=CVE-2019-1069"", ""source"": ""134c704f-9b21-4f2e-91b3-4a467353bcc0"", ""tags"": [""US Government Resource""]}]",True,"[""nvd"", ""cisa_kev""]",gold_evidence_removed,False
CVE-2019-1069-REMOVED-Q5,CVE-2019-1069,mitigation,CVE-2019-1069에 대한 대응 방법이나 완화 방안은 무엇인가?,"An elevation of privilege vulnerability exists in the way the Task Scheduler Service validates certain file operations. An attacker who successfully exploited the vulnerability could gain elevated privileges on a victim system. To exploit the vulnerability, an attacker would require unprivileged code execution on a victim system. The security update addresses the vulnerability by correctly validating file operations.",HIGH,7.8,LOCAL,LOW,LOW,NONE,"[""CWE-59""]","[{""vendor"": ""microsoft"", ""product"": ""windows_10_1507"", ""version"": ""-"", ""criteria"": ""cpe:2.3:o:microsoft:windows_10_1507:-:*:*:*:*:*:*:*"", ""vulnerable"": true}, {""vendor"": ""microsoft"", ""product"": ""windows_10_1607"", ""version"": ""-"", ""criteria"": ""cpe:2.3:o:microsoft:windows_10_1607:-:*:*:*:*:*:*:*"", ""vulnerable"": true}, {""vendor"": ""microsoft"", ""product"": ""windows_10_1703"", ""version"": ""-"", ""criteria"": ""cpe:2.3:o:microsoft:windows_10_1703:-:*:*:*:*:*:*:*"", ""vulnerable"": true}, {""vendor"": ""microsoft"", ""product"": ""windows_10_1709"", ""version"": ""-"", ""criteria"": ""cpe:2.3:o:microsoft:windows_10_1709:-:*:*:*:*:*:*:*"", ""vulnerable"": true}, {""vendor"": ""microsoft"", ""product"": ""windows_10_1803"", ""version"": ""-"", ""criteria"": ""cpe:2.3:o:microsoft:windows_10_1803:-:*:*:*:*:*:*:*"", ""vulnerable"": true}, {""vendor"": ""microsoft"", ""product"": ""windows_10_1809"", ""version"": ""-"", ""criteria"": ""cpe:2.3:o:microsoft:windows_10_1809:-:*:*:*:*:*:*:*"", ""vulnerable"": true}, {""vendor"": ""microsoft"", ""product"": ""windows_10_1903"", ""version"": ""-"", ""criteria"": ""cpe:2.3:o:microsoft:windows_10_1903:-:*:*:*:*:*:*:*"", ""vulnerable"": true}, {""vendor"": ""microsoft"", ""product"": ""windows_server_1803"", ""version"": ""-"", ""criteria"": ""cpe:2.3:o:microsoft:windows_server_1803:-:*:*:*:*:*:*:*"", ""vulnerable"": true}, {""vendor"": ""microsoft"", ""product"": ""windows_server_1903"", ""version"": ""-"", ""criteria"": ""cpe:2.3:o:microsoft:windows_server_1903:-:*:*:*:*:*:*:*"", ""vulnerable"": true}, {""vendor"": ""microsoft"", ""product"": ""windows_server_2016"", ""version"": ""-"", ""criteria"": ""cpe:2.3:o:microsoft:windows_server_2016:-:*:*:*:*:*:*:*"", ""vulnerable"": true}, {""vendor"": ""microsoft"", ""product"": ""windows_server_2019"", ""version"": ""-"", ""criteria"": ""cpe:2.3:o:microsoft:windows_server_2019:-:*:*:*:*:*:*:*"", ""vulnerable"": true}]","[{""url"": ""https://msrc.microsoft.com/update-guide/vulnerability/CVE-2019-1069"", ""source"": ""secure@microsoft.com"", ""tags"": [""Patch"", ""Vendor Advisory""]}, {""url"": ""https://blog.0patch.com/2019/06/another-task-scheduler-0day-another.html"", ""source"": ""af854a3a-2127-422b-91ae-364da2661108"", ""tags"": [""Exploit"", ""Third Party Advisory""]}, {""url"": ""https://portal.msrc.microsoft.com/en-US/security-guidance/advisory/CVE-2019-1069"", ""source"": ""af854a3a-2127-422b-91ae-364da2661108"", ""tags"": [""Patch"", ""Vendor Advisory""]}, {""url"": ""https://www.kb.cert.org/vuls/id/119704"", ""source"": ""af854a3a-2127-422b-91ae-364da2661108"", ""tags"": [""Third Party Advisory"", ""US Government Resource""]}, {""url"": ""https://www.cisa.gov/known-exploited-vulnerabilities-catalog?field_cve=CVE-2019-1069"", ""source"": ""134c704f-9b21-4f2e-91b3-4a467353bcc0"", ""tags"": [""US Government Resource""]}]",True,"[""nvd"", ""cisa_kev""]",gold_evidence_removed,False
CVE-2021-29506-REMOVED-Q1,CVE-2021-29506,vulnerability_summary,CVE-2021-29506는 어떤 취약점인가?,"GraphHopper is an open-source Java routing engine. In GrassHopper from version 2.0 and before version 2.4, there is a regular expression injection vulnerability that may lead to Denial of Service. This has been patched in 2.4 and 3.0 See this pull request for the fix: https://github.com/graphhopper/graphhopper/pull/2304",MEDIUM,6.5,NETWORK,LOW,LOW,NONE,"[""CWE-400""]","[{""vendor"": ""graphhopper"", ""product"": ""graphhopper"", ""version"": ""*"", ""criteria"": ""cpe:2.3:a:graphhopper:graphhopper:*:*:*:*:*:*:*:*"", ""vulnerable"": true, ""versionStartIncluding"": ""2.0"", ""versionEndExcluding"": ""2.4""}]","[{""url"": ""https://github.com/graphhopper/graphhopper/commit/eb189be1fa7443ebf4ae881e737a18f818c95f41"", ""source"": ""security-advisories@github.com"", ""tags"": [""Patch"", ""Third Party Advisory""]}, {""url"": ""https://github.com/graphhopper/graphhopper/pull/2304"", ""source"": ""security-advisories@github.com"", ""tags"": [""Patch"", ""Third Party Advisory""]}, {""url"": ""https://github.com/graphhopper/graphhopper/security/advisories/GHSA-hf44-3mx6-vhhw"", ""source"": ""security-advisories@github.com"", ""tags"": [""Third Party Advisory""]}, {""url"": ""https://github.com/graphhopper/graphhopper/commit/eb189be1fa7443ebf4ae881e737a18f818c95f41"", ""source"": ""af854a3a-2127-422b-91ae-364da2661108"", ""tags"": [""Patch"", ""Third Party Advisory""]}, {""url"": ""https://github.com/graphhopper/graphhopper/pull/2304"", ""source"": ""af854a3a-2127-422b-91ae-364da2661108"", ""tags"": [""Patch"", ""Third Party Advisory""]}, {""url"": ""https://github.com/graphhopper/graphhopper/security/advisories/GHSA-hf44-3mx6-vhhw"", ""source"": ""af854a3a-2127-422b-91ae-364da2661108"", ""tags"": [""Third Party Advisory""]}]",False,"[""nvd""]",gold_evidence_removed,False
CVE-2021-29506-REMOVED-Q2,CVE-2021-29506,affected_product,CVE-2021-29506의 영향을 받는 제품이나 버전은 무엇인가?,"GraphHopper is an open-source Java routing engine. In GrassHopper from version 2.0 and before version 2.4, there is a regular expression injection vulnerability that may lead to Denial of Service. This has been patched in 2.4 and 3.0 See this pull request for the fix: https://github.com/graphhopper/graphhopper/pull/2304",MEDIUM,6.5,NETWORK,LOW,LOW,NONE,"[""CWE-400""]","[{""vendor"": ""graphhopper"", ""product"": ""graphhopper"", ""version"": ""*"", ""criteria"": ""cpe:2.3:a:graphhopper:graphhopper:*:*:*:*:*:*:*:*"", ""vulnerable"": true, ""versionStartIncluding"": ""2.0"", ""versionEndExcluding"": ""2.4""}]","[{""url"": ""https://github.com/graphhopper/graphhopper/commit/eb189be1fa7443ebf4ae881e737a18f818c95f41"", ""source"": ""security-advisories@github.com"", ""tags"": [""Patch"", ""Third Party Advisory""]}, {""url"": ""https://github.com/graphhopper/graphhopper/pull/2304"", ""source"": ""security-advisories@github.com"", ""tags"": [""Patch"", ""Third Party Advisory""]}, {""url"": ""https://github.com/graphhopper/graphhopper/security/advisories/GHSA-hf44-3mx6-vhhw"", ""source"": ""security-advisories@github.com"", ""tags"": [""Third Party Advisory""]}, {""url"": ""https://github.com/graphhopper/graphhopper/commit/eb189be1fa7443ebf4ae881e737a18f818c95f41"", ""source"": ""af854a3a-2127-422b-91ae-364da2661108"", ""tags"": [""Patch"", ""Third Party Advisory""]}, {""url"": ""https://github.com/graphhopper/graphhopper/pull/2304"", ""source"": ""af854a3a-2127-422b-91ae-364da2661108"", ""tags"": [""Patch"", ""Third Party Advisory""]}, {""url"": ""https://github.com/graphhopper/graphhopper/security/advisories/GHSA-hf44-3mx6-vhhw"", ""source"": ""af854a3a-2127-422b-91ae-364da2661108"", ""tags"": [""Third Party Advisory""]}]",False,"[""nvd""]",gold_evidence_removed,False
CVE-2021-29506-REMOVED-Q3,CVE-2021-29506,attack_condition,CVE-2021-29506는 원격 공격이 가능한가? 인증이나 사용자 상호작용이 필요한가?,"GraphHopper is an open-source Java routing engine. In GrassHopper from version 2.0 and before version 2.4, there is a regular expression injection vulnerability that may lead to Denial of Service. This has been patched in 2.4 and 3.0 See this pull request for the fix: https://github.com/graphhopper/graphhopper/pull/2304",MEDIUM,6.5,NETWORK,LOW,LOW,NONE,"[""CWE-400""]","[{""vendor"": ""graphhopper"", ""product"": ""graphhopper"", ""version"": ""*"", ""criteria"": ""cpe:2.3:a:graphhopper:graphhopper:*:*:*:*:*:*:*:*"", ""vulnerable"": true, ""versionStartIncluding"": ""2.0"", ""versionEndExcluding"": ""2.4""}]","[{""url"": ""https://github.com/graphhopper/graphhopper/commit/eb189be1fa7443ebf4ae881e737a18f818c95f41"", ""source"": ""security-advisories@github.com"", ""tags"": [""Patch"", ""Third Party Advisory""]}, {""url"": ""https://github.com/graphhopper/graphhopper/pull/2304"", ""source"": ""security-advisories@github.com"", ""tags"": [""Patch"", ""Third Party Advisory""]}, {""url"": ""https://github.com/graphhopper/graphhopper/security/advisories/GHSA-hf44-3mx6-vhhw"", ""source"": ""security-advisories@github.com"", ""tags"": [""Third Party Advisory""]}, {""url"": ""https://github.com/graphhopper/graphhopper/commit/eb189be1fa7443ebf4ae881e737a18f818c95f41"", ""source"": ""af854a3a-2127-422b-91ae-364da2661108"", ""tags"": [""Patch"", ""Third Party Advisory""]}, {""url"": ""https://github.com/graphhopper/graphhopper/pull/2304"", ""source"": ""af854a3a-2127-422b-91ae-364da2661108"", ""tags"": [""Patch"", ""Third Party Advisory""]}, {""url"": ""https://github.com/graphhopper/graphhopper/security/advisories/GHSA-hf44-3mx6-vhhw"", ""source"": ""af854a3a-2127-422b-91ae-364da2661108"", ""tags"": [""Third Party Advisory""]}]",False,"[""nvd""]",gold_evidence_removed,False
CVE-2021-29506-REMOVED-Q4,CVE-2021-29506,severity_reason,CVE-2021-29506의 위험도가 MEDIUM로 평가되는 이유는 무엇인가?,"GraphHopper is an open-source Java routing engine. In GrassHopper from version 2.0 and before version 2.4, there is a regular expression injection vulnerability that may lead to Denial of Service. This has been patched in 2.4 and 3.0 See this pull request for the fix: https://github.com/graphhopper/graphhopper/pull/2304",MEDIUM,6.5,NETWORK,LOW,LOW,NONE,"[""CWE-400""]","[{""vendor"": ""graphhopper"", ""product"": ""graphhopper"", ""version"": ""*"", ""criteria"": ""cpe:2.3:a:graphhopper:graphhopper:*:*:*:*:*:*:*:*"", ""vulnerable"": true, ""versionStartIncluding"": ""2.0"", ""versionEndExcluding"": ""2.4""}]","[{""url"": ""https://github.com/graphhopper/graphhopper/commit/eb189be1fa7443ebf4ae881e737a18f818c95f41"", ""source"": ""security-advisories@github.com"", ""tags"": [""Patch"", ""Third Party Advisory""]}, {""url"": ""https://github.com/graphhopper/graphhopper/pull/2304"", ""source"": ""security-advisories@github.com"", ""tags"": [""Patch"", ""Third Party Advisory""]}, {""url"": ""https://github.com/graphhopper/graphhopper/security/advisories/GHSA-hf44-3mx6-vhhw"", ""source"": ""security-advisories@github.com"", ""tags"": [""Third Party Advisory""]}, {""url"": ""https://github.com/graphhopper/graphhopper/commit/eb189be1fa7443ebf4ae881e737a18f818c95f41"", ""source"": ""af854a3a-2127-422b-91ae-364da2661108"", ""tags"": [""Patch"", ""Third Party Advisory""]}, {""url"": ""https://github.com/graphhopper/graphhopper/pull/2304"", ""source"": ""af854a3a-2127-422b-91ae-364da2661108"", ""tags"": [""Patch"", ""Third Party Advisory""]}, {""url"": ""https://github.com/graphhopper/graphhopper/security/advisories/GHSA-hf44-3mx6-vhhw"", ""source"": ""af854a3a-2127-422b-91ae-364da2661108"", ""tags"": [""Third Party Advisory""]}]",False,"[""nvd""]",gold_evidence_removed,False
CVE-2021-29506-REMOVED-Q5,CVE-2021-29506,mitigation,CVE-2021-29506에 대한 대응 방법이나 완화 방안은 무엇인가?,"GraphHopper is an open-source Java routing engine. In GrassHopper from version 2.0 and before version 2.4, there is a regular expression injection vulnerability that may lead to Denial of Service. This has been patched in 2.4 and 3.0 See this pull request for the fix: https://github.com/graphhopper/graphhopper/pull/2304",MEDIUM,6.5,NETWORK,LOW,LOW,NONE,"[""CWE-400""]","[{""vendor"": ""graphhopper"", ""product"": ""graphhopper"", ""version"": ""*"", ""criteria"": ""cpe:2.3:a:graphhopper:graphhopper:*:*:*:*:*:*:*:*"", ""vulnerable"": true, ""versionStartIncluding"": ""2.0"", ""versionEndExcluding"": ""2.4""}]","[{""url"": ""https://github.com/graphhopper/graphhopper/commit/eb189be1fa7443ebf4ae881e737a18f818c95f41"", ""source"": ""security-advisories@github.com"", ""tags"": [""Patch"", ""Third Party Advisory""]}, {""url"": ""https://github.com/graphhopper/graphhopper/pull/2304"", ""source"": ""security-advisories@github.com"", ""tags"": [""Patch"", ""Third Party Advisory""]}, {""url"": ""https://github.com/graphhopper/graphhopper/security/advisories/GHSA-hf44-3mx6-vhhw"", ""source"": ""security-advisories@github.com"", ""tags"": [""Third Party Advisory""]}, {""url"": ""https://github.com/graphhopper/graphhopper/commit/eb189be1fa7443ebf4ae881e737a18f818c95f41"", ""source"": ""af854a3a-2127-422b-91ae-364da2661108"", ""tags"": [""Patch"", ""Third Party Advisory""]}, {""url"": ""https://github.com/graphhopper/graphhopper/pull/2304"", ""source"": ""af854a3a-2127-422b-91ae-364da2661108"", ""tags"": [""Patch"", ""Third Party Advisory""]}, {""url"": ""https://github.com/graphhopper/graphhopper/security/advisories/GHSA-hf44-3mx6-vhhw"", ""source"": ""af854a3a-2127-422b-91ae-364da2661108"", ""tags"": [""Third Party Advisory""]}]",False,"[""nvd""]",gold_evidence_removed,False
CVE-2016-7201-REMOVED-Q1,CVE-2016-7201,vulnerability_summary,CVE-2016-7201는 어떤 취약점인가?,"The Chakra JavaScript scripting engine in Microsoft Edge allows remote attackers to execute arbitrary code or cause a denial of service (memory corruption) via a crafted web site, aka ""Scripting Engine Memory Corruption Vulnerability,"" a different vulnerability than CVE-2016-7200, CVE-2016-7202, CVE-2016-7203, CVE-2016-7208, CVE-2016-7240, CVE-2016-7242, and CVE-2016-7243.",HIGH,8.8,NETWORK,LOW,NONE,REQUIRED,"[""CWE-843""]","[{""vendor"": ""microsoft"", ""product"": ""edge"", ""version"": ""-"", ""criteria"": ""cpe:2.3:a:microsoft:edge:-:*:*:*:*:*:*:*"", ""vulnerable"": true}, {""vendor"": ""microsoft"", ""product"": ""windows_10_1507"", ""version"": ""-"", ""criteria"": ""cpe:2.3:o:microsoft:windows_10_1507:-:*:*:*:*:*:*:*"", ""vulnerable"": false}, {""vendor"": ""microsoft"", ""product"": ""windows_10_1511"", ""version"": ""-"", ""criteria"": ""cpe:2.3:o:microsoft:windows_10_1511:-:*:*:*:*:*:*:*"", ""vulnerable"": false}, {""vendor"": ""microsoft"", ""product"": ""windows_10_1607"", ""version"": ""-"", ""criteria"": ""cpe:2.3:o:microsoft:windows_10_1607:-:*:*:*:*:*:*:*"", ""vulnerable"": false}, {""vendor"": ""microsoft"", ""product"": ""windows_server_2016"", ""version"": ""-"", ""criteria"": ""cpe:2.3:o:microsoft:windows_server_2016:-:*:*:*:*:*:*:*"", ""vulnerable"": false}]","[{""url"": ""http://packetstormsecurity.com/files/140382/Microsoft-Edge-chakra.dll-Information-Leak-Type-Confusion.html"", ""source"": ""secure@microsoft.com"", ""tags"": [""Third Party Advisory"", ""VDB Entry""]}, {""url"": ""http://www.securityfocus.com/bid/94038"", ""source"": ""secure@microsoft.com"", ""tags"": [""Broken Link"", ""Third Party Advisory"", ""VDB Entry""]}, {""url"": ""http://www.securitytracker.com/id/1037245"", ""source"": ""secure@microsoft.com"", ""tags"": [""Broken Link"", ""Third Party Advisory"", ""VDB Entry""]}, {""url"": ""https://docs.microsoft.com/en-us/security-updates/securitybulletins/2016/ms16-129"", ""source"": ""secure@microsoft.com"", ""tags"": [""Patch"", ""Vendor Advisory""]}, {""url"": ""https://github.com/theori-io/chakra-2016-11"", ""source"": ""secure@microsoft.com"", ""tags"": [""Exploit"", ""Third Party Advisory""]}, {""url"": ""https://www.exploit-db.com/exploits/40784/"", ""source"": ""secure@microsoft.com"", ""tags"": [""Exploit"", ""Third Party Advisory"", ""VDB Entry""]}, {""url"": ""https://www.exploit-db.com/exploits/40990/"", ""source"": ""secure@microsoft.com"", ""tags"": [""Exploit"", ""Third Party Advisory"", ""VDB Entry""]}, {""url"": ""http://packetstormsecurity.com/files/140382/Microsoft-Edge-chakra.dll-Information-Leak-Type-Confusion.html"", ""source"": ""af854a3a-2127-422b-91ae-364da2661108"", ""tags"": [""Third Party Advisory"", ""VDB Entry""]}, {""url"": ""http://www.securityfocus.com/bid/94038"", ""source"": ""af854a3a-2127-422b-91ae-364da2661108"", ""tags"": [""Broken Link"", ""Third Party Advisory"", ""VDB Entry""]}, {""url"": ""http://www.securitytracker.com/id/1037245"", ""source"": ""af854a3a-2127-422b-91ae-364da2661108"", ""tags"": [""Broken Link"", ""Third Party Advisory"", ""VDB Entry""]}, {""url"": ""https://docs.microsoft.com/en-us/security-updates/securitybulletins/2016/ms16-129"", ""source"": ""af854a3a-2127-422b-91ae-364da2661108"", ""tags"": [""Patch"", ""Vendor Advisory""]}, {""url"": ""https://github.com/theori-io/chakra-2016-11"", ""source"": ""af854a3a-2127-422b-91ae-364da2661108"", ""tags"": [""Exploit"", ""Third Party Advisory""]}, {""url"": ""https://www.exploit-db.com/exploits/40784/"", ""source"": ""af854a3a-2127-422b-91ae-364da2661108"", ""tags"": [""Exploit"", ""Third Party Advisory"", ""VDB Entry""]}, {""url"": ""https://www.exploit-db.com/exploits/40990/"", ""source"": ""af854a3a-2127-422b-91ae-364da2661108"", ""tags"": [""Exploit"", ""Third Party Advisory"", ""VDB Entry""]}, {""url"": ""https://www.cisa.gov/known-exploited-vulnerabilities-catalog?field_cve=CVE-2016-7201"", ""source"": ""134c704f-9b21-4f2e-91b3-4a467353bcc0"", ""tags"": [""US Government Resource""]}]",True,"[""nvd"", ""cisa_kev""]",gold_evidence_removed,False
CVE-2016-7201-REMOVED-Q2,CVE-2016-7201,affected_product,CVE-2016-7201의 영향을 받는 제품이나 버전은 무엇인가?,"The Chakra JavaScript scripting engine in Microsoft Edge allows remote attackers to execute arbitrary code or cause a denial of service (memory corruption) via a crafted web site, aka ""Scripting Engine Memory Corruption Vulnerability,"" a different vulnerability than CVE-2016-7200, CVE-2016-7202, CVE-2016-7203, CVE-2016-7208, CVE-2016-7240, CVE-2016-7242, and CVE-2016-7243.",HIGH,8.8,NETWORK,LOW,NONE,REQUIRED,"[""CWE-843""]","[{""vendor"": ""microsoft"", ""product"": ""edge"", ""version"": ""-"", ""criteria"": ""cpe:2.3:a:microsoft:edge:-:*:*:*:*:*:*:*"", ""vulnerable"": true}, {""vendor"": ""microsoft"", ""product"": ""windows_10_1507"", ""version"": ""-"", ""criteria"": ""cpe:2.3:o:microsoft:windows_10_1507:-:*:*:*:*:*:*:*"", ""vulnerable"": false}, {""vendor"": ""microsoft"", ""product"": ""windows_10_1511"", ""version"": ""-"", ""criteria"": ""cpe:2.3:o:microsoft:windows_10_1511:-:*:*:*:*:*:*:*"", ""vulnerable"": false}, {""vendor"": ""microsoft"", ""product"": ""windows_10_1607"", ""version"": ""-"", ""criteria"": ""cpe:2.3:o:microsoft:windows_10_1607:-:*:*:*:*:*:*:*"", ""vulnerable"": false}, {""vendor"": ""microsoft"", ""product"": ""windows_server_2016"", ""version"": ""-"", ""criteria"": ""cpe:2.3:o:microsoft:windows_server_2016:-:*:*:*:*:*:*:*"", ""vulnerable"": false}]","[{""url"": ""http://packetstormsecurity.com/files/140382/Microsoft-Edge-chakra.dll-Information-Leak-Type-Confusion.html"", ""source"": ""secure@microsoft.com"", ""tags"": [""Third Party Advisory"", ""VDB Entry""]}, {""url"": ""http://www.securityfocus.com/bid/94038"", ""source"": ""secure@microsoft.com"", ""tags"": [""Broken Link"", ""Third Party Advisory"", ""VDB Entry""]}, {""url"": ""http://www.securitytracker.com/id/1037245"", ""source"": ""secure@microsoft.com"", ""tags"": [""Broken Link"", ""Third Party Advisory"", ""VDB Entry""]}, {""url"": ""https://docs.microsoft.com/en-us/security-updates/securitybulletins/2016/ms16-129"", ""source"": ""secure@microsoft.com"", ""tags"": [""Patch"", ""Vendor Advisory""]}, {""url"": ""https://github.com/theori-io/chakra-2016-11"", ""source"": ""secure@microsoft.com"", ""tags"": [""Exploit"", ""Third Party Advisory""]}, {""url"": ""https://www.exploit-db.com/exploits/40784/"", ""source"": ""secure@microsoft.com"", ""tags"": [""Exploit"", ""Third Party Advisory"", ""VDB Entry""]}, {""url"": ""https://www.exploit-db.com/exploits/40990/"", ""source"": ""secure@microsoft.com"", ""tags"": [""Exploit"", ""Third Party Advisory"", ""VDB Entry""]}, {""url"": ""http://packetstormsecurity.com/files/140382/Microsoft-Edge-chakra.dll-Information-Leak-Type-Confusion.html"", ""source"": ""af854a3a-2127-422b-91ae-364da2661108"", ""tags"": [""Third Party Advisory"", ""VDB Entry""]}, {""url"": ""http://www.securityfocus.com/bid/94038"", ""source"": ""af854a3a-2127-422b-91ae-364da2661108"", ""tags"": [""Broken Link"", ""Third Party Advisory"", ""VDB Entry""]}, {""url"": ""http://www.securitytracker.com/id/1037245"", ""source"": ""af854a3a-2127-422b-91ae-364da2661108"", ""tags"": [""Broken Link"", ""Third Party Advisory"", ""VDB Entry""]}, {""url"": ""https://docs.microsoft.com/en-us/security-updates/securitybulletins/2016/ms16-129"", ""source"": ""af854a3a-2127-422b-91ae-364da2661108"", ""tags"": [""Patch"", ""Vendor Advisory""]}, {""url"": ""https://github.com/theori-io/chakra-2016-11"", ""source"": ""af854a3a-2127-422b-91ae-364da2661108"", ""tags"": [""Exploit"", ""Third Party Advisory""]}, {""url"": ""https://www.exploit-db.com/exploits/40784/"", ""source"": ""af854a3a-2127-422b-91ae-364da2661108"", ""tags"": [""Exploit"", ""Third Party Advisory"", ""VDB Entry""]}, {""url"": ""https://www.exploit-db.com/exploits/40990/"", ""source"": ""af854a3a-2127-422b-91ae-364da2661108"", ""tags"": [""Exploit"", ""Third Party Advisory"", ""VDB Entry""]}, {""url"": ""https://www.cisa.gov/known-exploited-vulnerabilities-catalog?field_cve=CVE-2016-7201"", ""source"": ""134c704f-9b21-4f2e-91b3-4a467353bcc0"", ""tags"": [""US Government Resource""]}]",True,"[""nvd"", ""cisa_kev""]",gold_evidence_removed,False
CVE-2016-7201-REMOVED-Q3,CVE-2016-7201,attack_condition,CVE-2016-7201는 원격 공격이 가능한가? 인증이나 사용자 상호작용이 필요한가?,"The Chakra JavaScript scripting engine in Microsoft Edge allows remote attackers to execute arbitrary code or cause a denial of service (memory corruption) via a crafted web site, aka ""Scripting Engine Memory Corruption Vulnerability,"" a different vulnerability than CVE-2016-7200, CVE-2016-7202, CVE-2016-7203, CVE-2016-7208, CVE-2016-7240, CVE-2016-7242, and CVE-2016-7243.",HIGH,8.8,NETWORK,LOW,NONE,REQUIRED,"[""CWE-843""]","[{""vendor"": ""microsoft"", ""product"": ""edge"", ""version"": ""-"", ""criteria"": ""cpe:2.3:a:microsoft:edge:-:*:*:*:*:*:*:*"", ""vulnerable"": true}, {""vendor"": ""microsoft"", ""product"": ""windows_10_1507"", ""version"": ""-"", ""criteria"": ""cpe:2.3:o:microsoft:windows_10_1507:-:*:*:*:*:*:*:*"", ""vulnerable"": false}, {""vendor"": ""microsoft"", ""product"": ""windows_10_1511"", ""version"": ""-"", ""criteria"": ""cpe:2.3:o:microsoft:windows_10_1511:-:*:*:*:*:*:*:*"", ""vulnerable"": false}, {""vendor"": ""microsoft"", ""product"": ""windows_10_1607"", ""version"": ""-"", ""criteria"": ""cpe:2.3:o:microsoft:windows_10_1607:-:*:*:*:*:*:*:*"", ""vulnerable"": false}, {""vendor"": ""microsoft"", ""product"": ""windows_server_2016"", ""version"": ""-"", ""criteria"": ""cpe:2.3:o:microsoft:windows_server_2016:-:*:*:*:*:*:*:*"", ""vulnerable"": false}]","[{""url"": ""http://packetstormsecurity.com/files/140382/Microsoft-Edge-chakra.dll-Information-Leak-Type-Confusion.html"", ""source"": ""secure@microsoft.com"", ""tags"": [""Third Party Advisory"", ""VDB Entry""]}, {""url"": ""http://www.securityfocus.com/bid/94038"", ""source"": ""secure@microsoft.com"", ""tags"": [""Broken Link"", ""Third Party Advisory"", ""VDB Entry""]}, {""url"": ""http://www.securitytracker.com/id/1037245"", ""source"": ""secure@microsoft.com"", ""tags"": [""Broken Link"", ""Third Party Advisory"", ""VDB Entry""]}, {""url"": ""https://docs.microsoft.com/en-us/security-updates/securitybulletins/2016/ms16-129"", ""source"": ""secure@microsoft.com"", ""tags"": [""Patch"", ""Vendor Advisory""]}, {""url"": ""https://github.com/theori-io/chakra-2016-11"", ""source"": ""secure@microsoft.com"", ""tags"": [""Exploit"", ""Third Party Advisory""]}, {""url"": ""https://www.exploit-db.com/exploits/40784/"", ""source"": ""secure@microsoft.com"", ""tags"": [""Exploit"", ""Third Party Advisory"", ""VDB Entry""]}, {""url"": ""https://www.exploit-db.com/exploits/40990/"", ""source"": ""secure@microsoft.com"", ""tags"": [""Exploit"", ""Third Party Advisory"", ""VDB Entry""]}, {""url"": ""http://packetstormsecurity.com/files/140382/Microsoft-Edge-chakra.dll-Information-Leak-Type-Confusion.html"", ""source"": ""af854a3a-2127-422b-91ae-364da2661108"", ""tags"": [""Third Party Advisory"", ""VDB Entry""]}, {""url"": ""http://www.securityfocus.com/bid/94038"", ""source"": ""af854a3a-2127-422b-91ae-364da2661108"", ""tags"": [""Broken Link"", ""Third Party Advisory"", ""VDB Entry""]}, {""url"": ""http://www.securitytracker.com/id/1037245"", ""source"": ""af854a3a-2127-422b-91ae-364da2661108"", ""tags"": [""Broken Link"", ""Third Party Advisory"", ""VDB Entry""]}, {""url"": ""https://docs.microsoft.com/en-us/security-updates/securitybulletins/2016/ms16-129"", ""source"": ""af854a3a-2127-422b-91ae-364da2661108"", ""tags"": [""Patch"", ""Vendor Advisory""]}, {""url"": ""https://github.com/theori-io/chakra-2016-11"", ""source"": ""af854a3a-2127-422b-91ae-364da2661108"", ""tags"": [""Exploit"", ""Third Party Advisory""]}, {""url"": ""https://www.exploit-db.com/exploits/40784/"", ""source"": ""af854a3a-2127-422b-91ae-364da2661108"", ""tags"": [""Exploit"", ""Third Party Advisory"", ""VDB Entry""]}, {""url"": ""https://www.exploit-db.com/exploits/40990/"", ""source"": ""af854a3a-2127-422b-91ae-364da2661108"", ""tags"": [""Exploit"", ""Third Party Advisory"", ""VDB Entry""]}, {""url"": ""https://www.cisa.gov/known-exploited-vulnerabilities-catalog?field_cve=CVE-2016-7201"", ""source"": ""134c704f-9b21-4f2e-91b3-4a467353bcc0"", ""tags"": [""US Government Resource""]}]",True,"[""nvd"", ""cisa_kev""]",gold_evidence_removed,False
CVE-2016-7201-REMOVED-Q4,CVE-2016-7201,severity_reason,CVE-2016-7201의 위험도가 HIGH로 평가되는 이유는 무엇인가?,"The Chakra JavaScript scripting engine in Microsoft Edge allows remote attackers to execute arbitrary code or cause a denial of service (memory corruption) via a crafted web site, aka ""Scripting Engine Memory Corruption Vulnerability,"" a different vulnerability than CVE-2016-7200, CVE-2016-7202, CVE-2016-7203, CVE-2016-7208, CVE-2016-7240, CVE-2016-7242, and CVE-2016-7243.",HIGH,8.8,NETWORK,LOW,NONE,REQUIRED,"[""CWE-843""]","[{""vendor"": ""microsoft"", ""product"": ""edge"", ""version"": ""-"", ""criteria"": ""cpe:2.3:a:microsoft:edge:-:*:*:*:*:*:*:*"", ""vulnerable"": true}, {""vendor"": ""microsoft"", ""product"": ""windows_10_1507"", ""version"": ""-"", ""criteria"": ""cpe:2.3:o:microsoft:windows_10_1507:-:*:*:*:*:*:*:*"", ""vulnerable"": false}, {""vendor"": ""microsoft"", ""product"": ""windows_10_1511"", ""version"": ""-"", ""criteria"": ""cpe:2.3:o:microsoft:windows_10_1511:-:*:*:*:*:*:*:*"", ""vulnerable"": false}, {""vendor"": ""microsoft"", ""product"": ""windows_10_1607"", ""version"": ""-"", ""criteria"": ""cpe:2.3:o:microsoft:windows_10_1607:-:*:*:*:*:*:*:*"", ""vulnerable"": false}, {""vendor"": ""microsoft"", ""product"": ""windows_server_2016"", ""version"": ""-"", ""criteria"": ""cpe:2.3:o:microsoft:windows_server_2016:-:*:*:*:*:*:*:*"", ""vulnerable"": false}]","[{""url"": ""http://packetstormsecurity.com/files/140382/Microsoft-Edge-chakra.dll-Information-Leak-Type-Confusion.html"", ""source"": ""secure@microsoft.com"", ""tags"": [""Third Party Advisory"", ""VDB Entry""]}, {""url"": ""http://www.securityfocus.com/bid/94038"", ""source"": ""secure@microsoft.com"", ""tags"": [""Broken Link"", ""Third Party Advisory"", ""VDB Entry""]}, {""url"": ""http://www.securitytracker.com/id/1037245"", ""source"": ""secure@microsoft.com"", ""tags"": [""Broken Link"", ""Third Party Advisory"", ""VDB Entry""]}, {""url"": ""https://docs.microsoft.com/en-us/security-updates/securitybulletins/2016/ms16-129"", ""source"": ""secure@microsoft.com"", ""tags"": [""Patch"", ""Vendor Advisory""]}, {""url"": ""https://github.com/theori-io/chakra-2016-11"", ""source"": ""secure@microsoft.com"", ""tags"": [""Exploit"", ""Third Party Advisory""]}, {""url"": ""https://www.exploit-db.com/exploits/40784/"", ""source"": ""secure@microsoft.com"", ""tags"": [""Exploit"", ""Third Party Advisory"", ""VDB Entry""]}, {""url"": ""https://www.exploit-db.com/exploits/40990/"", ""source"": ""secure@microsoft.com"", ""tags"": [""Exploit"", ""Third Party Advisory"", ""VDB Entry""]}, {""url"": ""http://packetstormsecurity.com/files/140382/Microsoft-Edge-chakra.dll-Information-Leak-Type-Confusion.html"", ""source"": ""af854a3a-2127-422b-91ae-364da2661108"", ""tags"": [""Third Party Advisory"", ""VDB Entry""]}, {""url"": ""http://www.securityfocus.com/bid/94038"", ""source"": ""af854a3a-2127-422b-91ae-364da2661108"", ""tags"": [""Broken Link"", ""Third Party Advisory"", ""VDB Entry""]}, {""url"": ""http://www.securitytracker.com/id/1037245"", ""source"": ""af854a3a-2127-422b-91ae-364da2661108"", ""tags"": [""Broken Link"", ""Third Party Advisory"", ""VDB Entry""]}, {""url"": ""https://docs.microsoft.com/en-us/security-updates/securitybulletins/2016/ms16-129"", ""source"": ""af854a3a-2127-422b-91ae-364da2661108"", ""tags"": [""Patch"", ""Vendor Advisory""]}, {""url"": ""https://github.com/theori-io/chakra-2016-11"", ""source"": ""af854a3a-2127-422b-91ae-364da2661108"", ""tags"": [""Exploit"", ""Third Party Advisory""]}, {""url"": ""https://www.exploit-db.com/exploits/40784/"", ""source"": ""af854a3a-2127-422b-91ae-364da2661108"", ""tags"": [""Exploit"", ""Third Party Advisory"", ""VDB Entry""]}, {""url"": ""https://www.exploit-db.com/exploits/40990/"", ""source"": ""af854a3a-2127-422b-91ae-364da2661108"", ""tags"": [""Exploit"", ""Third Party Advisory"", ""VDB Entry""]}, {""url"": ""https://www.cisa.gov/known-exploited-vulnerabilities-catalog?field_cve=CVE-2016-7201"", ""source"": ""134c704f-9b21-4f2e-91b3-4a467353bcc0"", ""tags"": [""US Government Resource""]}]",True,"[""nvd"", ""cisa_kev""]",gold_evidence_removed,False
CVE-2016-7201-REMOVED-Q5,CVE-2016-7201,mitigation,CVE-2016-7201에 대한 대응 방법이나 완화 방안은 무엇인가?,"The Chakra JavaScript scripting engine in Microsoft Edge allows remote attackers to execute arbitrary code or cause a denial of service (memory corruption) via a crafted web site, aka ""Scripting Engine Memory Corruption Vulnerability,"" a different vulnerability than CVE-2016-7200, CVE-2016-7202, CVE-2016-7203, CVE-2016-7208, CVE-2016-7240, CVE-2016-7242, and CVE-2016-7243.",HIGH,8.8,NETWORK,LOW,NONE,REQUIRED,"[""CWE-843""]","[{""vendor"": ""microsoft"", ""product"": ""edge"", ""version"": ""-"", ""criteria"": ""cpe:2.3:a:microsoft:edge:-:*:*:*:*:*:*:*"", ""vulnerable"": true}, {""vendor"": ""microsoft"", ""product"": ""windows_10_1507"", ""version"": ""-"", ""criteria"": ""cpe:2.3:o:microsoft:windows_10_1507:-:*:*:*:*:*:*:*"", ""vulnerable"": false}, {""vendor"": ""microsoft"", ""product"": ""windows_10_1511"", ""version"": ""-"", ""criteria"": ""cpe:2.3:o:microsoft:windows_10_1511:-:*:*:*:*:*:*:*"", ""vulnerable"": false}, {""vendor"": ""microsoft"", ""product"": ""windows_10_1607"", ""version"": ""-"", ""criteria"": ""cpe:2.3:o:microsoft:windows_10_1607:-:*:*:*:*:*:*:*"", ""vulnerable"": false}, {""vendor"": ""microsoft"", ""product"": ""windows_server_2016"", ""version"": ""-"", ""criteria"": ""cpe:2.3:o:microsoft:windows_server_2016:-:*:*:*:*:*:*:*"", ""vulnerable"": false}]","[{""url"": ""http://packetstormsecurity.com/files/140382/Microsoft-Edge-chakra.dll-Information-Leak-Type-Confusion.html"", ""source"": ""secure@microsoft.com"", ""tags"": [""Third Party Advisory"", ""VDB Entry""]}, {""url"": ""http://www.securityfocus.com/bid/94038"", ""source"": ""secure@microsoft.com"", ""tags"": [""Broken Link"", ""Third Party Advisory"", ""VDB Entry""]}, {""url"": ""http://www.securitytracker.com/id/1037245"", ""source"": ""secure@microsoft.com"", ""tags"": [""Broken Link"", ""Third Party Advisory"", ""VDB Entry""]}, {""url"": ""https://docs.microsoft.com/en-us/security-updates/securitybulletins/2016/ms16-129"", ""source"": ""secure@microsoft.com"", ""tags"": [""Patch"", ""Vendor Advisory""]}, {""url"": ""https://github.com/theori-io/chakra-2016-11"", ""source"": ""secure@microsoft.com"", ""tags"": [""Exploit"", ""Third Party Advisory""]}, {""url"": ""https://www.exploit-db.com/exploits/40784/"", ""source"": ""secure@microsoft.com"", ""tags"": [""Exploit"", ""Third Party Advisory"", ""VDB Entry""]}, {""url"": ""https://www.exploit-db.com/exploits/40990/"", ""source"": ""secure@microsoft.com"", ""tags"": [""Exploit"", ""Third Party Advisory"", ""VDB Entry""]}, {""url"": ""http://packetstormsecurity.com/files/140382/Microsoft-Edge-chakra.dll-Information-Leak-Type-Confusion.html"", ""source"": ""af854a3a-2127-422b-91ae-364da2661108"", ""tags"": [""Third Party Advisory"", ""VDB Entry""]}, {""url"": ""http://www.securityfocus.com/bid/94038"", ""source"": ""af854a3a-2127-422b-91ae-364da2661108"", ""tags"": [""Broken Link"", ""Third Party Advisory"", ""VDB Entry""]}, {""url"": ""http://www.securitytracker.com/id/1037245"", ""source"": ""af854a3a-2127-422b-91ae-364da2661108"", ""tags"": [""Broken Link"", ""Third Party Advisory"", ""VDB Entry""]}, {""url"": ""https://docs.microsoft.com/en-us/security-updates/securitybulletins/2016/ms16-129"", ""source"": ""af854a3a-2127-422b-91ae-364da2661108"", ""tags"": [""Patch"", ""Vendor Advisory""]}, {""url"": ""https://github.com/theori-io/chakra-2016-11"", ""source"": ""af854a3a-2127-422b-91ae-364da2661108"", ""tags"": [""Exploit"", ""Third Party Advisory""]}, {""url"": ""https://www.exploit-db.com/exploits/40784/"", ""source"": ""af854a3a-2127-422b-91ae-364da2661108"", ""tags"": [""Exploit"", ""Third Party Advisory"", ""VDB Entry""]}, {""url"": ""https://www.exploit-db.com/exploits/40990/"", ""source"": ""af854a3a-2127-422b-91ae-364da2661108"", ""tags"": [""Exploit"", ""Third Party Advisory"", ""VDB Entry""]}, {""url"": ""https://www.cisa.gov/known-exploited-vulnerabilities-catalog?field_cve=CVE-2016-7201"", ""source"": ""134c704f-9b21-4f2e-91b3-4a467353bcc0"", ""tags"": [""US Government Resource""]}]",True,"[""nvd"", ""cisa_kev""]",gold_evidence_removed,False
CVE-2025-61932-REMOVED-Q1,CVE-2025-61932,vulnerability_summary,CVE-2025-61932는 어떤 취약점인가?,"Lanscope Endpoint Manager (On-Premises) (Client program (MR) and Detection agent (DA)) improperly verifies the origin of incoming requests, allowing an attacker to execute arbitrary code by sending specially crafted packets.",CRITICAL,9.8,NETWORK,LOW,NONE,NONE,"[""CWE-940""]","[{""vendor"": ""motex"", ""product"": ""lanscope_endpoint_manager"", ""version"": ""*"", ""criteria"": ""cpe:2.3:a:motex:lanscope_endpoint_manager:*:*:*:*:on-premise:*:*:*"", ""vulnerable"": true, ""versionEndExcluding"": ""9.3.2.7""}, {""vendor"": ""motex"", ""product"": ""lanscope_endpoint_manager"", ""version"": ""*"", ""criteria"": ""cpe:2.3:a:motex:lanscope_endpoint_manager:*:*:*:*:on-premise:*:*:*"", ""vulnerable"": true, ""versionStartIncluding"": ""9.3.3.0"", ""versionEndExcluding"": ""9.3.3.9""}, {""vendor"": ""motex"", ""product"": ""lanscope_endpoint_manager"", ""version"": ""*"", ""criteria"": ""cpe:2.3:a:motex:lanscope_endpoint_manager:*:*:*:*:on-premise:*:*:*"", ""vulnerable"": true, ""versionStartIncluding"": ""9.4.0.0"", ""versionEndExcluding"": ""9.4.0.5""}, {""vendor"": ""motex"", ""product"": ""lanscope_endpoint_manager"", ""version"": ""*"", ""criteria"": ""cpe:2.3:a:motex:lanscope_endpoint_manager:*:*:*:*:on-premise:*:*:*"", ""vulnerable"": true, ""versionStartIncluding"": ""9.4.1.0"", ""versionEndExcluding"": ""9.4.1.5""}, {""vendor"": ""motex"", ""product"": ""lanscope_endpoint_manager"", ""version"": ""*"", ""criteria"": ""cpe:2.3:a:motex:lanscope_endpoint_manager:*:*:*:*:on-premise:*:*:*"", ""vulnerable"": true, ""versionStartIncluding"": ""9.4.2.0"", ""versionEndExcluding"": ""9.4.2.6""}, {""vendor"": ""motex"", ""product"": ""lanscope_endpoint_manager"", ""version"": ""*"", ""criteria"": ""cpe:2.3:a:motex:lanscope_endpoint_manager:*:*:*:*:on-premise:*:*:*"", ""vulnerable"": true, ""versionStartIncluding"": ""9.4.3.0"", ""versionEndExcluding"": ""9.4.3.8""}, {""vendor"": ""motex"", ""product"": ""lanscope_endpoint_manager"", ""version"": ""*"", ""criteria"": ""cpe:2.3:a:motex:lanscope_endpoint_manager:*:*:*:*:on-premise:*:*:*"", ""vulnerable"": true, ""versionStartIncluding"": ""9.4.4.0"", ""versionEndExcluding"": ""9.4.4.6""}, {""vendor"": ""motex"", ""product"": ""lanscope_endpoint_manager"", ""version"": ""*"", ""criteria"": ""cpe:2.3:a:motex:lanscope_endpoint_manager:*:*:*:*:on-premise:*:*:*"", ""vulnerable"": true, ""versionStartIncluding"": ""9.4.5.0"", ""versionEndExcluding"": ""9.4.5.4""}, {""vendor"": ""motex"", ""product"": ""lanscope_endpoint_manager"", ""version"": ""*"", ""criteria"": ""cpe:2.3:a:motex:lanscope_endpoint_manager:*:*:*:*:on-premise:*:*:*"", ""vulnerable"": true, ""versionStartIncluding"": ""9.4.6.0"", ""versionEndExcluding"": ""9.4.6.3""}, {""vendor"": ""motex"", ""product"": ""lanscope_endpoint_manager"", ""version"": ""*"", ""criteria"": ""cpe:2.3:a:motex:lanscope_endpoint_manager:*:*:*:*:on-premise:*:*:*"", ""vulnerable"": true, ""versionStartIncluding"": ""9.4.7.0"", ""versionEndIncluding"": ""9.4.7.1""}]","[{""url"": ""https://jvn.jp/en/jp/JVN86318557/"", ""source"": ""vultures@jpcert.or.jp"", ""tags"": [""Third Party Advisory""]}, {""url"": ""https://www.motex.co.jp/news/notice/2025/release251020/"", ""source"": ""vultures@jpcert.or.jp"", ""tags"": [""Vendor Advisory""]}, {""url"": ""https://www.cisa.gov/known-exploited-vulnerabilities-catalog?field_cve=CVE-2025-61932"", ""source"": ""134c704f-9b21-4f2e-91b3-4a467353bcc0"", ""tags"": [""Third Party Advisory"", ""US Government Resource""]}]",True,"[""nvd"", ""cisa_kev""]",gold_evidence_removed,False
CVE-2025-61932-REMOVED-Q2,CVE-2025-61932,affected_product,CVE-2025-61932의 영향을 받는 제품이나 버전은 무엇인가?,"Lanscope Endpoint Manager (On-Premises) (Client program (MR) and Detection agent (DA)) improperly verifies the origin of incoming requests, allowing an attacker to execute arbitrary code by sending specially crafted packets.",CRITICAL,9.8,NETWORK,LOW,NONE,NONE,"[""CWE-940""]","[{""vendor"": ""motex"", ""product"": ""lanscope_endpoint_manager"", ""version"": ""*"", ""criteria"": ""cpe:2.3:a:motex:lanscope_endpoint_manager:*:*:*:*:on-premise:*:*:*"", ""vulnerable"": true, ""versionEndExcluding"": ""9.3.2.7""}, {""vendor"": ""motex"", ""product"": ""lanscope_endpoint_manager"", ""version"": ""*"", ""criteria"": ""cpe:2.3:a:motex:lanscope_endpoint_manager:*:*:*:*:on-premise:*:*:*"", ""vulnerable"": true, ""versionStartIncluding"": ""9.3.3.0"", ""versionEndExcluding"": ""9.3.3.9""}, {""vendor"": ""motex"", ""product"": ""lanscope_endpoint_manager"", ""version"": ""*"", ""criteria"": ""cpe:2.3:a:motex:lanscope_endpoint_manager:*:*:*:*:on-premise:*:*:*"", ""vulnerable"": true, ""versionStartIncluding"": ""9.4.0.0"", ""versionEndExcluding"": ""9.4.0.5""}, {""vendor"": ""motex"", ""product"": ""lanscope_endpoint_manager"", ""version"": ""*"", ""criteria"": ""cpe:2.3:a:motex:lanscope_endpoint_manager:*:*:*:*:on-premise:*:*:*"", ""vulnerable"": true, ""versionStartIncluding"": ""9.4.1.0"", ""versionEndExcluding"": ""9.4.1.5""}, {""vendor"": ""motex"", ""product"": ""lanscope_endpoint_manager"", ""version"": ""*"", ""criteria"": ""cpe:2.3:a:motex:lanscope_endpoint_manager:*:*:*:*:on-premise:*:*:*"", ""vulnerable"": true, ""versionStartIncluding"": ""9.4.2.0"", ""versionEndExcluding"": ""9.4.2.6""}, {""vendor"": ""motex"", ""product"": ""lanscope_endpoint_manager"", ""version"": ""*"", ""criteria"": ""cpe:2.3:a:motex:lanscope_endpoint_manager:*:*:*:*:on-premise:*:*:*"", ""vulnerable"": true, ""versionStartIncluding"": ""9.4.3.0"", ""versionEndExcluding"": ""9.4.3.8""}, {""vendor"": ""motex"", ""product"": ""lanscope_endpoint_manager"", ""version"": ""*"", ""criteria"": ""cpe:2.3:a:motex:lanscope_endpoint_manager:*:*:*:*:on-premise:*:*:*"", ""vulnerable"": true, ""versionStartIncluding"": ""9.4.4.0"", ""versionEndExcluding"": ""9.4.4.6""}, {""vendor"": ""motex"", ""product"": ""lanscope_endpoint_manager"", ""version"": ""*"", ""criteria"": ""cpe:2.3:a:motex:lanscope_endpoint_manager:*:*:*:*:on-premise:*:*:*"", ""vulnerable"": true, ""versionStartIncluding"": ""9.4.5.0"", ""versionEndExcluding"": ""9.4.5.4""}, {""vendor"": ""motex"", ""product"": ""lanscope_endpoint_manager"", ""version"": ""*"", ""criteria"": ""cpe:2.3:a:motex:lanscope_endpoint_manager:*:*:*:*:on-premise:*:*:*"", ""vulnerable"": true, ""versionStartIncluding"": ""9.4.6.0"", ""versionEndExcluding"": ""9.4.6.3""}, {""vendor"": ""motex"", ""product"": ""lanscope_endpoint_manager"", ""version"": ""*"", ""criteria"": ""cpe:2.3:a:motex:lanscope_endpoint_manager:*:*:*:*:on-premise:*:*:*"", ""vulnerable"": true, ""versionStartIncluding"": ""9.4.7.0"", ""versionEndIncluding"": ""9.4.7.1""}]","[{""url"": ""https://jvn.jp/en/jp/JVN86318557/"", ""source"": ""vultures@jpcert.or.jp"", ""tags"": [""Third Party Advisory""]}, {""url"": ""https://www.motex.co.jp/news/notice/2025/release251020/"", ""source"": ""vultures@jpcert.or.jp"", ""tags"": [""Vendor Advisory""]}, {""url"": ""https://www.cisa.gov/known-exploited-vulnerabilities-catalog?field_cve=CVE-2025-61932"", ""source"": ""134c704f-9b21-4f2e-91b3-4a467353bcc0"", ""tags"": [""Third Party Advisory"", ""US Government Resource""]}]",True,"[""nvd"", ""cisa_kev""]",gold_evidence_removed,False
CVE-2025-61932-REMOVED-Q3,CVE-2025-61932,attack_condition,CVE-2025-61932는 원격 공격이 가능한가? 인증이나 사용자 상호작용이 필요한가?,"Lanscope Endpoint Manager (On-Premises) (Client program (MR) and Detection agent (DA)) improperly verifies the origin of incoming requests, allowing an attacker to execute arbitrary code by sending specially crafted packets.",CRITICAL,9.8,NETWORK,LOW,NONE,NONE,"[""CWE-940""]","[{""vendor"": ""motex"", ""product"": ""lanscope_endpoint_manager"", ""version"": ""*"", ""criteria"": ""cpe:2.3:a:motex:lanscope_endpoint_manager:*:*:*:*:on-premise:*:*:*"", ""vulnerable"": true, ""versionEndExcluding"": ""9.3.2.7""}, {""vendor"": ""motex"", ""product"": ""lanscope_endpoint_manager"", ""version"": ""*"", ""criteria"": ""cpe:2.3:a:motex:lanscope_endpoint_manager:*:*:*:*:on-premise:*:*:*"", ""vulnerable"": true, ""versionStartIncluding"": ""9.3.3.0"", ""versionEndExcluding"": ""9.3.3.9""}, {""vendor"": ""motex"", ""product"": ""lanscope_endpoint_manager"", ""version"": ""*"", ""criteria"": ""cpe:2.3:a:motex:lanscope_endpoint_manager:*:*:*:*:on-premise:*:*:*"", ""vulnerable"": true, ""versionStartIncluding"": ""9.4.0.0"", ""versionEndExcluding"": ""9.4.0.5""}, {""vendor"": ""motex"", ""product"": ""lanscope_endpoint_manager"", ""version"": ""*"", ""criteria"": ""cpe:2.3:a:motex:lanscope_endpoint_manager:*:*:*:*:on-premise:*:*:*"", ""vulnerable"": true, ""versionStartIncluding"": ""9.4.1.0"", ""versionEndExcluding"": ""9.4.1.5""}, {""vendor"": ""motex"", ""product"": ""lanscope_endpoint_manager"", ""version"": ""*"", ""criteria"": ""cpe:2.3:a:motex:lanscope_endpoint_manager:*:*:*:*:on-premise:*:*:*"", ""vulnerable"": true, ""versionStartIncluding"": ""9.4.2.0"", ""versionEndExcluding"": ""9.4.2.6""}, {""vendor"": ""motex"", ""product"": ""lanscope_endpoint_manager"", ""version"": ""*"", ""criteria"": ""cpe:2.3:a:motex:lanscope_endpoint_manager:*:*:*:*:on-premise:*:*:*"", ""vulnerable"": true, ""versionStartIncluding"": ""9.4.3.0"", ""versionEndExcluding"": ""9.4.3.8""}, {""vendor"": ""motex"", ""product"": ""lanscope_endpoint_manager"", ""version"": ""*"", ""criteria"": ""cpe:2.3:a:motex:lanscope_endpoint_manager:*:*:*:*:on-premise:*:*:*"", ""vulnerable"": true, ""versionStartIncluding"": ""9.4.4.0"", ""versionEndExcluding"": ""9.4.4.6""}, {""vendor"": ""motex"", ""product"": ""lanscope_endpoint_manager"", ""version"": ""*"", ""criteria"": ""cpe:2.3:a:motex:lanscope_endpoint_manager:*:*:*:*:on-premise:*:*:*"", ""vulnerable"": true, ""versionStartIncluding"": ""9.4.5.0"", ""versionEndExcluding"": ""9.4.5.4""}, {""vendor"": ""motex"", ""product"": ""lanscope_endpoint_manager"", ""version"": ""*"", ""criteria"": ""cpe:2.3:a:motex:lanscope_endpoint_manager:*:*:*:*:on-premise:*:*:*"", ""vulnerable"": true, ""versionStartIncluding"": ""9.4.6.0"", ""versionEndExcluding"": ""9.4.6.3""}, {""vendor"": ""motex"", ""product"": ""lanscope_endpoint_manager"", ""version"": ""*"", ""criteria"": ""cpe:2.3:a:motex:lanscope_endpoint_manager:*:*:*:*:on-premise:*:*:*"", ""vulnerable"": true, ""versionStartIncluding"": ""9.4.7.0"", ""versionEndIncluding"": ""9.4.7.1""}]","[{""url"": ""https://jvn.jp/en/jp/JVN86318557/"", ""source"": ""vultures@jpcert.or.jp"", ""tags"": [""Third Party Advisory""]}, {""url"": ""https://www.motex.co.jp/news/notice/2025/release251020/"", ""source"": ""vultures@jpcert.or.jp"", ""tags"": [""Vendor Advisory""]}, {""url"": ""https://www.cisa.gov/known-exploited-vulnerabilities-catalog?field_cve=CVE-2025-61932"", ""source"": ""134c704f-9b21-4f2e-91b3-4a467353bcc0"", ""tags"": [""Third Party Advisory"", ""US Government Resource""]}]",True,"[""nvd"", ""cisa_kev""]",gold_evidence_removed,False
CVE-2025-61932-REMOVED-Q4,CVE-2025-61932,severity_reason,CVE-2025-61932의 위험도가 CRITICAL로 평가되는 이유는 무엇인가?,"Lanscope Endpoint Manager (On-Premises) (Client program (MR) and Detection agent (DA)) improperly verifies the origin of incoming requests, allowing an attacker to execute arbitrary code by sending specially crafted packets.",CRITICAL,9.8,NETWORK,LOW,NONE,NONE,"[""CWE-940""]","[{""vendor"": ""motex"", ""product"": ""lanscope_endpoint_manager"", ""version"": ""*"", ""criteria"": ""cpe:2.3:a:motex:lanscope_endpoint_manager:*:*:*:*:on-premise:*:*:*"", ""vulnerable"": true, ""versionEndExcluding"": ""9.3.2.7""}, {""vendor"": ""motex"", ""product"": ""lanscope_endpoint_manager"", ""version"": ""*"", ""criteria"": ""cpe:2.3:a:motex:lanscope_endpoint_manager:*:*:*:*:on-premise:*:*:*"", ""vulnerable"": true, ""versionStartIncluding"": ""9.3.3.0"", ""versionEndExcluding"": ""9.3.3.9""}, {""vendor"": ""motex"", ""product"": ""lanscope_endpoint_manager"", ""version"": ""*"", ""criteria"": ""cpe:2.3:a:motex:lanscope_endpoint_manager:*:*:*:*:on-premise:*:*:*"", ""vulnerable"": true, ""versionStartIncluding"": ""9.4.0.0"", ""versionEndExcluding"": ""9.4.0.5""}, {""vendor"": ""motex"", ""product"": ""lanscope_endpoint_manager"", ""version"": ""*"", ""criteria"": ""cpe:2.3:a:motex:lanscope_endpoint_manager:*:*:*:*:on-premise:*:*:*"", ""vulnerable"": true, ""versionStartIncluding"": ""9.4.1.0"", ""versionEndExcluding"": ""9.4.1.5""}, {""vendor"": ""motex"", ""product"": ""lanscope_endpoint_manager"", ""version"": ""*"", ""criteria"": ""cpe:2.3:a:motex:lanscope_endpoint_manager:*:*:*:*:on-premise:*:*:*"", ""vulnerable"": true, ""versionStartIncluding"": ""9.4.2.0"", ""versionEndExcluding"": ""9.4.2.6""}, {""vendor"": ""motex"", ""product"": ""lanscope_endpoint_manager"", ""version"": ""*"", ""criteria"": ""cpe:2.3:a:motex:lanscope_endpoint_manager:*:*:*:*:on-premise:*:*:*"", ""vulnerable"": true, ""versionStartIncluding"": ""9.4.3.0"", ""versionEndExcluding"": ""9.4.3.8""}, {""vendor"": ""motex"", ""product"": ""lanscope_endpoint_manager"", ""version"": ""*"", ""criteria"": ""cpe:2.3:a:motex:lanscope_endpoint_manager:*:*:*:*:on-premise:*:*:*"", ""vulnerable"": true, ""versionStartIncluding"": ""9.4.4.0"", ""versionEndExcluding"": ""9.4.4.6""}, {""vendor"": ""motex"", ""product"": ""lanscope_endpoint_manager"", ""version"": ""*"", ""criteria"": ""cpe:2.3:a:motex:lanscope_endpoint_manager:*:*:*:*:on-premise:*:*:*"", ""vulnerable"": true, ""versionStartIncluding"": ""9.4.5.0"", ""versionEndExcluding"": ""9.4.5.4""}, {""vendor"": ""motex"", ""product"": ""lanscope_endpoint_manager"", ""version"": ""*"", ""criteria"": ""cpe:2.3:a:motex:lanscope_endpoint_manager:*:*:*:*:on-premise:*:*:*"", ""vulnerable"": true, ""versionStartIncluding"": ""9.4.6.0"", ""versionEndExcluding"": ""9.4.6.3""}, {""vendor"": ""motex"", ""product"": ""lanscope_endpoint_manager"", ""version"": ""*"", ""criteria"": ""cpe:2.3:a:motex:lanscope_endpoint_manager:*:*:*:*:on-premise:*:*:*"", ""vulnerable"": true, ""versionStartIncluding"": ""9.4.7.0"", ""versionEndIncluding"": ""9.4.7.1""}]","[{""url"": ""https://jvn.jp/en/jp/JVN86318557/"", ""source"": ""vultures@jpcert.or.jp"", ""tags"": [""Third Party Advisory""]}, {""url"": ""https://www.motex.co.jp/news/notice/2025/release251020/"", ""source"": ""vultures@jpcert.or.jp"", ""tags"": [""Vendor Advisory""]}, {""url"": ""https://www.cisa.gov/known-exploited-vulnerabilities-catalog?field_cve=CVE-2025-61932"", ""source"": ""134c704f-9b21-4f2e-91b3-4a467353bcc0"", ""tags"": [""Third Party Advisory"", ""US Government Resource""]}]",True,"[""nvd"", ""cisa_kev""]",gold_evidence_removed,False
CVE-2025-61932-REMOVED-Q5,CVE-2025-61932,mitigation,CVE-2025-61932에 대한 대응 방법이나 완화 방안은 무엇인가?,"Lanscope Endpoint Manager (On-Premises) (Client program (MR) and Detection agent (DA)) improperly verifies the origin of incoming requests, allowing an attacker to execute arbitrary code by sending specially crafted packets.",CRITICAL,9.8,NETWORK,LOW,NONE,NONE,"[""CWE-940""]","[{""vendor"": ""motex"", ""product"": ""lanscope_endpoint_manager"", ""version"": ""*"", ""criteria"": ""cpe:2.3:a:motex:lanscope_endpoint_manager:*:*:*:*:on-premise:*:*:*"", ""vulnerable"": true, ""versionEndExcluding"": ""9.3.2.7""}, {""vendor"": ""motex"", ""product"": ""lanscope_endpoint_manager"", ""version"": ""*"", ""criteria"": ""cpe:2.3:a:motex:lanscope_endpoint_manager:*:*:*:*:on-premise:*:*:*"", ""vulnerable"": true, ""versionStartIncluding"": ""9.3.3.0"", ""versionEndExcluding"": ""9.3.3.9""}, {""vendor"": ""motex"", ""product"": ""lanscope_endpoint_manager"", ""version"": ""*"", ""criteria"": ""cpe:2.3:a:motex:lanscope_endpoint_manager:*:*:*:*:on-premise:*:*:*"", ""vulnerable"": true, ""versionStartIncluding"": ""9.4.0.0"", ""versionEndExcluding"": ""9.4.0.5""}, {""vendor"": ""motex"", ""product"": ""lanscope_endpoint_manager"", ""version"": ""*"", ""criteria"": ""cpe:2.3:a:motex:lanscope_endpoint_manager:*:*:*:*:on-premise:*:*:*"", ""vulnerable"": true, ""versionStartIncluding"": ""9.4.1.0"", ""versionEndExcluding"": ""9.4.1.5""}, {""vendor"": ""motex"", ""product"": ""lanscope_endpoint_manager"", ""version"": ""*"", ""criteria"": ""cpe:2.3:a:motex:lanscope_endpoint_manager:*:*:*:*:on-premise:*:*:*"", ""vulnerable"": true, ""versionStartIncluding"": ""9.4.2.0"", ""versionEndExcluding"": ""9.4.2.6""}, {""vendor"": ""motex"", ""product"": ""lanscope_endpoint_manager"", ""version"": ""*"", ""criteria"": ""cpe:2.3:a:motex:lanscope_endpoint_manager:*:*:*:*:on-premise:*:*:*"", ""vulnerable"": true, ""versionStartIncluding"": ""9.4.3.0"", ""versionEndExcluding"": ""9.4.3.8""}, {""vendor"": ""motex"", ""product"": ""lanscope_endpoint_manager"", ""version"": ""*"", ""criteria"": ""cpe:2.3:a:motex:lanscope_endpoint_manager:*:*:*:*:on-premise:*:*:*"", ""vulnerable"": true, ""versionStartIncluding"": ""9.4.4.0"", ""versionEndExcluding"": ""9.4.4.6""}, {""vendor"": ""motex"", ""product"": ""lanscope_endpoint_manager"", ""version"": ""*"", ""criteria"": ""cpe:2.3:a:motex:lanscope_endpoint_manager:*:*:*:*:on-premise:*:*:*"", ""vulnerable"": true, ""versionStartIncluding"": ""9.4.5.0"", ""versionEndExcluding"": ""9.4.5.4""}, {""vendor"": ""motex"", ""product"": ""lanscope_endpoint_manager"", ""version"": ""*"", ""criteria"": ""cpe:2.3:a:motex:lanscope_endpoint_manager:*:*:*:*:on-premise:*:*:*"", ""vulnerable"": true, ""versionStartIncluding"": ""9.4.6.0"", ""versionEndExcluding"": ""9.4.6.3""}, {""vendor"": ""motex"", ""product"": ""lanscope_endpoint_manager"", ""version"": ""*"", ""criteria"": ""cpe:2.3:a:motex:lanscope_endpoint_manager:*:*:*:*:on-premise:*:*:*"", ""vulnerable"": true, ""versionStartIncluding"": ""9.4.7.0"", ""versionEndIncluding"": ""9.4.7.1""}]","[{""url"": ""https://jvn.jp/en/jp/JVN86318557/"", ""source"": ""vultures@jpcert.or.jp"", ""tags"": [""Third Party Advisory""]}, {""url"": ""https://www.motex.co.jp/news/notice/2025/release251020/"", ""source"": ""vultures@jpcert.or.jp"", ""tags"": [""Vendor Advisory""]}, {""url"": ""https://www.cisa.gov/known-exploited-vulnerabilities-catalog?field_cve=CVE-2025-61932"", ""source"": ""134c704f-9b21-4f2e-91b3-4a467353bcc0"", ""tags"": [""Third Party Advisory"", ""US Government Resource""]}]",True,"[""nvd"", ""cisa_kev""]",gold_evidence_removed,False
